vaccine_id,state_id,date,total_doses,first_dose,second_dose,covaxin,covishield,sputnik_v,precaution_dose
1,1,2021-01-16,23,23,0,0,23,0,0
2,1,2021-01-17,23,23,0,0,23,0,0
3,1,2021-01-18,42,42,0,0,42,0,0
4,1,2021-01-19,89,89,0,0,89,0,0
5,1,2021-01-20,124,124,0,0,124,0,0
6,1,2021-01-21,239,239,0,0,239,0,0
7,1,2021-01-22,552,552,0,0,552,0,0
8,1,2021-01-23,920,920,0,0,920,0,0
9,1,2021-01-24,966,966,0,0,966,0,0
10,1,2021-01-25,1519,1519,0,0,1519,0,0
11,1,2021-01-26,1519,1519,0,0,1519,0,0
12,1,2021-01-27,1519,1519,0,0,1519,0,0
13,1,2021-01-28,1956,1956,0,0,1956,0,0
14,1,2021-01-29,2024,2024,0,0,2024,0,0
15,1,2021-01-30,2060,2060,0,0,2060,0,0
16,1,2021-01-31,2060,2060,0,0,2060,0,0
17,1,2021-02-01,2060,2060,0,0,2060,0,0
18,1,2021-02-02,2060,2060,0,0,2060,0,0
19,1,2021-02-03,2107,2107,0,0,2107,0,0
20,1,2021-02-04,2290,2290,0,0,2290,0,0
21,1,2021-02-05,2514,2514,0,0,2514,0,0
22,1,2021-02-06,2780,2780,0,0,2780,0,0
23,1,2021-02-07,2780,2780,0,0,2780,0,0
24,1,2021-02-08,2780,2780,0,0,2780,0,0
25,1,2021-02-09,2780,2780,0,0,2780,0,0
26,1,2021-02-10,2780,2780,0,0,2780,0,0
27,1,2021-02-11,2780,2780,0,0,2780,0,0
28,1,2021-02-12,2852,2852,0,0,2852,0,0
29,1,2021-02-13,3040,3040,0,0,3040,0,0
30,1,2021-02-14,3040,3040,0,0,3040,0,0
31,1,2021-02-15,3467,3363,104,0,3363,0,0
32,1,2021-02-16,3467,3363,104,0,3363,0,0
33,1,2021-02-17,3664,3560,104,0,3560,0,0
34,1,2021-02-18,3846,3505,341,0,3505,0,0
35,1,2021-02-19,4898,4246,652,0,4246,0,0
36,1,2021-02-20,5653,4707,946,0,4707,0,0
37,1,2021-02-21,5653,4707,946,0,4707,0,0
38,1,2021-02-22,6856,5358,1498,0,5358,0,0
39,1,2021-02-23,7058,5436,1622,0,5436,0,0
40,1,2021-02-24,7240,5518,1722,0,5518,0,0
41,1,2021-02-25,7763,5867,1896,0,5867,0,0
42,1,2021-02-26,7989,6029,1960,0,6029,0,0
43,1,2021-02-27,7989,6029,1960,0,6029,0,0
44,1,2021-02-28,7989,6029,1960,0,6029,0,0
45,1,2021-03-01,7989,6029,1960,0,6029,0,0
46,1,2021-03-02,8724,6638,2086,0,6638,0,0
47,1,2021-03-03,8837,6749,2088,0,6749,0,0
48,1,2021-03-04,9361,7266,2095,0,7266,0,0
49,1,2021-03-05,9897,7799,2098,0,7799,0,0
50,1,2021-03-06,10498,8288,2210,0,8288,0,0
51,1,2021-03-07,11101,8848,2253,0,8848,0,0
52,1,2021-03-08,12004,9629,2375,0,9629,0,0
53,1,2021-03-09,9932,7542,2390,0,9932,0,0
54,1,2021-03-10,10161,7735,2426,0,10161,0,0
55,1,2021-03-11,10704,8218,2486,0,10704,0,0
56,1,2021-03-12,11321,8735,2586,0,11321,0,0
57,1,2021-03-13,11638,8899,2739,0,11638,0,0
58,1,2021-03-14,11693,8926,2767,0,11693,0,0
59,1,2021-03-15,12045,9202,2843,0,12045,0,0
60,1,2021-03-16,14826,11950,2876,0,14826,0,0
61,1,2021-03-17,15489,12509,2980,0,15489,0,0
62,1,2021-03-18,16131,12948,3183,0,16131,0,0
63,1,2021-03-19,16612,13293,3319,0,16612,0,0
64,1,2021-03-20,17451,13852,3599,0,17451,0,0
65,1,2021-03-21,17478,13868,3610,0,17478,0,0
66,1,2021-03-22,18085,14327,3758,0,18085,0,0
67,1,2021-03-23,19121,15017,4104,0,19121,0,0
68,1,2021-03-24,19693,15247,4446,0,19693,0,0
69,1,2021-03-25,20318,15652,4666,0,20318,0,0
70,1,2021-03-26,20789,15933,4856,0,20789,0,0
71,1,2021-03-27,21356,16292,5064,0,21356,0,0
72,1,2021-03-28,21358,16293,5065,0,21358,0,0
73,1,2021-03-29,21357,16292,5065,0,21357,0,0
74,1,2021-03-30,21840,16701,5139,0,21840,0,0
75,1,2021-03-31,21938,16798,5140,0,21938,0,0
76,1,2021-04-01,22608,17435,5173,0,22608,0,0
77,1,2021-04-02,22738,17559,5179,0,22738,0,0
78,1,2021-04-03,23221,17998,5223,0,23221,0,0
79,1,2021-04-04,23901,18677,5224,0,23901,0,0
80,1,2021-04-05,24774,19499,5275,0,24774,0,0
81,1,2021-04-06,25766,20445,5321,0,25766,0,0
82,1,2021-04-07,27978,22631,5347,0,27978,0,0
83,1,2021-04-08,30766,25363,5403,0,30766,0,0
84,1,2021-04-09,33217,27698,5519,0,33217,0,0
85,1,2021-04-10,35433,29863,5570,0,35433,0,0
86,1,2021-04-11,37624,32012,5612,0,37624,0,0
87,1,2021-04-12,42285,36572,5713,0,42285,0,0
88,1,2021-04-13,48845,43013,5832,0,48845,0,0
89,1,2021-04-14,55595,49654,5941,0,55595,0,0
90,1,2021-04-15,60857,54778,6079,0,60857,0,0
91,1,2021-04-16,67662,61339,6323,0,67662,0,0
92,1,2021-04-17,74019,67451,6568,0,74019,0,0
93,1,2021-04-18,78153,71275,6878,0,78153,0,0
94,1,2021-04-19,83028,75675,7353,0,83028,0,0
95,1,2021-04-20,86910,78973,7937,0,86910,0,0
96,1,2021-04-21,89072,80901,8171,0,89072,0,0
97,1,2021-04-22,91833,83233,8600,0,91833,0,0
98,1,2021-04-23,94166,85201,8965,0,94166,0,0
99,1,2021-04-24,96093,86796,9297,0,96093,0,0
100,1,2021-04-25,97392,87865,9527,0,97392,0,0
101,1,2021-04-26,99109,89290,9819,0,99109,0,0
102,1,2021-04-27,100571,90454,10117,0,100571,0,0
103,1,2021-04-28,101770,91394,10376,0,101770,0,0
104,1,2021-04-29,102998,92417,10581,0,102998,0,0
105,1,2021-04-30,104374,93493,10881,0,104374,0,0
106,1,2021-05-01,105090,94002,11088,0,105090,0,0
107,1,2021-05-02,105285,94125,11160,0,105285,0,0
108,1,2021-05-03,106250,94633,11617,0,106250,0,0
109,1,2021-05-04,107018,95064,11954,0,107018,0,0
110,1,2021-05-05,107955,95500,12455,0,107955,0,0
111,1,2021-05-06,109060,96229,12831,0,109060,0,0
112,1,2021-05-07,110161,96970,13191,0,110161,0,0
113,1,2021-05-08,111168,97639,13529,0,111168,0,0
114,1,2021-05-09,111285,97748,13537,0,111285,0,0
115,1,2021-05-10,112403,98439,13964,0,112403,0,0
116,1,2021-05-11,113019,98845,14174,0,113019,0,0
117,1,2021-05-12,113622,99218,14404,0,113622,0,0
118,1,2021-05-13,114400,99602,14798,0,114400,0,0
119,1,2021-05-14,114498,99690,14808,0,114498,0,0
120,1,2021-05-15,115188,100058,15130,0,115188,0,0
121,1,2021-05-16,115188,100058,15130,0,115188,0,0
122,1,2021-05-17,115627,100492,15135,0,115627,0,0
123,1,2021-05-18,115911,100773,15138,0,115911,0,0
124,1,2021-05-19,116427,101277,15150,0,116427,0,0
125,1,2021-05-20,117180,102027,15153,0,117180,0,0
126,1,2021-05-21,117950,102795,15155,0,117950,0,0
127,1,2021-05-22,118761,103605,15156,0,118761,0,0
128,1,2021-05-23,119144,103988,15156,0,119144,0,0
129,1,2021-05-24,119595,104439,15156,0,119595,0,0
130,1,2021-05-25,120282,105124,15158,0,120282,0,0
131,1,2021-05-26,121091,105933,15158,0,121091,0,0
132,1,2021-05-27,121709,106548,15161,0,121709,0,0
133,1,2021-05-28,122466,107304,15162,0,122466,0,0
134,1,2021-05-29,123483,108317,15166,0,123483,0,0
135,1,2021-05-30,123725,108559,15166,0,123725,0,0
136,1,2021-05-31,124268,109087,15181,0,124268,0,0
137,1,2021-06-01,125007,109821,15186,0,125007,0,0
138,1,2021-06-02,125514,110323,15191,0,125514,0,0
139,1,2021-06-03,126200,111001,15199,0,126200,0,0
140,1,2021-06-04,126713,111506,15207,0,126713,0,0
141,1,2021-06-05,127194,111971,15223,0,127194,0,0
142,1,2021-06-06,127202,111979,15223,0,127202,0,0
143,1,2021-06-07,127759,112507,15252,0,127759,0,0
144,1,2021-06-08,128195,112917,15278,0,128195,0,0
145,1,2021-06-09,128498,113207,15291,0,128498,0,0
146,1,2021-06-10,129402,114098,15304,0,129402,0,0
147,1,2021-06-11,130173,114850,15323,0,130173,0,0
148,1,2021-06-12,131060,115708,15352,0,131060,0,0
149,1,2021-06-13,131063,115711,15352,0,131063,0,0
150,1,2021-06-14,132004,116632,15372,0,132004,0,0
151,1,2021-06-15,132939,117545,15394,0,132939,0,0
152,1,2021-06-16,133931,118511,15420,0,133931,0,0
153,1,2021-06-17,134897,119448,15449,0,134897,0,0
154,1,2021-06-18,135850,120382,15468,0,135850,0,0
155,1,2021-06-19,136707,121201,15506,0,136707,0,0
156,1,2021-06-20,136708,121202,15506,0,136708,0,0
157,1,2021-06-21,137495,121964,15531,0,137495,0,0
158,1,2021-06-22,140296,124729,15567,0,140296,0,0
159,1,2021-06-23,144234,128630,15604,0,144234,0,0
160,1,2021-06-24,149318,133533,15785,0,149318,0,0
161,1,2021-06-25,154100,138254,15846,0,154100,0,0
162,1,2021-06-26,159630,143329,16301,0,159630,0,0
163,1,2021-06-27,161325,145019,16306,0,161325,0,0
164,1,2021-06-28,165921,148486,17435,0,165921,0,0
165,1,2021-06-29,171590,153048,18542,0,171590,0,0
166,1,2021-06-30,176293,156470,19823,0,176293,0,0
167,1,2021-07-01,178502,157304,21198,0,178502,0,0
168,1,2021-07-02,181221,158335,22886,0,181221,0,0
169,1,2021-07-03,184103,159330,24773,0,184103,0,0
170,1,2021-07-04,184515,159342,25173,0,184515,0,0
171,1,2021-07-05,189428,160292,29136,0,189428,0,0
172,1,2021-07-06,196475,161400,35075,0,196475,0,0
173,1,2021-07-07,202865,162373,40492,0,202865,0,0
174,1,2021-07-08,208594,163284,45310,0,208594,0,0
175,1,2021-07-09,215725,164079,51646,0,215725,0,0
176,1,2021-07-10,222583,166096,56487,0,222583,0,0
177,1,2021-07-11,223059,166343,56716,0,223059,0,0
178,1,2021-07-12,230450,168328,62122,0,230450,0,0
179,1,2021-07-13,236645,170392,66253,0,236645,0,0
180,1,2021-07-14,246669,177013,69656,0,246669,0,0
181,1,2021-07-15,251147,178771,72376,0,251147,0,0
182,1,2021-07-16,254814,179879,74935,0,254814,0,0
183,1,2021-07-17,257871,180673,77198,0,257871,0,0
184,1,2021-07-18,258110,180805,77305,0,258110,0,0
185,1,2021-07-19,261259,181725,79534,0,261259,0,0
186,1,2021-07-20,265699,184157,81542,0,265699,0,0
187,1,2021-07-21,265754,184160,81594,0,265754,0,0
188,1,2021-07-22,270664,187006,83658,0,270664,0,0
189,1,2021-07-23,275377,190151,85226,0,275377,0,0
190,1,2021-07-24,279195,192718,86477,0,279195,0,0
191,1,2021-07-25,279839,193281,86558,0,279839,0,0
192,1,2021-07-26,282966,195082,87884,0,282966,0,0
193,1,2021-07-27,286856,197991,88865,0,286856,0,0
194,1,2021-07-28,290801,201244,89557,0,290801,0,0
195,1,2021-07-29,294198,203975,90223,0,294198,0,0
196,1,2021-07-30,296896,206031,90865,0,296896,0,0
197,1,2021-07-31,298969,207419,91550,0,298969,0,0
198,1,2021-08-01,301367,209737,91630,0,301367,0,0
199,1,2021-08-02,302726,210578,92148,0,302726,0,0
200,1,2021-08-03,304142,211561,92581,0,304142,0,0
201,1,2021-08-04,305729,212571,93158,0,305729,0,0
202,1,2021-08-05,307014,213457,93557,0,307014,0,0
203,1,2021-08-06,308177,214333,93844,0,308177,0,0
204,1,2021-08-07,309270,215021,94249,0,309270,0,0
205,1,2021-08-08,309349,215077,94272,0,309349,0,0
206,1,2021-08-09,310643,216046,94597,0,310643,0,0
207,2,2021-01-16,4216,4216,0,0,4216,0,0
208,2,2021-01-17,9251,9251,0,0,9251,0,0
209,2,2021-01-18,12234,12234,0,0,12234,0,0
210,2,2021-01-19,25539,25539,0,0,25539,0,0
211,2,2021-01-20,35901,35901,0,135,35766,0,0
212,2,2021-01-21,45040,45040,0,395,44645,0,0
213,2,2021-01-22,55697,55697,0,573,55124,0,0
214,2,2021-01-23,70380,70380,0,947,69433,0,0
215,2,2021-01-24,74221,74221,0,1087,73134,0,0
216,2,2021-01-25,89879,89879,0,1984,87895,0,0
217,2,2021-01-26,90616,90616,0,1995,88621,0,0
218,2,2021-01-27,107999,107999,0,3166,104833,0,0
219,2,2021-01-28,117543,117543,0,4631,112912,0,0
220,2,2021-01-29,124647,124647,0,5812,118835,0,0
221,2,2021-01-30,133571,133571,0,7925,125646,0,0
222,2,2021-01-31,133623,133623,0,7925,125698,0,0
223,2,2021-02-01,133642,133642,0,7925,125717,0,0
224,2,2021-02-02,133646,133646,0,7925,125721,0,0
225,2,2021-02-03,161302,161302,0,10893,150409,0,0
226,2,2021-02-04,188704,188704,0,13959,174745,0,0
227,2,2021-02-05,218899,218899,0,17464,201435,0,0
228,2,2021-02-06,245938,245938,0,20484,225454,0,0
229,2,2021-02-07,249205,249205,0,20627,228578,0,0
230,2,2021-02-08,263588,263588,0,23315,240273,0,0
231,2,2021-02-09,275654,275654,0,26245,249409,0,0
232,2,2021-02-10,286401,286401,0,29230,257171,0,0
233,2,2021-02-11,294574,294574,0,31656,262918,0,0
234,2,2021-02-12,303031,303031,0,33536,269495,0,0
235,2,2021-02-13,319740,313507,6233,34633,278874,0,0
236,2,2021-02-14,319743,313509,6234,34634,278875,0,0
237,2,2021-02-15,345830,329041,16789,35388,293653,0,0
238,2,2021-02-16,370880,344146,26734,36414,307732,0,0
239,2,2021-02-17,402851,364844,38007,37477,327367,0,0
240,2,2021-02-18,414038,359785,54253,38015,321770,0,0
241,2,2021-02-19,476505,403279,73226,39850,363429,0,0
242,2,2021-02-20,501288,413818,87470,41060,372758,0,0
243,2,2021-02-21,509044,418634,90410,41740,376894,0,0
244,2,2021-02-22,534507,431789,102718,43806,387983,0,0
245,2,2021-02-23,559483,448490,110993,47078,401412,0,0
246,2,2021-02-24,596327,476866,119461,53659,423207,0,0
247,2,2021-02-25,639187,510185,129002,60574,449611,0,0
248,2,2021-02-26,673767,535955,137812,65196,470759,0,0
249,2,2021-02-27,673767,535955,137812,65196,470759,0,0
250,2,2021-02-28,673767,535955,137812,65196,470759,0,0
251,2,2021-03-01,673767,535955,137812,65196,470759,0,0
252,2,2021-03-02,702035,559569,142466,67418,492151,0,0
253,2,2021-03-03,724119,577662,146457,69578,508084,0,0
254,2,2021-03-04,749445,596324,153121,71701,524623,0,0
255,2,2021-03-05,785259,620332,164927,74476,545856,0,0
256,2,2021-03-06,836177,653058,183119,78593,574465,0,0
257,2,2021-03-07,836337,653146,183191,78617,574529,0,0
258,2,2021-03-08,886175,688936,197239,82883,606053,0,0
259,2,2021-03-09,740389,530098,210291,89539,650809,0,0
260,2,2021-03-10,781210,561939,219271,94900,686269,0,0
261,2,2021-03-11,789453,568693,220760,96712,692699,0,0
262,2,2021-03-12,837831,606440,231391,103913,733876,0,0
263,2,2021-03-13,881112,643857,237255,110778,770292,0,0
264,2,2021-03-14,881921,644610,237311,110902,770977,0,0
265,2,2021-03-15,955901,708969,246932,122599,833260,0,0
266,2,2021-03-16,1234075,976078,257997,145251,1088824,0,0
267,2,2021-03-17,1380960,1112607,268353,170164,1210796,0,0
268,2,2021-03-18,1472043,1194255,277788,186695,1285348,0,0
269,2,2021-03-19,1569131,1280956,288175,202942,1366189,0,0
270,2,2021-03-20,1681001,1381802,299199,223400,1457601,0,0
271,2,2021-03-21,1689691,1389085,300606,226239,1463452,0,0
272,2,2021-03-22,1803338,1494286,309052,244907,1558431,0,0
273,2,2021-03-23,1939162,1617797,321365,270231,1668931,0,0
274,2,2021-03-24,2062333,1729748,332585,295142,1767191,0,0
275,2,2021-03-25,2211652,1864559,347093,325173,1886479,0,0
276,2,2021-03-26,2320613,1960827,359786,349550,1971063,0,0
277,2,2021-03-27,2451110,2078246,372864,377544,2073566,0,0
278,2,2021-03-28,2461015,2086565,374450,378976,2082039,0,0
279,2,2021-03-29,2527121,2149525,377596,397004,2130117,0,0
280,2,2021-03-30,2621769,2234331,387438,419605,2202164,0,0
281,2,2021-03-31,2725169,2328018,397151,448242,2276927,0,0
282,2,2021-04-01,2825721,2421043,404678,481315,2344406,0,0
283,2,2021-04-02,2898547,2487480,411067,505786,2392761,0,0
284,2,2021-04-03,2986837,2566814,420023,530038,2456799,0,0
285,2,2021-04-04,3047568,2621707,425861,546389,2501179,0,0
286,2,2021-04-05,3142814,2706804,436010,567792,2575022,0,0
287,2,2021-04-06,3207917,2764322,443595,584072,2623845,0,0
288,2,2021-04-07,3352010,2890332,461678,619956,2732054,0,0
289,2,2021-04-08,3496367,3020007,476360,652047,2844320,0,0
290,2,2021-04-09,3571106,3081066,490040,665935,2905171,0,0
291,2,2021-04-10,3803237,3281351,521886,688816,3114421,0,0
292,2,2021-04-11,3892459,3362926,529533,716938,3175521,0,0
293,2,2021-04-12,3913669,3380423,533246,728993,3184676,0,0
294,2,2021-04-13,3918519,3383754,534765,729750,3188769,0,0
295,2,2021-04-14,4558756,3973533,585223,925165,3633591,0,0
296,2,2021-04-15,4597442,4003901,593541,939760,3657682,0,0
297,2,2021-04-16,4603722,4007469,596253,942285,3661437,0,0
298,2,2021-04-17,4607860,4009940,597920,944014,3663846,0,0
299,2,2021-04-18,4613016,4013140,599876,944220,3668796,0,0
300,2,2021-04-19,4756582,4140526,616056,947164,3809418,0,0
301,2,2021-04-20,4927355,4234572,692783,966614,3960741,0,0
302,2,2021-04-21,4968449,4257182,711267,974969,3993480,0,0
303,2,2021-04-22,5327886,4337021,990865,1012178,4315708,0,0
304,2,2021-04-23,5554779,4464620,1090159,1028859,4525920,0,0
305,2,2021-04-24,5669867,4543318,1126549,1035362,4634505,0,0
306,2,2021-04-25,5678642,4547972,1130670,1035700,4642942,0,0
307,2,2021-04-26,5986083,4761686,1224397,1038678,4947405,0,0
308,2,2021-04-27,6177693,4904030,1273663,1041050,5136643,0,0
309,2,2021-04-28,6281949,4955046,1326903,1088044,5193905,0,0
310,2,2021-04-29,6353841,4988411,1365430,1129406,5224435,0,0
311,2,2021-04-30,6579034,5112011,1467023,1142028,5437006,0,0
312,2,2021-05-01,6694297,5174960,1519337,1149672,5544625,0,0
313,2,2021-05-02,6696325,5176393,1519932,1149985,5546340,0,0
314,2,2021-05-03,6732767,5195851,1536916,1155229,5577538,0,0
315,2,2021-05-04,6748028,5204180,1543848,1157926,5590102,0,0
316,2,2021-05-05,6947225,5273196,1674029,1158649,5788576,0,0
317,2,2021-05-06,7140106,5345545,1794561,1159531,5980575,0,0
318,2,2021-05-07,7255219,5393064,1862155,1167687,6087532,0,0
319,2,2021-05-08,7410800,5436592,1974208,1218670,6192130,0,0
320,2,2021-05-09,7425692,5443382,1982310,1226065,6199627,0,0
321,2,2021-05-10,7427778,5443951,1983827,1227720,6200058,0,0
322,2,2021-05-11,7463899,5450913,2012986,1231872,6232027,0,0
323,2,2021-05-12,7504394,5459958,2044436,1243390,6261004,0,0
324,2,2021-05-13,7551945,5470083,2081862,1249384,6302561,0,0
325,2,2021-05-14,7570886,5474544,2096342,1254311,6316575,0,0
326,2,2021-05-15,7651927,5484714,2167213,1325533,6326394,0,0
327,2,2021-05-16,7664356,5487757,2176599,1337057,6327299,0,0
328,2,2021-05-17,7731254,5504954,2226300,1396931,6334323,0,0
329,2,2021-05-18,7799705,5518465,2281240,1459794,6339911,0,0
330,2,2021-05-19,7835404,5529872,2305532,1490064,6345340,0,0
331,2,2021-05-20,7858242,5540108,2318134,1507305,6350937,0,0
332,2,2021-05-21,7893522,5553124,2340398,1535768,6357725,29,0
333,2,2021-05-22,7912356,5564360,2347996,1545271,6367023,62,0
334,2,2021-05-23,7916347,5565702,2350645,1548415,6367870,62,0
335,2,2021-05-24,8024687,5657964,2366723,1567091,6457526,70,0
336,2,2021-05-25,8166313,5791183,2375130,1579033,6587190,90,0
337,2,2021-05-26,8461498,6077585,2383913,1590535,6870841,122,0
338,2,2021-05-27,9041673,6646298,2395375,1602670,7438870,133,0
339,2,2021-05-28,9489396,7076650,2412746,1621548,7867704,144,0
340,2,2021-05-29,9756270,7274735,2481535,1703809,8052292,169,0
341,2,2021-05-30,9772924,7288465,2484459,1709033,8063722,169,0
342,2,2021-05-31,9868747,7356423,2512324,1747453,8121064,230,0
343,2,2021-06-01,10083415,7553586,2529829,1780292,8302843,280,0
344,2,2021-06-02,10243842,7696078,2547764,1875260,8368274,308,0
345,2,2021-06-03,10341301,7786969,2554332,1904457,8436346,498,0
346,2,2021-06-04,10708410,8141170,2567240,1925318,8782234,858,0
347,2,2021-06-05,10803822,8231348,2572474,1946325,8856083,1414,0
348,2,2021-06-06,10869971,8293652,2576319,1962928,8905629,1414,0
349,2,2021-06-07,11013621,8429887,2583734,2027977,8983724,1920,0
350,2,2021-06-08,11059995,8472406,2587589,2048032,9009451,2512,0
351,2,2021-06-09,11234803,8637923,2596880,2056250,9175289,3264,0
352,2,2021-06-10,11496440,8891341,2605099,2059722,9432881,3837,0
353,2,2021-06-11,11696369,9085932,2610437,2066460,9626017,3892,0
354,2,2021-06-12,11877129,9257127,2620002,2070695,9802056,4378,0
355,2,2021-06-13,11958631,9335665,2622966,2106717,9847536,4378,0
356,2,2021-06-14,12319387,9683451,2635936,2182013,10132783,4591,0
357,2,2021-06-15,12406367,9765707,2640660,2202178,10199373,4816,0
358,2,2021-06-16,12439899,9795862,2644037,2211640,10223252,5007,0
359,2,2021-06-17,12462701,9817124,2645577,2217933,10239256,5512,0
360,2,2021-06-18,12487466,9838546,2648920,2225556,10256380,5530,0
361,2,2021-06-19,12503233,9850955,2652278,2233171,10264507,5555,0
362,2,2021-06-20,13940560,11201229,2739331,2263984,11671021,5555,0
363,2,2021-06-21,14011163,11265333,2745830,2272590,11732994,5579,0
364,2,2021-06-22,14058162,11306134,2752028,2283021,11769342,5799,0
365,2,2021-06-23,14091954,11331864,2760090,2295497,11790373,6084,0
366,2,2021-06-24,14404310,11586263,2818047,2329622,12068278,6410,0
367,2,2021-06-25,14525647,11681453,2844194,2348492,12170245,6910,0
368,2,2021-06-26,14827546,11920947,2906599,2360798,12458694,8054,0
369,2,2021-06-27,14868799,11958632,2910167,2363290,12497455,8054,0
370,2,2021-06-28,15094679,12120023,2974656,2372589,12713087,9003,0
371,2,2021-06-29,15389049,12346836,3042213,2392509,12986450,10090,0
372,2,2021-06-30,15703354,12587352,3116002,2511828,13179682,11844,0
373,2,2021-07-01,15985323,12805075,3180248,2558873,13413668,12782,0
374,2,2021-07-02,16331596,13098513,3233083,2597212,13721089,13295,0
375,2,2021-07-03,16441282,13172868,3268414,2629715,13797338,14229,0
376,2,2021-07-04,16459822,13188358,3271464,2641650,13803886,14286,0
377,2,2021-07-05,16582123,13264570,3317553,2733739,13832995,15389,0
378,2,2021-07-06,16633924,13298596,3335328,2771300,13846543,16081,0
379,2,2021-07-07,16676789,13322285,3354504,2791299,13868759,16731,0
380,2,2021-07-08,16715911,13347419,3368492,2814587,13882291,19033,0
381,2,2021-07-09,16752650,13372990,3379660,2841589,13890216,20845,0
382,2,2021-07-10,16945717,13472620,3473097,2859090,14064529,22098,0
383,2,2021-07-11,17054306,13530165,3524141,2862244,14169951,22111,0
384,2,2021-07-12,17357400,13680228,3677172,2874587,14459530,23283,0
385,2,2021-07-13,17589477,13817568,3771909,2882909,14682543,24025,0
386,2,2021-07-14,18040090,14191112,3848978,2910973,15104391,24726,0
387,2,2021-07-15,18130140,14242409,3887731,2917718,15185783,26639,0
388,2,2021-07-16,18391785,14395270,3996515,2922862,15440430,28493,0
389,2,2021-07-17,18625728,14507747,4117981,2930765,15664487,30476,0
390,2,2021-07-18,18649051,14513706,4135345,2933756,15684647,30648,0
391,2,2021-07-19,18797967,14559126,4238841,2950045,15816136,31786,0
392,2,2021-07-20,19036238,14668281,4367957,2985593,16018000,32645,0
393,2,2021-07-21,19154817,14739379,4415438,2995978,16125111,33728,0
394,2,2021-07-22,19324817,14818721,4506096,3033199,16257222,34396,0
395,2,2021-07-23,19473515,14871831,4601684,3090009,16348427,35079,0
396,2,2021-07-24,19565589,14910329,4655260,3122068,16407455,36066,0
397,2,2021-07-25,19570886,14913421,4657465,3124806,16409878,36202,0
398,2,2021-07-26,20753512,15733829,5019683,3161871,17554815,36826,0
399,2,2021-07-27,20928087,15829320,5098767,3176001,17714678,37408,0
400,2,2021-07-28,21025625,15860970,5164655,3205469,17782235,37921,0
401,2,2021-07-29,21173255,15906265,5266990,3237154,17897672,38429,0
402,2,2021-07-30,21414613,15950840,5463773,3291266,18082827,40520,0
403,2,2021-07-31,21669393,16096801,5572592,3340776,18286201,42416,0
404,2,2021-08-01,21887210,16301072,5586138,3383819,18460786,42605,0
405,2,2021-08-02,22298933,16567700,5731233,3435556,18819489,43888,0
406,2,2021-08-03,22476139,16676151,5799988,3476686,18954688,44765,0
407,2,2021-08-04,22650260,16786246,5864014,3556694,19048375,45191,0
408,2,2021-08-05,22822334,16889200,5933134,3623768,19152235,46331,0
409,2,2021-08-06,23390303,17319552,6070751,3684179,19658229,47895,0
410,2,2021-08-07,23617219,17477123,6140096,3727191,19840682,49346,0
411,2,2021-08-08,23699006,17531461,6167545,3747175,19902415,49416,0
412,2,2021-08-09,23842895,17628583,6214312,3804590,19988469,49836,0
413,3,2021-01-16,81,81,0,0,81,0,0
414,3,2021-01-17,178,178,0,0,178,0,0
415,3,2021-01-18,560,560,0,0,560,0,0
416,3,2021-01-19,574,574,0,0,574,0,0
417,3,2021-01-20,601,601,0,0,601,0,0
418,3,2021-01-21,1154,1154,0,0,1154,0,0
419,3,2021-01-22,1818,1818,0,0,1818,0,0
420,3,2021-01-23,2446,2446,0,0,2446,0,0
421,3,2021-01-24,2529,2529,0,0,2529,0,0
422,3,2021-01-25,3442,3442,0,0,3442,0,0
423,3,2021-01-26,3462,3462,0,0,3462,0,0
424,3,2021-01-27,3998,3998,0,0,3998,0,0
425,3,2021-01-28,5470,5470,0,0,5470,0,0
426,3,2021-01-29,6106,6106,0,0,6106,0,0
427,3,2021-01-30,6491,6491,0,0,6491,0,0
428,3,2021-01-31,6525,6525,0,0,6525,0,0
429,3,2021-02-01,6668,6668,0,0,6668,0,0
430,3,2021-02-02,6668,6668,0,0,6668,0,0
431,3,2021-02-03,6758,6758,0,0,6758,0,0
432,3,2021-02-04,7785,7785,0,0,7785,0,0
433,3,2021-02-05,8745,8745,0,0,8745,0,0
434,3,2021-02-06,9288,9288,0,0,9288,0,0
435,3,2021-02-07,9292,9292,0,0,9292,0,0
436,3,2021-02-08,10438,10438,0,6,10432,0,0
437,3,2021-02-09,10465,10465,0,28,10437,0,0
438,3,2021-02-10,10529,10529,0,28,10501,0,0
439,3,2021-02-11,11372,11372,0,28,11344,0,0
440,3,2021-02-12,12173,12173,0,28,12145,0,0
441,3,2021-02-13,13707,13251,456,28,13223,0,0
442,3,2021-02-14,13730,13274,456,28,13246,0,0
443,3,2021-02-15,17018,15434,1584,28,15406,0,0
444,3,2021-02-16,17130,15546,1584,30,15516,0,0
445,3,2021-02-17,17136,15552,1584,30,15522,0,0
446,3,2021-02-18,20421,17389,3032,34,17355,0,0
447,3,2021-02-19,23982,19872,4110,35,19837,0,0
448,3,2021-02-20,24238,20018,4220,54,19964,0,0
449,3,2021-02-21,24238,20018,4220,54,19964,0,0
450,3,2021-02-22,26904,21550,5354,71,21479,0,0
451,3,2021-02-23,28444,22757,5687,73,22684,0,0
452,3,2021-02-24,28468,22781,5687,73,22708,0,0
453,3,2021-02-25,31209,24649,6560,73,24576,0,0
454,3,2021-02-26,32865,25903,6962,76,25827,0,0
455,3,2021-02-27,32865,25903,6962,76,25827,0,0
456,3,2021-02-28,32865,25903,6962,76,25827,0,0
457,3,2021-03-01,32865,25903,6962,76,25827,0,0
458,3,2021-03-02,37490,29841,7649,80,29761,0,0
459,3,2021-03-03,37937,30253,7684,86,30167,0,0
460,3,2021-03-04,41398,33136,8262,111,33025,0,0
461,3,2021-03-05,44881,35734,9147,116,35618,0,0
462,3,2021-03-06,46901,37249,9652,125,37124,0,0
463,3,2021-03-07,46960,37299,9661,128,37171,0,0
464,3,2021-03-08,49950,39451,10499,141,39310,0,0
465,3,2021-03-09,41504,30634,10870,0,41501,0,0
466,3,2021-03-10,41675,30769,10906,0,41672,0,0
467,3,2021-03-11,44509,32947,11562,0,44506,0,0
468,3,2021-03-12,46763,34659,12104,0,46760,0,0
469,3,2021-03-13,48143,35595,12548,0,48140,0,0
470,3,2021-03-14,48215,35654,12561,0,48212,0,0
471,3,2021-03-15,51378,38085,13293,0,51375,0,0
472,3,2021-03-16,63404,49653,13751,0,63404,0,0
473,3,2021-03-17,63870,50078,13792,0,63870,0,0
474,3,2021-03-18,67242,52511,14731,0,67242,0,0
475,3,2021-03-19,69729,54173,15556,0,69729,0,0
476,3,2021-03-20,71994,55919,16075,0,71994,0,0
477,3,2021-03-21,72176,56082,16094,0,72176,0,0
478,3,2021-03-22,75417,58541,16876,0,75417,0,0
479,3,2021-03-23,77761,60221,17540,0,77761,0,0
480,3,2021-03-24,77826,60269,17557,0,77826,0,0
481,3,2021-03-25,81124,62868,18256,0,81124,0,0
482,3,2021-03-26,84011,64976,19035,0,84011,0,0
483,3,2021-03-27,86161,66980,19181,0,86161,0,0
484,3,2021-03-28,86274,67041,19233,0,86274,0,0
485,3,2021-03-29,86714,67464,19250,0,86714,0,0
486,3,2021-03-30,88645,68649,19996,0,88645,0,0
487,3,2021-03-31,88794,68791,20003,0,88794,0,0
488,3,2021-04-01,94722,73266,21456,0,94722,0,0
489,3,2021-04-02,96882,75047,21835,0,96882,0,0
490,3,2021-04-03,100734,78114,22620,0,100734,0,0
491,3,2021-04-04,102608,79783,22825,0,102608,0,0
492,3,2021-04-05,106688,82757,23931,0,106688,0,0
493,3,2021-04-06,109164,84581,24583,0,109164,0,0
494,3,2021-04-07,113682,88000,25682,0,113682,0,0
495,3,2021-04-08,120397,93106,27291,0,120397,0,0
496,3,2021-04-09,126463,97939,28524,0,126463,0,0
497,3,2021-04-10,131302,101756,29546,0,131302,0,0
498,3,2021-04-11,134976,104975,30001,0,134976,0,0
499,3,2021-04-12,144137,112551,31586,0,144137,0,0
500,3,2021-04-13,151848,118825,33023,0,151848,0,0
501,3,2021-04-14,158012,124312,33700,0,158012,0,0
502,3,2021-04-15,161160,126950,34210,0,161160,0,0
503,3,2021-04-16,166632,130812,35820,0,166632,0,0
504,3,2021-04-17,170756,133947,36809,0,170756,0,0
505,3,2021-04-18,172614,135342,37272,0,172614,0,0
506,3,2021-04-19,180287,140794,39493,0,180287,0,0
507,3,2021-04-20,186002,145098,40904,0,186002,0,0
508,3,2021-04-21,190466,148680,41786,0,190466,0,0
509,3,2021-04-22,197443,153966,43477,0,197443,0,0
510,3,2021-04-23,204501,159167,45334,0,204501,0,0
511,3,2021-04-24,209180,162665,46515,0,209180,0,0
512,3,2021-04-25,210335,163535,46800,0,210335,0,0
513,3,2021-04-26,216717,168174,48543,0,216717,0,0
514,3,2021-04-27,222085,172178,49907,0,222085,0,0
515,3,2021-04-28,227853,176888,50965,0,227853,0,0
516,3,2021-04-29,234677,182123,52554,0,234677,0,0
517,3,2021-04-30,241423,187103,54320,0,241423,0,0
518,3,2021-05-01,245524,189910,55614,0,245524,0,0
519,3,2021-05-02,246580,190514,56066,0,246580,0,0
520,3,2021-05-03,252527,193841,58686,0,252527,0,0
521,3,2021-05-04,256929,196476,60453,0,256929,0,0
522,3,2021-05-05,261968,199517,62451,0,261968,0,0
523,3,2021-05-06,267741,202965,64776,0,267741,0,0
524,3,2021-05-07,273182,205709,67473,0,273182,0,0
525,3,2021-05-08,277640,207746,69894,0,277640,0,0
526,3,2021-05-09,278983,208414,70569,0,278983,0,0
527,3,2021-05-10,285021,210862,74159,0,285021,0,0
528,3,2021-05-11,288821,212600,76221,0,288821,0,0
529,3,2021-05-12,290786,214210,76576,0,290786,0,0
530,3,2021-05-13,293469,216168,77301,0,293469,0,0
531,3,2021-05-14,295034,217389,77645,0,295034,0,0
532,3,2021-05-15,296640,218759,77881,0,296640,0,0
533,3,2021-05-16,297055,219171,77884,0,297055,0,0
534,3,2021-05-17,302578,224664,77914,0,302578,0,0
535,3,2021-05-18,308245,230286,77959,0,308245,0,0
536,3,2021-05-19,313429,235462,77967,0,313429,0,0
537,3,2021-05-20,318150,240168,77982,0,318150,0,0
538,3,2021-05-21,321367,243375,77992,0,321367,0,0
539,3,2021-05-22,323227,245155,78072,0,323227,0,0
540,3,2021-05-23,324050,245978,78072,0,324050,0,0
541,3,2021-05-24,327082,248988,78094,0,327082,0,0
542,3,2021-05-25,328603,250439,78164,0,328603,0,0
543,3,2021-05-26,329432,251257,78175,0,329432,0,0
544,3,2021-05-27,330440,252251,78189,0,330440,0,0
545,3,2021-05-28,331507,253299,78208,0,331507,0,0
546,3,2021-05-29,332717,254447,78270,0,332717,0,0
547,3,2021-05-30,333067,254795,78272,0,333067,0,0
548,3,2021-05-31,334007,255678,78329,0,334007,0,0
549,3,2021-06-01,336634,258237,78397,0,336634,0,0
550,3,2021-06-02,343311,264847,78464,0,343311,0,0
551,3,2021-06-03,351449,272908,78541,0,351449,0,0
552,3,2021-06-04,362909,284334,78575,0,362909,0,0
553,3,2021-06-05,372776,294176,78600,0,372776,0,0
554,3,2021-06-06,376761,298148,78613,0,376761,0,0
555,3,2021-06-07,384701,306022,78679,0,384701,0,0
556,3,2021-06-08,390012,311287,78725,0,390012,0,0
557,3,2021-06-09,395757,316960,78797,0,395757,0,0
558,3,2021-06-10,400648,321736,78912,0,400648,0,0
559,3,2021-06-11,405483,326492,78991,0,405483,0,0
560,3,2021-06-12,410393,331364,79029,0,410393,0,0
561,3,2021-06-13,414648,335606,79042,0,414648,0,0
562,3,2021-06-14,420935,341823,79112,0,420935,0,0
563,3,2021-06-15,426293,347059,79234,0,426293,0,0
564,3,2021-06-16,438804,359462,79342,0,438804,0,0
565,3,2021-06-17,453458,374023,79435,0,453458,0,0
566,3,2021-06-18,468875,389369,79506,0,468875,0,0
567,3,2021-06-19,478167,398545,79622,0,478167,0,0
568,3,2021-06-20,480320,400684,79636,0,480320,0,0
569,3,2021-06-21,494030,414267,79763,0,494030,0,0
570,3,2021-06-22,505027,425013,80014,0,505027,0,0
571,3,2021-06-23,517112,436991,80121,0,517112,0,0
572,3,2021-06-24,529176,448592,80584,0,529176,0,0
573,3,2021-06-25,540634,459890,80744,0,540634,0,0
574,3,2021-06-26,551507,470168,81339,0,551507,0,0
575,3,2021-06-27,557701,475866,81835,0,557701,0,0
576,3,2021-06-28,573002,490029,82973,0,573002,0,0
577,3,2021-06-29,580543,496811,83732,0,580543,0,0
578,3,2021-06-30,593355,508826,84529,0,593355,0,0
579,3,2021-07-01,604172,518465,85707,0,604172,0,0
580,3,2021-07-02,614505,527034,87471,0,614505,0,0
581,3,2021-07-03,623711,534250,89461,0,623711,0,0
582,3,2021-07-04,629024,538776,90248,0,629024,0,0
583,3,2021-07-05,643509,549526,93983,0,643509,0,0
584,3,2021-07-06,654032,556622,97410,0,654032,0,0
585,3,2021-07-07,667128,565823,101305,0,667128,0,0
586,3,2021-07-08,679561,574598,104963,0,679561,0,0
587,3,2021-07-09,691414,583021,108393,0,691414,0,0
588,3,2021-07-10,701667,590002,111665,0,701667,0,0
589,3,2021-07-11,706004,593330,112674,0,706004,0,0
590,3,2021-07-12,717072,600139,116933,0,717072,0,0
591,3,2021-07-13,726070,605243,120827,0,726070,0,0
592,3,2021-07-14,736247,611763,124484,0,736247,0,0
593,3,2021-07-15,746764,617766,128998,0,746764,0,0
594,3,2021-07-16,756314,623036,133278,0,756314,0,0
595,3,2021-07-17,763807,627353,136454,0,763807,0,0
596,3,2021-07-18,767031,629663,137368,0,767031,0,0
597,3,2021-07-19,776986,635185,141801,0,776986,0,0
598,3,2021-07-20,783786,638759,145027,0,783786,0,0
599,3,2021-07-21,791295,642710,148585,0,791295,0,0
600,3,2021-07-22,798628,646129,152499,0,798628,0,0
601,3,2021-07-23,806642,649997,156645,0,806642,0,0
602,3,2021-07-24,812464,653324,159140,0,812464,0,0
603,3,2021-07-25,815005,655107,159898,0,815005,0,0
604,3,2021-07-26,822087,658962,163125,0,822087,0,0
605,3,2021-07-27,826787,661530,165257,0,826787,0,0
606,3,2021-07-28,832256,664317,167939,0,832256,0,0
607,3,2021-07-29,836809,666557,170252,0,836809,0,0
608,3,2021-07-30,841615,668946,172669,0,841615,0,0
609,3,2021-07-31,845600,671065,174535,0,845600,0,0
610,3,2021-08-01,847486,672680,174806,0,847486,0,0
611,3,2021-08-02,852548,675931,176617,0,852548,0,0
612,3,2021-08-03,856238,678265,177973,0,856238,0,0
613,3,2021-08-04,860312,680809,179503,0,860312,0,0
614,3,2021-08-05,864439,683244,181195,0,864439,0,0
615,3,2021-08-06,868369,685986,182383,0,868369,0,0
616,3,2021-08-07,871407,688023,183384,0,871407,0,0
617,3,2021-08-08,872897,689266,183631,0,872897,0,0
618,3,2021-08-09,879094,692475,186619,0,879094,0,0
619,4,2021-01-16,401,401,0,36,365,0,0
620,4,2021-01-17,466,466,0,42,424,0,0
621,4,2021-01-18,722,722,0,63,659,0,0
622,4,2021-01-19,1254,1254,0,110,1144,0,0
623,4,2021-01-20,1254,1254,0,110,1144,0,0
624,4,2021-01-21,2163,2163,0,175,1988,0,0
625,4,2021-01-22,3947,3947,0,234,3713,0,0
626,4,2021-01-23,4061,4061,0,247,3814,0,0
627,4,2021-01-24,4416,4416,0,256,4160,0,0
628,4,2021-01-25,10886,10886,0,693,10193,0,0
629,4,2021-01-26,11021,11021,0,734,10287,0,0
630,4,2021-01-27,12407,12407,0,810,11597,0,0
631,4,2021-01-28,21430,21430,0,1478,19952,0,0
632,4,2021-01-29,29322,29322,0,2206,27116,0,0
633,4,2021-01-30,30573,30573,0,2295,28278,0,0
634,4,2021-01-31,30688,30688,0,2295,28393,0,0
635,4,2021-02-01,32329,32329,0,2392,29937,0,0
636,4,2021-02-02,34848,34848,0,2778,32070,0,0
637,4,2021-02-03,36100,36100,0,2966,33134,0,0
638,4,2021-02-04,52645,52645,0,4420,48225,0,0
639,4,2021-02-05,68628,68628,0,5631,62997,0,0
640,4,2021-02-06,78498,78498,0,6707,71791,0,0
641,4,2021-02-07,80284,80284,0,6845,73439,0,0
642,4,2021-02-08,91026,91026,0,7630,83396,0,0
643,4,2021-02-09,100295,100295,0,8370,91925,0,0
644,4,2021-02-10,103044,103044,0,8399,94645,0,0
645,4,2021-02-11,109906,109906,0,8731,101175,0,0
646,4,2021-02-12,117506,117506,0,9012,108494,0,0
647,4,2021-02-13,124056,122050,2006,9367,112683,0,0
648,4,2021-02-14,124177,122161,2016,9367,112794,0,0
649,4,2021-02-15,128424,124764,3660,9542,115222,0,0
650,4,2021-02-16,132946,127777,5169,9691,118086,0,0
651,4,2021-02-17,134325,128941,5384,9770,119171,0,0
652,4,2021-02-18,142950,135328,7622,10319,125009,0,0
653,4,2021-02-19,156552,146695,9857,10988,135707,0,0
654,4,2021-02-20,163919,153329,10590,11769,141560,0,0
655,4,2021-02-21,165621,155028,10593,11955,143073,0,0
656,4,2021-02-22,178910,165031,13879,14129,150902,0,0
657,4,2021-02-23,190166,174988,15178,16954,158034,0,0
658,4,2021-02-24,195245,179344,15901,18978,160366,0,0
659,4,2021-02-25,210946,189178,21768,21808,167370,0,0
660,4,2021-02-26,223134,195376,27758,24400,170976,0,0
661,4,2021-02-27,223134,195376,27758,24400,170976,0,0
662,4,2021-02-28,223134,195376,27758,24400,170976,0,0
663,4,2021-03-01,223134,195376,27758,24400,170976,0,0
664,4,2021-03-02,246658,216152,30506,29103,187049,0,0
665,4,2021-03-03,268169,236065,32104,33559,202506,0,0
666,4,2021-03-04,310530,272629,37901,40358,232271,0,0
667,4,2021-03-05,354473,307984,46489,47477,260507,0,0
668,4,2021-03-06,396169,343601,52568,55858,287743,0,0
669,4,2021-03-07,407866,354572,53294,59290,295282,0,0
670,4,2021-03-08,446529,385170,61359,65609,319561,0,0
671,4,2021-03-09,423058,354644,68414,70612,352414,0,0
672,4,2021-03-10,441178,368957,72221,73456,367690,0,0
673,4,2021-03-11,461071,385001,76070,76554,384485,0,0
674,4,2021-03-12,480338,399648,80690,79344,400962,0,0
675,4,2021-03-13,496625,412421,84204,81840,414753,0,0
676,4,2021-03-14,497722,413455,84267,82123,415567,0,0
677,4,2021-03-15,518114,429664,88450,85367,432715,0,0
678,4,2021-03-16,597787,505646,92141,92483,505304,0,0
679,4,2021-03-17,614990,520961,94029,94505,520485,0,0
680,4,2021-03-18,635553,537405,98148,96435,539118,0,0
681,4,2021-03-19,655677,552023,103654,98209,557468,0,0
682,4,2021-03-20,674602,565687,108915,100725,573877,0,0
683,4,2021-03-21,678170,568629,109541,101067,577103,0,0
684,4,2021-03-22,707326,590616,116710,104269,603057,0,0
685,4,2021-03-23,837889,711817,126072,113631,724258,0,0
686,4,2021-03-24,875007,745478,129529,116964,758043,0,0
687,4,2021-03-25,965022,828339,136683,124396,840626,0,0
688,4,2021-03-26,1020002,878784,141218,131324,888678,0,0
689,4,2021-03-27,1043681,900947,142734,135354,908327,0,0
690,4,2021-03-28,1044730,901960,142770,135434,909296,0,0
691,4,2021-03-29,1047861,904676,143185,135630,912231,0,0
692,4,2021-03-30,1080940,932808,148132,141286,939654,0,0
693,4,2021-03-31,1098355,946438,151917,144878,953477,0,0
694,4,2021-04-01,1127935,970643,157292,148645,979290,0,0
695,4,2021-04-02,1167002,1002220,164782,153608,1013394,0,0
696,4,2021-04-03,1203976,1030573,173403,158037,1045939,0,0
697,4,2021-04-04,1225287,1047611,177676,160819,1064468,0,0
698,4,2021-04-05,1262224,1075940,186284,165916,1096308,0,0
699,4,2021-04-06,1290110,1097741,192369,169735,1120375,0,0
700,4,2021-04-07,1338480,1133750,204730,176010,1162470,0,0
701,4,2021-04-08,1405074,1181704,223370,186386,1218688,0,0
702,4,2021-04-09,1454260,1215483,238777,196909,1257351,0,0
703,4,2021-04-10,1486087,1236130,249957,205481,1280606,0,0
704,4,2021-04-11,1498693,1244425,254268,208915,1289778,0,0
705,4,2021-04-12,1530751,1263243,267508,219354,1311397,0,0
706,4,2021-04-13,1549948,1274714,275234,227004,1322944,0,0
707,4,2021-04-14,1553876,1276940,276936,228510,1325366,0,0
708,4,2021-04-15,1555448,1277864,277584,229009,1326439,0,0
709,4,2021-04-16,1564454,1282985,281469,231490,1332964,0,0
710,4,2021-04-17,1586181,1295462,290719,236613,1349568,0,0
711,4,2021-04-18,1597465,1302992,294473,239059,1358406,0,0
712,4,2021-04-19,1676713,1351522,325191,253460,1423253,0,0
713,4,2021-04-20,1770372,1415214,355158,270492,1499880,0,0
714,4,2021-04-21,1824812,1454891,369921,285438,1539374,0,0
715,4,2021-04-22,1898130,1508583,389547,309712,1588418,0,0
716,4,2021-04-23,1960809,1556972,403837,342507,1618302,0,0
717,4,2021-04-24,2005823,1592952,412871,372430,1633393,0,0
718,4,2021-04-25,2020521,1605126,415395,380857,1639664,0,0
719,4,2021-04-26,2104727,1664201,440526,409759,1694968,0,0
720,4,2021-04-27,2192325,1728642,463683,431886,1760439,0,0
721,4,2021-04-28,2242653,1766829,475824,445376,1797277,0,0
722,4,2021-04-29,2349267,1846567,502700,465853,1883414,0,0
723,4,2021-04-30,2480734,1946800,533934,486029,1994705,0,0
724,4,2021-05-01,2574065,2020530,553535,500559,2073506,0,0
725,4,2021-05-02,2589899,2033174,556725,502560,2087339,0,0
726,4,2021-05-03,2675846,2096948,578898,514792,2161054,0,0
727,4,2021-05-04,2751204,2152500,598704,525870,2225334,0,0
728,4,2021-05-05,2785838,2176851,608987,531637,2254201,0,0
729,4,2021-05-06,2835452,2211808,623644,539842,2295610,0,0
730,4,2021-05-07,2919568,2277554,642014,577829,2341739,0,0
731,4,2021-05-08,3002857,2346318,656539,619997,2382860,0,0
732,4,2021-05-09,3027029,2366422,660607,630457,2396572,0,0
733,4,2021-05-10,3120516,2434046,686470,660279,2460237,0,0
734,4,2021-05-11,3197150,2487465,709685,672253,2524897,0,0
735,4,2021-05-12,3233331,2518410,714921,675598,2557733,0,0
736,4,2021-05-13,3280423,2556294,724129,685431,2594992,0,0
737,4,2021-05-14,3305992,2578539,727453,689106,2616886,0,0
738,4,2021-05-15,3362553,2631676,730877,694297,2668256,0,0
739,4,2021-05-16,3401496,2670104,731392,696501,2704995,0,0
740,4,2021-05-17,3471991,2730754,741237,709527,2762464,0,0
741,4,2021-05-18,3531930,2782676,749254,721986,2809944,0,0
742,4,2021-05-19,3569472,2815640,753832,729209,2840263,0,0
743,4,2021-05-20,3620350,2859912,760438,739764,2880586,0,0
744,4,2021-05-21,3665676,2898355,767321,750232,2915444,0,0
745,4,2021-05-22,3716056,2938533,777523,763461,2952595,0,0
746,4,2021-05-23,3753633,2972648,780985,768150,2985483,0,0
747,4,2021-05-24,3830284,3034071,796213,786938,3043346,0,0
748,4,2021-05-25,3899915,3091355,808560,801763,3098152,0,0
749,4,2021-05-26,3935243,3121529,813714,807676,3127567,0,0
750,4,2021-05-27,3981992,3162794,819198,813922,3168070,0,0
751,4,2021-05-28,4027266,3203859,823407,818118,3209148,0,0
752,4,2021-05-29,4073879,3246700,827179,822627,3251252,0,0
753,4,2021-05-30,4094193,3265432,828761,824324,3269869,0,0
754,4,2021-05-31,4137653,3304493,833160,829235,3308418,0,0
755,4,2021-06-01,4174820,3337376,837444,833370,3341450,0,0
756,4,2021-06-02,4200000,3359700,840300,836301,3363699,0,0
757,4,2021-06-03,4235371,3392421,842950,838735,3396636,0,0
758,4,2021-06-04,4274481,3429205,845276,840957,3433524,0,0
759,4,2021-06-05,4315221,3467449,847772,843193,3472028,0,0
760,4,2021-06-06,4339728,3489368,850360,845915,3493813,0,0
761,4,2021-06-07,4389697,3534232,855465,850547,3539150,0,0
762,4,2021-06-08,4451360,3590740,860620,854926,3596434,0,0
763,4,2021-06-09,4491566,3623460,868106,862352,3629214,0,0
764,4,2021-06-10,4585754,3695526,890228,885083,3700671,0,0
765,4,2021-06-11,4674511,3769894,904617,899934,3774577,0,0
766,4,2021-06-12,4758849,3841521,917328,912611,3846238,0,0
767,4,2021-06-13,4811949,3883727,928222,923873,3888076,0,0
768,4,2021-06-14,4891540,3937220,954320,949940,3941600,0,0
769,4,2021-06-15,4951863,3984232,967631,961623,3990240,0,0
770,4,2021-06-16,4998717,4018537,980180,973077,4025640,0,0
771,4,2021-06-17,5092307,4089782,1002525,990759,4101548,0,0
772,4,2021-06-18,5210614,4179861,1030753,1016553,4194061,0,0
773,4,2021-06-19,5324600,4269193,1055407,1038543,4286057,0,0
774,4,2021-06-20,5360385,4294662,1065723,1048723,4311662,0,0
775,4,2021-06-21,5721227,4635279,1085948,1062023,4659204,0,0
776,4,2021-06-22,5989078,4885776,1103302,1075238,4913840,0,0
777,4,2021-06-23,6354626,5233285,1121341,1086179,5268447,0,0
778,4,2021-06-24,6523851,5387805,1136046,1097552,5426299,0,0
779,4,2021-06-25,6688421,5535855,1152566,1108737,5579684,0,0
780,4,2021-06-26,6841405,5658679,1182726,1131869,5709536,0,0
781,4,2021-06-27,6854797,5668536,1186261,1134829,5719968,0,0
782,4,2021-06-28,6976615,5765156,1211459,1153140,5823475,0,0
783,4,2021-06-29,7008658,5785111,1223547,1162686,5845972,0,0
784,4,2021-06-30,7022922,5792056,1230866,1168764,5854108,50,0
785,4,2021-07-01,7206783,5957147,1249636,1172463,6034198,122,0
786,4,2021-07-02,7445311,6169491,1275820,1175598,6269550,163,0
787,4,2021-07-03,7597121,6302541,1294580,1178417,6418490,214,0
788,4,2021-07-04,7629506,6329978,1299528,1178711,6450581,214,0
789,4,2021-07-05,7690157,6380179,1309978,1181983,6507914,260,0
790,4,2021-07-06,7712614,6396900,1315714,1184422,6527898,294,0
791,4,2021-07-07,7720505,6402476,1318029,1185897,6534269,339,0
792,4,2021-07-08,7730301,6409336,1320965,1187985,6541925,391,0
793,4,2021-07-09,7790895,6462249,1328646,1189268,6601172,455,0
794,4,2021-07-10,7910876,6565772,1345104,1192130,6718230,516,0
795,4,2021-07-11,8015929,6663892,1352037,1227665,6787748,516,0
796,4,2021-07-12,8264288,6895245,1369043,1383153,6880569,566,0
797,4,2021-07-13,8346086,6961897,1384189,1410449,6935044,593,0
798,4,2021-07-14,8474492,7042260,1432232,1427558,7046297,637,0
799,4,2021-07-15,8543611,7073403,1470208,1433621,7109314,676,0
800,4,2021-07-16,8643029,7145077,1497952,1452526,7189772,731,0
801,4,2021-07-17,8763717,7237044,1526673,1462859,7300052,806,0
802,4,2021-07-18,8782510,7250332,1532178,1464801,7316903,806,0
803,4,2021-07-19,8939320,7382171,1557149,1471900,7466548,872,0
804,4,2021-07-20,9084754,7497592,1587162,1475237,7608595,922,0
805,4,2021-07-21,9128219,7532329,1595890,1475563,7651677,979,0
806,4,2021-07-22,9337930,7696780,1641150,1479948,7856954,1028,0
807,4,2021-07-23,9533765,7850458,1683307,1483859,8048823,1083,0
808,4,2021-07-24,9669301,7957718,1711583,1488025,8180159,1117,0
809,4,2021-07-25,9733328,8008339,1724989,1492571,8239640,1117,0
810,4,2021-07-26,9983825,8201982,1781843,1509077,8473589,1159,0
811,4,2021-07-27,10234256,8393598,1840658,1518828,8714191,1237,0
812,4,2021-07-28,10341710,8476245,1865465,1528874,8811540,1296,0
813,4,2021-07-29,10448906,8560333,1888573,1536766,8910792,1348,0
814,4,2021-07-30,10533219,8622219,1911000,1540944,8990892,1383,0
815,4,2021-07-31,10638247,8708999,1929248,1544067,9092754,1426,0
816,4,2021-08-01,10826140,8877144,1948996,1548292,9276422,1426,0
817,4,2021-08-02,11129239,9141787,1987452,1557058,9570706,1475,0
818,4,2021-08-03,11429254,9405394,2023860,1563796,9863970,1488,0
819,4,2021-08-04,11581397,9535651,2045746,1568047,10011825,1525,0
820,4,2021-08-05,11846550,9765007,2081543,1577613,10267387,1550,0
821,4,2021-08-06,12087826,9976148,2111678,1586508,10499736,1582,0
822,4,2021-08-07,12339414,10189217,2150197,1593221,10744549,1644,0
823,4,2021-08-08,12422010,10260435,2161575,1596082,10824284,1644,0
824,4,2021-08-09,12703870,10495293,2208577,1612196,11089982,1692,0
825,5,2021-01-16,2967,2967,0,30,2937,0,0
826,5,2021-01-17,3700,3700,0,33,3667,0,0
827,5,2021-01-18,7883,7883,0,40,7843,0,0
828,5,2021-01-19,15546,15546,0,107,15439,0,0
829,5,2021-01-20,16183,16183,0,114,16069,0,0
830,5,2021-01-21,25254,25254,0,283,24971,0,0
831,5,2021-01-22,25773,25773,0,314,25459,0,0
832,5,2021-01-23,38409,38409,0,683,37726,0,0
833,5,2021-01-24,38787,38787,0,739,38048,0,0
834,5,2021-01-25,51676,51676,0,1152,50524,0,0
835,5,2021-01-26,51808,51808,0,1161,50647,0,0
836,5,2021-01-27,53222,53222,0,1503,51719,0,0
837,5,2021-01-28,70412,70412,0,1906,68506,0,0
838,5,2021-01-29,73181,73181,0,2355,70826,0,0
839,5,2021-01-30,105751,105751,0,2781,102970,0,0
840,5,2021-01-31,108889,108889,0,2844,106045,0,0
841,5,2021-02-01,144845,144845,0,3467,141378,0,0
842,5,2021-02-02,181290,181290,0,4692,176598,0,0
843,5,2021-02-03,219359,219359,0,5757,213602,0,0
844,5,2021-02-04,263973,263973,0,6639,257334,0,0
845,5,2021-02-05,308439,308439,0,7501,300938,0,0
846,5,2021-02-06,330327,330327,0,8499,321828,0,0
847,5,2021-02-07,335765,335765,0,8513,327252,0,0
848,5,2021-02-08,353743,353743,0,9239,344504,0,0
849,5,2021-02-09,373801,373801,0,10386,363415,0,0
850,5,2021-02-10,388881,388881,0,10755,378126,0,0
851,5,2021-02-11,409263,409263,0,12936,396327,0,0
852,5,2021-02-12,430554,430554,0,16314,414240,0,0
853,5,2021-02-13,451761,451706,55,19232,432474,0,0
854,5,2021-02-14,452991,452936,55,19330,433606,0,0
855,5,2021-02-15,483813,470549,13264,20887,449662,0,0
856,5,2021-02-16,485733,472215,13518,21262,450953,0,0
857,5,2021-02-17,496507,481352,15155,22634,458718,0,0
858,5,2021-02-18,529891,497328,32563,24070,473258,0,0
859,5,2021-02-19,547003,512327,34676,25385,486942,0,0
860,5,2021-02-20,557762,519360,38402,26109,493251,0,0
861,5,2021-02-21,558309,519787,38522,26109,493678,0,0
862,5,2021-02-22,579548,523685,55863,27294,496391,0,0
863,5,2021-02-23,588882,530477,58405,28143,502334,0,0
864,5,2021-02-24,597807,538212,59595,29095,509117,0,0
865,5,2021-02-25,621233,546161,75072,29997,516164,0,0
866,5,2021-02-26,637549,559321,78228,31175,528146,0,0
867,5,2021-02-27,637549,559321,78228,31175,528146,0,0
868,5,2021-02-28,637549,559321,78228,31175,528146,0,0
869,5,2021-03-01,637549,559321,78228,31175,528146,0,0
870,5,2021-03-02,658177,568137,90040,31362,536775,0,0
871,5,2021-03-03,689592,581124,108468,31913,549211,0,0
872,5,2021-03-04,733670,598233,135437,32277,565956,0,0
873,5,2021-03-05,777943,618296,159647,33396,584900,0,0
874,5,2021-03-06,828652,643684,184968,35203,608481,0,0
875,5,2021-03-07,830495,644690,185805,35231,609459,0,0
876,5,2021-03-08,996855,784521,212334,36110,748411,0,0
877,5,2021-03-09,882786,650004,232782,40035,842719,0,0
878,5,2021-03-10,945716,695938,249778,42921,902763,0,0
879,5,2021-03-11,951238,700136,251102,43624,907582,0,0
880,5,2021-03-12,1068778,798011,270767,46629,1022117,0,0
881,5,2021-03-13,1155115,864349,290766,50455,1104628,0,0
882,5,2021-03-14,1159704,867980,291724,50753,1108919,0,0
883,5,2021-03-15,1238681,928808,309873,52746,1185903,0,0
884,5,2021-03-16,1521806,1197777,324029,65440,1456366,0,0
885,5,2021-03-17,1633471,1299718,333753,72439,1561032,0,0
886,5,2021-03-18,1709461,1364201,345260,74135,1635326,0,0
887,5,2021-03-19,1781915,1427007,354908,77749,1704166,0,0
888,5,2021-03-20,1868362,1502913,365449,81766,1786596,0,0
889,5,2021-03-21,1893344,1526471,366873,82392,1810952,0,0
890,5,2021-03-22,1960951,1588734,372217,83030,1877921,0,0
891,5,2021-03-23,2090147,1708266,381881,87057,2003090,0,0
892,5,2021-03-24,2199108,1810293,388815,91237,2107871,0,0
893,5,2021-03-25,2326623,1931442,395181,92898,2233725,0,0
894,5,2021-03-26,2440263,2039444,400819,95536,2344727,0,0
895,5,2021-03-27,2555647,2150425,405222,97860,2457787,0,0
896,5,2021-03-28,2584553,2179032,405521,98243,2486310,0,0
897,5,2021-03-29,2587193,2181647,405546,98253,2488940,0,0
898,5,2021-03-30,2632950,2225891,407059,99511,2533439,0,0
899,5,2021-03-31,2739610,2326918,412692,103764,2635846,0,0
900,5,2021-04-01,2851813,2433633,418180,109343,2742470,0,0
901,5,2021-04-02,3064854,2638486,426368,123987,2940867,0,0
902,5,2021-04-03,3195814,2763236,432578,137266,3058548,0,0
903,5,2021-04-04,3346839,2908130,438709,164103,3182736,0,0
904,5,2021-04-05,3478610,3031775,446835,182884,3295726,0,0
905,5,2021-04-06,3676143,3217315,458828,207945,3468198,0,0
906,5,2021-04-07,3981969,3500712,481257,222226,3759743,0,0
907,5,2021-04-08,4165803,3663711,502092,226278,3939525,0,0
908,5,2021-04-09,4233637,3721775,511862,228683,4004954,0,0
909,5,2021-04-10,4491227,3953983,537244,230671,4260556,0,0
910,5,2021-04-11,4744755,4188252,556503,232742,4512013,0,0
911,5,2021-04-12,4952445,4372599,579846,234507,4717938,0,0
912,5,2021-04-13,5049345,4456899,592446,245029,4804316,0,0
913,5,2021-04-14,5225646,4608655,616991,255369,4970277,0,0
914,5,2021-04-15,5352860,4714910,637950,269422,5083438,0,0
915,5,2021-04-16,5426287,4774916,651371,281410,5144877,0,0
916,5,2021-04-17,5578006,4895185,682821,293703,5284303,0,0
917,5,2021-04-18,5686374,4984400,701974,301567,5384807,0,0
918,5,2021-04-19,5836677,5099038,737639,310307,5526370,0,0
919,5,2021-04-20,5964087,5195367,768720,319116,5644971,0,0
920,5,2021-04-21,6057111,5265128,791983,324892,5732219,0,0
921,5,2021-04-22,6169648,5344307,825341,332830,5836818,0,0
922,5,2021-04-23,6270782,5415848,854934,340190,5930592,0,0
923,5,2021-04-24,6362064,5480243,881821,347867,6014197,0,0
924,5,2021-04-25,6437127,5534535,902592,352127,6085000,0,0
925,5,2021-04-26,6557857,5615151,942706,358812,6199045,0,0
926,5,2021-04-27,6661790,5686449,975341,364993,6296797,0,0
927,5,2021-04-28,6761471,5752082,1009389,370807,6390664,0,0
928,5,2021-04-29,6869722,5821599,1048123,377281,6492441,0,0
929,5,2021-04-30,6967492,5881859,1085633,385347,6582145,0,0
930,5,2021-05-01,7047770,5928725,1119045,391991,6655779,0,0
931,5,2021-05-02,7110550,5965407,1145143,396195,6714355,0,0
932,5,2021-05-03,7233171,6027693,1205478,403840,6829331,0,0
933,5,2021-05-04,7359866,6092049,1267817,413470,6946396,0,0
934,5,2021-05-05,7475869,6150797,1325072,422099,7053770,0,0
935,5,2021-05-06,7604097,6212706,1391391,429065,7175032,0,0
936,5,2021-05-07,7698767,6261291,1437476,438491,7260276,0,0
937,5,2021-05-08,7782756,6304398,1478358,449731,7333025,0,0
938,5,2021-05-09,7905698,6411990,1493708,456010,7449688,0,0
939,5,2021-05-10,8108459,6552924,1555535,466854,7641605,0,0
940,5,2021-05-11,8289734,6669849,1619885,478929,7810805,0,0
941,5,2021-05-12,8410850,6771938,1638912,518121,7892729,0,0
942,5,2021-05-13,8568033,6907777,1660256,556206,8011827,0,0
943,5,2021-05-14,8713263,7038183,1675080,578715,8134548,0,0
944,5,2021-05-15,8869524,7180068,1689456,593607,8275917,0,0
945,5,2021-05-16,8994996,7303994,1691002,603397,8391599,0,0
946,5,2021-05-17,9108969,7411900,1697069,624474,8484495,0,0
947,5,2021-05-18,9188143,7483076,1705067,653650,8534493,0,0
948,5,2021-05-19,9244503,7533234,1711269,676443,8568060,0,0
949,5,2021-05-20,9364319,7649684,1714635,687077,8677242,0,0
950,5,2021-05-21,9461804,7740228,1721576,703439,8758365,0,0
951,5,2021-05-22,9521984,7792417,1729567,720880,8801104,0,0
952,5,2021-05-23,9680319,7946124,1734195,730210,8950109,0,0
953,5,2021-05-24,9866975,8126351,1740624,742073,9124902,0,0
954,5,2021-05-25,9988331,8240377,1747954,755929,9232402,0,0
955,5,2021-05-26,10065594,8310987,1754607,767758,9297836,0,0
956,5,2021-05-27,10117955,8358232,1759723,776108,9341847,0,0
957,5,2021-05-28,10151853,8387278,1764575,782672,9369181,0,0
958,5,2021-05-29,10204573,8431414,1773159,795116,9409457,0,0
959,5,2021-05-30,10247415,8467861,1779554,804259,9443156,0,0
960,5,2021-05-31,10307600,8516097,1791503,817845,9489755,0,0
961,5,2021-06-01,10366689,8563603,1803086,830835,9535854,0,0
962,5,2021-06-02,10424975,8612656,1812319,841901,9583074,0,0
963,5,2021-06-03,10585288,8764409,1820879,865681,9719607,0,0
964,5,2021-06-04,10772252,8941673,1830579,891581,9880671,0,0
965,5,2021-06-05,10922525,9083469,1839056,916993,10005532,0,0
966,5,2021-06-06,11030034,9183267,1846767,944593,10085441,0,0
967,5,2021-06-07,11134737,9277636,1857101,977551,10157186,0,0
968,5,2021-06-08,11231592,9362801,1868791,1012409,10219183,0,0
969,5,2021-06-09,11409331,9530621,1878710,1035635,10373696,0,0
970,5,2021-06-10,11599819,9712352,1887467,1053972,10545847,0,0
971,5,2021-06-11,11778969,9881658,1897311,1065775,10713194,0,0
972,5,2021-06-12,11938798,10032415,1906383,1075681,10863117,0,0
973,5,2021-06-13,12032029,10119417,1912612,1081894,10950135,0,0
974,5,2021-06-14,12133333,10210633,1922700,1091206,11042127,0,0
975,5,2021-06-15,12205407,10273357,1932050,1099531,11105876,0,0
976,5,2021-06-16,12716811,10763130,1953681,1124634,11592177,0,0
977,5,2021-06-17,12982413,10995411,1987002,1163058,11819355,0,0
978,5,2021-06-18,13174680,11158741,2015939,1212817,11961863,0,0
979,5,2021-06-19,13509656,11471642,2038014,1266734,12242922,0,0
980,5,2021-06-20,13680378,11630826,2049552,1297687,12382691,0,0
981,5,2021-06-21,14235058,12161634,2073424,1387886,12847172,0,0
982,5,2021-06-22,14642396,12546864,2095532,1484822,13157574,0,0
983,5,2021-06-23,14978417,12863306,2115111,1547162,13431255,0,0
984,5,2021-06-24,15264572,13127210,2137362,1612751,13651821,0,0
985,5,2021-06-25,15512516,13355865,2156651,1697897,13814612,7,0
986,5,2021-06-26,15683198,13508016,2175182,1742229,13940825,144,0
987,5,2021-06-27,15744915,13562883,2182032,1759614,13985022,279,0
988,5,2021-06-28,15802730,13608219,2194511,1777820,14024554,356,0
989,5,2021-06-29,15856079,13650265,2205814,1794776,14060877,426,0
990,5,2021-06-30,15899022,13683539,2215483,1805950,14092595,477,0
991,5,2021-07-01,16116113,13863804,2252309,1826132,14289456,525,0
992,5,2021-07-02,16716028,14384051,2331977,1850867,14864598,563,0
993,5,2021-07-03,17118573,14723129,2395444,1870072,15247918,583,0
994,5,2021-07-04,17255736,14835284,2420452,1880704,15374449,583,0
995,5,2021-07-05,17384095,14935067,2449028,1890542,15492970,583,0
996,5,2021-07-06,17526845,15046903,2479942,1897811,15628446,588,0
997,5,2021-07-07,17610100,15113068,2497032,1900553,15708959,588,0
998,5,2021-07-08,18063158,15479479,2583679,1903960,16158610,588,0
999,5,2021-07-09,18380464,15741778,2638686,1906430,16473446,588,0
1000,5,2021-07-10,18555157,15881330,2673827,1909728,16644840,589,0
1001,5,2021-07-11,18592326,15907215,2685111,1910822,16680915,589,0
1002,5,2021-07-12,18943852,16191133,2752719,1913285,17029935,632,0
1003,5,2021-07-13,19094504,16313606,2780898,1914578,17179193,733,0
1004,5,2021-07-14,19302470,16477106,2825364,1984559,17317064,847,0
1005,5,2021-07-15,19783157,16847635,2935522,2043673,17738563,921,0
1006,5,2021-07-16,20092154,17088089,3004065,2088284,18002866,1004,0
1007,5,2021-07-17,20663069,17553230,3109839,2113240,18548725,1104,0
1008,5,2021-07-18,20914922,17761503,3153419,2121052,18792663,1207,0
1009,5,2021-07-19,21339603,18112947,3226656,2136252,19201990,1361,0
1010,5,2021-07-20,21518602,18257434,3261168,2151591,19365500,1511,0
1011,5,2021-07-21,21549709,18282135,3267574,2154511,19393582,1616,0
1012,5,2021-07-22,21652372,18344999,3307373,2206175,19444470,1727,0
1013,5,2021-07-23,21715582,18385807,3329775,2237000,19476744,1838,0
1014,5,2021-07-24,22055218,18652095,3403123,2249999,19803256,1963,0
1015,5,2021-07-25,22521082,19020216,3500866,2292880,20226159,2043,0
1016,5,2021-07-26,22873038,19299851,3573187,2336992,20533902,2144,0
1017,5,2021-07-27,23113597,19489196,3624401,2373336,20738074,2187,0
1018,5,2021-07-28,23270179,19604300,3665879,2454356,20813627,2196,0
1019,5,2021-07-29,23662515,19910198,3752317,2505901,21154408,2206,0
1020,5,2021-07-30,23969818,20156249,3813569,2539120,21428476,2222,0
1021,5,2021-07-31,24442464,20551758,3890706,2578195,21862026,2243,0
1022,5,2021-08-01,24699839,20779993,3919846,2594949,22102641,2249,0
1023,5,2021-08-02,24886946,20925271,3961675,2628256,22256416,2274,0
1024,5,2021-08-03,24997957,21000662,3997295,2672605,22323059,2293,0
1025,5,2021-08-04,25401755,21321757,4079998,2704557,22694894,2304,0
1026,5,2021-08-05,26174182,21967887,4206295,2725990,23445866,2326,0
1027,5,2021-08-06,26793524,22499306,4294218,2745986,24045151,2387,0
1028,5,2021-08-07,27345184,22945519,4399665,2883211,24459496,2477,0
1029,5,2021-08-08,27628084,23181822,4446262,2946892,24678715,2477,0
1030,5,2021-08-09,27834939,23350171,4484768,3006086,24826305,2548,0
1031,6,2021-01-16,120,120,0,0,120,0,0
1032,6,2021-01-17,120,120,0,0,120,0,0
1033,6,2021-01-18,158,158,0,0,158,0,0
1034,6,2021-01-19,165,165,0,0,165,0,0
1035,6,2021-01-20,165,165,0,0,165,0,0
1036,6,2021-01-21,281,281,0,0,281,0,0
1037,6,2021-01-22,507,507,0,0,507,0,0
1038,6,2021-01-23,790,790,0,0,790,0,0
1039,6,2021-01-24,797,797,0,0,797,0,0
1040,6,2021-01-25,1172,1172,0,0,1172,0,0
1041,6,2021-01-26,1174,1174,0,0,1174,0,0
1042,6,2021-01-27,1519,1519,0,0,1519,0,0
1043,6,2021-01-28,1821,1821,0,0,1821,0,0
1044,6,2021-01-29,1874,1874,0,0,1874,0,0
1045,6,2021-01-30,2206,2206,0,0,2206,0,0
1046,6,2021-01-31,2217,2217,0,0,2217,0,0
1047,6,2021-02-01,2390,2390,0,0,2390,0,0
1048,6,2021-02-02,2492,2492,0,0,2492,0,0
1049,6,2021-02-03,2808,2808,0,0,2808,0,0
1050,6,2021-02-04,3150,3150,0,0,3150,0,0
1051,6,2021-02-05,3511,3511,0,0,3511,0,0
1052,6,2021-02-06,3858,3858,0,0,3858,0,0
1053,6,2021-02-07,3858,3858,0,0,3858,0,0
1054,6,2021-02-08,4189,4189,0,0,4189,0,0
1055,6,2021-02-09,4571,4571,0,0,4571,0,0
1056,6,2021-02-10,5004,5004,0,0,5004,0,0
1057,6,2021-02-11,5480,5480,0,0,5480,0,0
1058,6,2021-02-12,6056,6056,0,1,6055,0,0
1059,6,2021-02-13,6826,6709,117,1,6708,0,0
1060,6,2021-02-14,6829,6712,117,1,6711,0,0
1061,6,2021-02-15,7332,7214,118,2,7212,0,0
1062,6,2021-02-16,8018,7836,182,3,7833,0,0
1063,6,2021-02-17,8561,8364,197,6,8358,0,0
1064,6,2021-02-18,9187,8789,398,8,8781,0,0
1065,6,2021-02-19,10065,9554,511,9,9545,0,0
1066,6,2021-02-20,11125,10379,746,9,10370,0,0
1067,6,2021-02-21,11125,10379,746,9,10370,0,0
1068,6,2021-02-22,12291,11279,1012,10,11269,0,0
1069,6,2021-02-23,13594,12449,1145,11,12438,0,0
1070,6,2021-02-24,14889,13675,1214,18,13657,0,0
1071,6,2021-02-25,16579,15100,1479,45,15055,0,0
1072,6,2021-02-26,18567,16927,1640,54,16873,0,0
1073,6,2021-02-27,18567,16927,1640,54,16873,0,0
1074,6,2021-02-28,18567,16927,1640,54,16873,0,0
1075,6,2021-03-01,18567,16927,1640,54,16873,0,0
1076,6,2021-03-02,21667,19725,1942,57,19668,0,0
1077,6,2021-03-03,23900,21765,2135,61,21704,0,0
1078,6,2021-03-04,26149,23665,2484,64,23601,0,0
1079,6,2021-03-05,28397,25595,2802,66,25529,0,0
1080,6,2021-03-06,30679,27526,3153,67,27459,0,0
1081,6,2021-03-07,30902,27748,3154,68,27680,0,0
1082,6,2021-03-08,33476,29863,3613,69,29794,0,0
1083,6,2021-03-09,32738,28622,4116,0,32733,0,0
1084,6,2021-03-10,35205,30598,4607,0,35200,0,0
1085,6,2021-03-11,35992,31298,4694,0,35987,0,0
1086,6,2021-03-12,38260,33104,5156,0,38255,0,0
1087,6,2021-03-13,40522,34856,5666,0,40517,0,0
1088,6,2021-03-14,40701,34965,5736,0,40696,0,0
1089,6,2021-03-15,43221,36848,6373,0,43216,0,0
1090,6,2021-03-16,49179,42234,6945,0,49179,0,0
1091,6,2021-03-17,57449,50040,7409,0,57449,0,0
1092,6,2021-03-18,59520,51658,7862,0,59520,0,0
1093,6,2021-03-19,61642,53379,8263,0,61642,0,0
1094,6,2021-03-20,63645,54986,8659,0,63645,0,0
1095,6,2021-03-21,63808,55144,8664,0,63808,0,0
1096,6,2021-03-22,65746,56588,9158,0,65746,0,0
1097,6,2021-03-23,67392,57782,9610,0,67392,0,0
1098,6,2021-03-24,68959,58992,9967,0,68959,0,0
1099,6,2021-03-25,70827,60519,10308,0,70827,0,0
1100,6,2021-03-26,72558,61839,10719,0,72558,0,0
1101,6,2021-03-27,74151,63168,10983,0,74151,0,0
1102,6,2021-03-28,74257,63269,10988,0,74257,0,0
1103,6,2021-03-29,74284,63294,10990,0,74284,0,0
1104,6,2021-03-30,76009,64574,11435,0,76009,0,0
1105,6,2021-03-31,77711,65748,11963,0,77711,0,0
1106,6,2021-04-01,81055,68591,12464,0,81055,0,0
1107,6,2021-04-02,84378,71565,12813,0,84378,0,0
1108,6,2021-04-03,87837,74528,13309,0,87837,0,0
1109,6,2021-04-04,90843,77241,13602,0,90843,0,0
1110,6,2021-04-05,94240,80058,14182,0,94240,0,0
1111,6,2021-04-06,96011,81444,14567,0,96011,0,0
1112,6,2021-04-07,101532,85979,15553,0,101532,0,0
1113,6,2021-04-08,105815,89382,16433,0,105815,0,0
1114,6,2021-04-09,110149,92814,17335,0,110149,0,0
1115,6,2021-04-10,115008,96744,18264,0,115008,0,0
1116,6,2021-04-11,118155,99484,18671,0,118155,0,0
1117,6,2021-04-12,122941,103131,19810,0,122941,0,0
1118,6,2021-04-13,126850,106139,20711,0,126850,0,0
1119,6,2021-04-14,130380,108803,21577,0,130380,0,0
1120,6,2021-04-15,134563,111665,22898,0,134563,0,0
1121,6,2021-04-16,139146,114800,24346,0,139146,0,0
1122,6,2021-04-17,143254,117734,25520,0,143254,0,0
1123,6,2021-04-18,145600,119500,26100,0,145600,0,0
1124,6,2021-04-19,149987,122192,27795,0,149987,0,0
1125,6,2021-04-20,154584,124937,29647,0,154584,0,0
1126,6,2021-04-21,158565,127635,30930,0,158565,0,0
1127,6,2021-04-22,163872,130884,32988,0,163872,0,0
1128,6,2021-04-23,169439,134397,35042,0,169439,0,0
1129,6,2021-04-24,174721,137994,36727,0,174721,0,0
1130,6,2021-04-25,178655,140795,37860,0,178655,0,0
1131,6,2021-04-26,184252,144305,39947,0,184252,0,0
1132,6,2021-04-27,190041,148026,42015,0,190041,0,0
1133,6,2021-04-28,196055,151928,44127,0,196055,0,0
1134,6,2021-04-29,201907,155689,46218,0,201907,0,0
1135,6,2021-04-30,208489,160071,48418,0,208489,0,0
1136,6,2021-05-01,213216,163599,49617,0,213216,0,0
1137,6,2021-05-02,215894,165617,50277,0,215894,0,0
1138,6,2021-05-03,220462,168672,51790,0,220462,0,0
1139,6,2021-05-04,225542,172057,53485,0,225542,0,0
1140,6,2021-05-05,230822,175618,55204,0,230822,0,0
1141,6,2021-05-06,237473,179429,58044,0,237473,0,0
1142,6,2021-05-07,243450,183067,60383,0,243450,0,0
1143,6,2021-05-08,250441,187445,62996,0,250441,0,0
1144,6,2021-05-09,254612,190204,64408,0,254612,0,0
1145,6,2021-05-10,260309,193540,66769,0,260309,0,0
1146,6,2021-05-11,265527,196808,68719,0,265527,0,0
1147,6,2021-05-12,269353,199576,69777,0,269353,0,0
1148,6,2021-05-13,273766,202829,70937,0,273766,0,0
1149,6,2021-05-14,278699,206572,72127,0,278699,0,0
1150,6,2021-05-15,284834,211162,73672,0,284834,0,0
1151,6,2021-05-16,285946,212260,73686,0,285946,0,0
1152,6,2021-05-17,290561,216622,73939,0,290561,0,0
1153,6,2021-05-18,294430,220312,74118,0,294430,0,0
1154,6,2021-05-19,298281,224068,74213,0,298281,0,0
1155,6,2021-05-20,302065,227748,74317,0,302065,0,0
1156,6,2021-05-21,306407,231985,74422,0,306407,0,0
1157,6,2021-05-22,312342,237720,74622,0,312342,0,0
1158,6,2021-05-23,315428,240804,74624,0,315428,0,0
1159,6,2021-05-24,320496,245841,74655,0,320496,0,0
1160,6,2021-05-25,323442,248749,74693,0,323442,0,0
1161,6,2021-05-26,324892,250185,74707,0,324892,0,0
1162,6,2021-05-27,329825,255083,74742,0,329825,0,0
1163,6,2021-05-28,334628,259802,74826,0,334628,0,0
1164,6,2021-05-29,339601,264747,74854,0,339601,0,0
1165,6,2021-05-30,343466,268609,74857,0,343466,0,0
1166,6,2021-05-31,349507,274606,74901,0,349507,0,0
1167,6,2021-06-01,355311,280378,74933,0,355311,0,0
1168,6,2021-06-02,360794,285834,74960,0,360794,0,0
1169,6,2021-06-03,366709,291718,74991,0,366709,0,0
1170,6,2021-06-04,372191,297146,75045,0,372191,0,0
1171,6,2021-06-05,377873,302775,75098,0,377873,0,0
1172,6,2021-06-06,379943,304833,75110,0,379943,0,0
1173,6,2021-06-07,383353,308126,75227,0,383353,0,0
1174,6,2021-06-08,384919,309608,75311,0,384919,0,0
1175,6,2021-06-09,387273,311860,75413,0,387273,0,0
1176,6,2021-06-10,389571,314057,75514,0,389571,0,0
1177,6,2021-06-11,395515,319892,75623,0,395515,0,0
1178,6,2021-06-12,401380,325649,75731,0,401380,0,0
1179,6,2021-06-13,405319,329564,75755,0,405319,0,0
1180,6,2021-06-14,412175,336282,75893,0,412175,0,0
1181,6,2021-06-15,419164,343058,76106,0,419164,0,0
1182,6,2021-06-16,425495,349204,76291,0,425495,0,0
1183,6,2021-06-17,432584,356082,76502,0,432584,0,0
1184,6,2021-06-18,440585,363813,76772,100,440485,0,0
1185,6,2021-06-19,450057,372899,77158,270,449787,0,0
1186,6,2021-06-20,453577,376354,77223,350,453227,0,0
1187,6,2021-06-21,460426,382966,77460,390,460036,0,0
1188,6,2021-06-22,468436,390586,77850,482,467954,0,0
1189,6,2021-06-23,475527,397301,78226,593,474934,0,0
1190,6,2021-06-24,482326,403380,78946,788,481538,0,0
1191,6,2021-06-25,489480,409614,79866,989,488491,0,0
1192,6,2021-06-26,498862,417304,81558,1099,497763,0,0
1193,6,2021-06-27,504126,421745,82381,1109,503017,0,0
1194,6,2021-06-28,511843,427780,84063,1138,510705,0,0
1195,6,2021-06-29,519880,434020,85860,1205,518675,0,0
1196,6,2021-06-30,526877,439301,87576,1375,525502,0,0
1197,6,2021-07-01,533897,444544,89353,1444,532453,0,0
1198,6,2021-07-02,541103,449392,91711,1529,539574,0,0
1199,6,2021-07-03,551586,456634,94952,1580,550006,0,0
1200,6,2021-07-04,558150,461440,96710,1580,556570,0,0
1201,6,2021-07-05,566601,467197,99404,1620,564981,0,0
1202,6,2021-07-06,574184,472038,102146,1647,572537,0,0
1203,6,2021-07-07,580735,476076,104659,1679,579056,0,0
1204,6,2021-07-08,586654,479535,107119,1693,584961,0,0
1205,6,2021-07-09,594496,483886,110610,1732,592764,0,0
1206,6,2021-07-10,605255,490212,115043,1806,603449,0,0
1207,6,2021-07-11,611733,494636,117097,1806,609927,0,0
1208,6,2021-07-12,620721,500328,120393,1838,618883,0,0
1209,6,2021-07-13,628577,505214,123363,1867,626710,0,0
1210,6,2021-07-14,646643,520502,126141,2032,644611,0,0
1211,6,2021-07-15,655179,525981,129198,2078,653101,0,0
1212,6,2021-07-16,664346,531740,132606,2174,662172,0,0
1213,6,2021-07-17,676154,538909,137245,2310,673844,0,0
1214,6,2021-07-18,684417,544177,140240,2310,682107,0,0
1215,6,2021-07-19,693228,549385,143843,2360,690868,0,0
1216,6,2021-07-20,703489,554918,148571,2507,700982,0,0
1217,6,2021-07-21,711040,558850,152190,2516,708524,0,0
1218,6,2021-07-22,720736,563735,157001,2761,717975,0,0
1219,6,2021-07-23,731391,569452,161939,2846,728545,0,0
1220,6,2021-07-24,745126,576913,168213,2875,742251,0,0
1221,6,2021-07-25,752626,581613,171013,2875,749751,0,0
1222,6,2021-07-26,761995,587081,174914,3111,758884,0,0
1223,6,2021-07-27,771657,592744,178913,3168,768489,0,0
1224,6,2021-07-28,780708,597901,182807,3220,777488,0,0
1225,6,2021-07-29,789355,603124,186231,3288,786067,0,0
1226,6,2021-07-30,798368,608006,190362,3336,795032,0,0
1227,6,2021-07-31,817144,621982,195162,3396,813748,0,0
1228,6,2021-08-01,844437,646859,197578,3801,840636,0,0
1229,6,2021-08-02,852218,651891,200327,3823,848395,0,0
1230,6,2021-08-03,863331,659902,203429,3902,859429,0,0
1231,6,2021-08-04,870600,664509,206091,3972,866628,0,0
1232,6,2021-08-05,878332,669284,209048,3996,874336,0,0
1233,6,2021-08-06,892796,679894,212902,4087,888709,0,0
1234,6,2021-08-07,904840,686609,218231,4134,900706,0,0
1235,6,2021-08-08,911473,690815,220658,4134,907339,0,0
1236,6,2021-08-09,923819,700285,223534,4156,919663,0,0
1237,7,2021-01-16,1040,1040,0,0,1040,0,0
1238,7,2021-01-17,1040,1040,0,0,1040,0,0
1239,7,2021-01-18,1656,1656,0,0,1656,0,0
1240,7,2021-01-19,2014,2014,0,0,2014,0,0
1241,7,2021-01-20,3351,3351,0,0,3351,0,0
1242,7,2021-01-21,5752,5752,0,0,5752,0,0
1243,7,2021-01-22,5807,5807,0,0,5807,0,0
1244,7,2021-01-23,12185,12185,0,0,12185,0,0
1245,7,2021-01-24,12506,12506,0,0,12506,0,0
1246,7,2021-01-25,24018,24018,0,0,24018,0,0
1247,7,2021-01-26,24120,24120,0,0,24120,0,0
1248,7,2021-01-27,36363,36363,0,0,36363,0,0
1249,7,2021-01-28,46869,46869,0,0,46869,0,0
1250,7,2021-01-29,47318,47318,0,0,47318,0,0
1251,7,2021-01-30,57446,57446,0,0,57446,0,0
1252,7,2021-01-31,57455,57455,0,0,57455,0,0
1253,7,2021-02-01,61482,61482,0,0,61482,0,0
1254,7,2021-02-02,64509,64509,0,0,64509,0,0
1255,7,2021-02-03,86044,86044,0,1,86043,0,0
1256,7,2021-02-04,115725,115725,0,1,115724,0,0
1257,7,2021-02-05,135072,135072,0,1,135071,0,0
1258,7,2021-02-06,153515,153515,0,1,153514,0,0
1259,7,2021-02-07,153531,153531,0,1,153530,0,0
1260,7,2021-02-08,168873,168873,0,6,168867,0,0
1261,7,2021-02-09,182898,182898,0,12,182886,0,0
1262,7,2021-02-10,201792,201792,0,42,201750,0,0
1263,7,2021-02-11,218958,218958,0,55,218903,0,0
1264,7,2021-02-12,234012,234012,0,75,233937,0,0
1265,7,2021-02-13,249169,248307,862,85,248222,0,0
1266,7,2021-02-14,250235,249309,926,85,249224,0,0
1267,7,2021-02-15,277098,271832,5266,106,271726,0,0
1268,7,2021-02-16,294241,287420,6821,107,287313,0,0
1269,7,2021-02-17,312728,302752,9976,119,302633,0,0
1270,7,2021-02-18,329628,315032,14596,151,314881,0,0
1271,7,2021-02-19,348220,331802,16418,198,331604,0,0
1272,7,2021-02-20,362135,341230,20905,220,341010,0,0
1273,7,2021-02-21,363144,342208,20936,220,341988,0,0
1274,7,2021-02-22,380439,351864,28575,232,351632,0,0
1275,7,2021-02-23,389928,358547,31381,269,358278,0,0
1276,7,2021-02-24,405172,365643,39529,310,365333,0,0
1277,7,2021-02-25,420647,372248,48399,353,371895,0,0
1278,7,2021-02-26,428473,376718,51755,371,376347,0,0
1279,7,2021-02-27,428473,376718,51755,371,376347,0,0
1280,7,2021-02-28,428473,376718,51755,371,376347,0,0
1281,7,2021-03-01,428473,376718,51755,371,376347,0,0
1282,7,2021-03-02,459117,397759,61358,381,397378,0,0
1283,7,2021-03-03,488780,417448,71332,389,417059,0,0
1284,7,2021-03-04,533925,445300,88625,402,444898,0,0
1285,7,2021-03-05,578118,474620,103498,419,474201,0,0
1286,7,2021-03-06,632575,512183,120392,425,511758,0,0
1287,7,2021-03-07,634619,514086,120533,425,513661,0,0
1288,7,2021-03-08,684432,551009,133423,433,550576,0,0
1289,7,2021-03-09,600698,456120,144578,0,600691,0,0
1290,7,2021-03-10,649606,489919,159687,0,649599,0,0
1291,7,2021-03-11,654318,493373,160945,0,654310,0,0
1292,7,2021-03-12,700964,524628,176336,0,700956,0,0
1293,7,2021-03-13,757035,565547,191488,0,757027,0,0
1294,7,2021-03-14,764290,572176,192114,0,764282,0,0
1295,7,2021-03-15,840424,632277,208147,70,840346,0,0
1296,7,2021-03-16,1043000,821735,221265,282,1042718,0,0
1297,7,2021-03-17,1155353,920994,234359,530,1154823,0,0
1298,7,2021-03-18,1233656,987493,246163,1001,1232655,0,0
1299,7,2021-03-19,1300911,1043993,256918,1346,1299565,0,0
1300,7,2021-03-20,1382139,1115002,267137,1840,1380299,0,0
1301,7,2021-03-21,1390076,1122049,268027,1882,1388194,0,0
1302,7,2021-03-22,1446236,1170273,275963,2362,1443874,0,0
1303,7,2021-03-23,1492021,1207717,284304,3090,1488931,0,0
1304,7,2021-03-24,1536898,1246634,290264,3875,1533023,0,0
1305,7,2021-03-25,1596613,1300439,296174,4756,1591857,0,0
1306,7,2021-03-26,1660268,1359811,300457,6409,1653859,0,0
1307,7,2021-03-27,1773189,1468773,304416,7977,1765212,0,0
1308,7,2021-03-28,1807760,1502883,304877,8415,1799345,0,0
1309,7,2021-03-29,1808453,1503420,305033,8415,1800038,0,0
1310,7,2021-03-30,1863632,1554803,308829,9005,1854627,0,0
1311,7,2021-03-31,1977918,1662021,315897,10585,1967333,0,0
1312,7,2021-04-01,2113279,1791743,321536,12922,2100357,0,0
1313,7,2021-04-02,2420539,2089641,330898,18341,2402198,0,0
1314,7,2021-04-03,2645394,2307001,338393,21138,2624256,0,0
1315,7,2021-04-04,2954955,2607721,347234,25994,2928961,0,0
1316,7,2021-04-05,3071531,2718779,352752,29139,3042392,0,0
1317,7,2021-04-06,3170579,2812713,357866,31947,3138632,0,0
1318,7,2021-04-07,3399416,3031106,368310,35471,3363945,0,0
1319,7,2021-04-08,3705558,3322112,383446,37403,3668155,0,0
1320,7,2021-04-09,3935158,3540293,394865,38895,3896263,0,0
1321,7,2021-04-10,4127809,3721410,406399,39557,4088252,0,0
1322,7,2021-04-11,4303664,3888257,415407,40226,4263438,0,0
1323,7,2021-04-12,4462366,4033441,428925,40711,4421655,0,0
1324,7,2021-04-13,4559739,4121532,438207,41359,4518380,0,0
1325,7,2021-04-14,4634362,4186570,447792,42770,4591592,0,0
1326,7,2021-04-15,4680227,4223870,456357,44276,4635951,0,0
1327,7,2021-04-16,4749614,4280059,469555,45939,4703675,0,0
1328,7,2021-04-17,4870174,4376707,493467,49014,4821160,0,0
1329,7,2021-04-18,4956412,4448418,507994,51883,4904529,0,0
1330,7,2021-04-19,5043193,4516858,526335,56887,4986306,0,0
1331,7,2021-04-20,5102706,4561812,540894,62145,5040561,0,0
1332,7,2021-04-21,5146543,4594052,552491,66233,5080310,0,0
1333,7,2021-04-22,5212126,4642296,569830,70829,5141297,0,0
1334,7,2021-04-23,5272734,4686119,586615,74984,5197750,0,0
1335,7,2021-04-24,5324210,4721290,602920,78238,5245972,0,0
1336,7,2021-04-25,5362347,4746201,616146,80052,5282295,0,0
1337,7,2021-04-26,5406298,4772454,633844,83078,5323220,0,0
1338,7,2021-04-27,5438541,4791314,647227,85056,5353485,0,0
1339,7,2021-04-28,5469617,4807697,661920,87930,5381687,0,0
1340,7,2021-04-29,5507510,4823914,683596,92561,5414949,0,0
1341,7,2021-04-30,5570909,4853003,717906,98009,5472900,0,0
1342,7,2021-05-01,5620382,4876021,744361,102959,5517423,0,0
1343,7,2021-05-02,5646987,4887659,759328,105360,5541627,0,0
1344,7,2021-05-03,5684458,4902668,781790,109412,5575046,0,0
1345,7,2021-05-04,5715512,4914311,801201,113467,5602045,0,0
1346,7,2021-05-05,5746229,4925570,820659,117486,5628743,0,0
1347,7,2021-05-06,5786848,4939907,846941,122577,5664271,0,0
1348,7,2021-05-07,5815669,4950080,865589,126630,5689039,0,0
1349,7,2021-05-08,5842656,4958357,884299,130550,5712106,0,0
1350,7,2021-05-09,5857150,4963503,893647,133343,5723807,0,0
1351,7,2021-05-10,5906806,4978422,928384,137165,5769641,0,0
1352,7,2021-05-11,5956903,4993821,963082,140748,5816155,0,0
1353,7,2021-05-12,5996204,5010466,985738,145405,5850799,0,0
1354,7,2021-05-13,6046459,5028824,1017635,150202,5896257,0,0
1355,7,2021-05-14,6095570,5044873,1050697,153806,5941764,0,0
1356,7,2021-05-15,6138265,5058803,1079462,158098,5980167,0,0
1357,7,2021-05-16,6142785,5062151,1080634,159995,5982790,0,0
1358,7,2021-05-17,6149696,5067225,1082471,162783,5986913,0,0
1359,7,2021-05-18,6155825,5072140,1083685,165158,5990667,0,0
1360,7,2021-05-19,6162226,5077038,1085188,167555,5994671,0,0
1361,7,2021-05-20,6169020,5081726,1087294,169719,5999301,0,0
1362,7,2021-05-21,6175778,5086685,1089093,171751,6004027,0,0
1363,7,2021-05-22,6183624,5092839,1090785,173918,6009706,0,0
1364,7,2021-05-23,6188816,5097092,1091724,175407,6013409,0,0
1365,7,2021-05-24,6195690,5102121,1093569,177644,6018046,0,0
1366,7,2021-05-25,6201165,5105905,1095260,179938,6021227,0,0
1367,7,2021-05-26,6207632,5110865,1096767,181885,6025747,0,0
1368,7,2021-05-27,6211851,5113867,1097984,183321,6028530,0,0
1369,7,2021-05-28,6221398,5121403,1099995,185599,6035799,0,0
1370,7,2021-05-29,6229290,5127168,1102122,187725,6041565,0,0
1371,7,2021-05-30,6233466,5130182,1103284,189047,6044419,0,0
1372,7,2021-05-31,6240528,5134658,1105870,191336,6049192,0,0
1373,7,2021-06-01,6252505,5139437,1113068,195719,6056786,0,0
1374,7,2021-06-02,6260124,5143077,1117047,198391,6061733,0,0
1375,7,2021-06-03,6267748,5146027,1121721,201339,6066409,0,0
1376,7,2021-06-04,6274404,5148601,1125803,203908,6070496,0,0
1377,7,2021-06-05,6282084,5151405,1130679,206352,6075732,0,0
1378,7,2021-06-06,6285625,5152970,1132655,207896,6077729,0,0
1379,7,2021-06-07,6290982,5155182,1135800,210344,6080638,0,0
1380,7,2021-06-08,6296915,5157533,1139382,212820,6084095,0,0
1381,7,2021-06-09,6304358,5160281,1144077,215511,6088847,0,0
1382,7,2021-06-10,6311317,5162838,1148479,218061,6093256,0,0
1383,7,2021-06-11,6318147,5165344,1152803,220560,6097587,0,0
1384,7,2021-06-12,6325547,5168451,1157096,223098,6102449,0,0
1385,7,2021-06-13,6330309,5170438,1159871,224870,6105439,0,0
1386,7,2021-06-14,6337979,5173815,1164164,227050,6110929,0,0
1387,7,2021-06-15,6344469,5176603,1167866,229093,6115376,0,0
1388,7,2021-06-16,6350848,5179502,1171346,230609,6120239,0,0
1389,7,2021-06-17,6357584,5182271,1175313,232094,6125490,0,0
1390,7,2021-06-18,6365119,5185507,1179612,233692,6131427,0,0
1391,7,2021-06-19,6375229,5189635,1185594,235332,6139897,0,0
1392,7,2021-06-20,6380490,5192061,1188429,236184,6144306,0,0
1393,7,2021-06-21,6480379,5278123,1202256,251667,6228633,79,0
1394,7,2021-06-22,6605593,5386159,1219434,270280,6335234,79,0
1395,7,2021-06-23,6783572,5541241,1242331,286777,6496716,79,0
1396,7,2021-06-24,7020698,5739810,1280888,308524,6712049,125,0
1397,7,2021-06-25,7245933,5918014,1327919,338849,6906959,125,0
1398,7,2021-06-26,7602182,6211885,1390297,421246,7180769,167,0
1399,7,2021-06-27,7821930,6380368,1441562,467148,7354615,167,0
1400,7,2021-06-28,8104281,6602957,1501324,539894,7564211,176,0
1401,7,2021-06-29,8313712,6766414,1547298,603408,7710093,211,0
1402,7,2021-06-30,8453345,6879610,1573735,668560,7784554,231,0
1403,7,2021-07-01,8588153,6996558,1591595,763749,7824170,234,0
1404,7,2021-07-02,8680874,7076496,1604378,829551,7851081,242,0
1405,7,2021-07-03,8823500,7167424,1656076,875053,7948204,243,0
1406,7,2021-07-04,8904745,7217817,1686928,890214,8014288,243,0
1407,7,2021-07-05,9001750,7279827,1721923,909260,8092239,251,0
1408,7,2021-07-06,9044519,7307678,1736841,918593,8125447,479,0
1409,7,2021-07-07,9065399,7321544,1743855,923520,8141131,748,0
1410,7,2021-07-08,9152127,7374760,1777367,926306,8224829,992,0
1411,7,2021-07-09,9258662,7438953,1819709,929825,8327752,1085,0
1412,7,2021-07-10,9331192,7492006,1839186,960317,8369786,1089,0
1413,7,2021-07-11,9350244,7506260,1843984,969039,8380116,1089,0
1414,7,2021-07-12,9371010,7521061,1849949,975886,8393869,1255,0
1415,7,2021-07-13,9381749,7528635,1853114,978995,8401355,1399,0
1416,7,2021-07-14,9630813,7744106,1886707,1004665,8624587,1561,0
1417,7,2021-07-15,9676220,7769158,1907062,1005639,8668768,1813,0
1418,7,2021-07-16,9691397,7778039,1913358,1006229,8683175,1993,0
1419,7,2021-07-17,9876604,7889111,1987493,1006687,8867637,2280,0
1420,7,2021-07-18,9951458,7939192,2012266,1018982,8930196,2280,0
1421,7,2021-07-19,10109053,8041911,2067142,1029635,9076911,2507,0
1422,7,2021-07-20,10244935,8135158,2109777,1035615,9206610,2710,0
1423,7,2021-07-21,10291464,8170833,2120631,1039143,9249408,2913,0
1424,7,2021-07-22,10341831,8207768,2134063,1042089,9296684,3058,0
1425,7,2021-07-23,10375583,8232424,2143159,1048666,9323702,3215,0
1426,7,2021-07-24,10417072,8262459,2154613,1063007,9350673,3392,0
1427,7,2021-07-25,10486913,8308316,2178597,1079908,9403613,3392,0
1428,7,2021-07-26,10562418,8363088,2199330,1101147,9457728,3543,0
1429,7,2021-07-27,10608626,8395689,2212937,1115049,9489868,3709,0
1430,7,2021-07-28,10647064,8422153,2224911,1127089,9516155,3820,0
1431,7,2021-07-29,10753709,8494366,2259343,1136416,9613280,4013,0
1432,7,2021-07-30,10850626,8563013,2287613,1141904,9704617,4105,0
1433,7,2021-07-31,10953455,8632804,2320651,1172835,9776313,4307,0
1434,7,2021-08-01,11081805,8748715,2333090,1186436,9891061,4308,0
1435,7,2021-08-02,11127137,8775131,2352006,1194883,9927885,4369,0
1436,7,2021-08-03,11181365,8808298,2373067,1208736,9968025,4604,0
1437,7,2021-08-04,11223885,8829395,2394490,1227322,9991867,4696,0
1438,7,2021-08-05,11381768,8917133,2464635,1264158,10112788,4822,0
1439,7,2021-08-06,11593716,9069399,2524317,1293740,10295004,4972,0
1440,7,2021-08-07,11685860,9123044,2562816,1313379,10367361,5120,0
1441,7,2021-08-08,11710567,9136504,2574063,1318270,10387177,5120,0
1442,7,2021-08-09,11769177,9181482,2587695,1326528,10437403,5246,0
1443,8,2021-01-16,23,23,0,0,23,0,0
1444,8,2021-01-17,23,23,0,0,23,0,0
1445,8,2021-01-18,15,15,0,0,15,0,0
1446,8,2021-01-19,31,31,0,0,31,0,0
1447,8,2021-01-20,31,31,0,0,31,0,0
1448,8,2021-01-21,78,78,0,0,78,0,0
1449,8,2021-01-22,113,113,0,0,113,0,0
1450,8,2021-01-23,280,280,0,0,280,0,0
1451,8,2021-01-24,312,312,0,0,312,0,0
1452,8,2021-01-25,362,362,0,0,362,0,0
1453,8,2021-01-26,362,362,0,0,362,0,0
1454,8,2021-01-27,404,404,0,0,404,0,0
1455,8,2021-01-28,559,559,0,0,559,0,0
1456,8,2021-01-29,706,706,0,0,706,0,0
1457,8,2021-01-30,852,852,0,0,852,0,0
1458,8,2021-01-31,856,856,0,0,856,0,0
1459,8,2021-02-01,1038,1038,0,0,1038,0,0
1460,8,2021-02-02,1181,1181,0,0,1181,0,0
1461,8,2021-02-03,1421,1421,0,0,1421,0,0
1462,8,2021-02-04,1681,1681,0,0,1681,0,0
1463,8,2021-02-05,1931,1931,0,0,1931,0,0
1464,8,2021-02-06,2255,2255,0,0,2255,0,0
1465,8,2021-02-07,2255,2255,0,0,2255,0,0
1466,8,2021-02-08,2329,2329,0,0,2329,0,0
1467,8,2021-02-09,2567,2567,0,0,2567,0,0
1468,8,2021-02-10,3309,3309,0,0,3309,0,0
1469,8,2021-02-11,3672,3672,0,0,3672,0,0
1470,8,2021-02-12,3931,3931,0,0,3931,0,0
1471,8,2021-02-13,4131,4060,71,0,4060,0,0
1472,8,2021-02-14,4131,4060,71,0,4060,0,0
1473,8,2021-02-15,4425,4347,78,0,4347,0,0
1474,8,2021-02-16,4754,4590,164,0,4590,0,0
1475,8,2021-02-17,5483,5295,188,0,5295,0,0
1476,8,2021-02-18,5776,5569,207,0,5569,0,0
1477,8,2021-02-19,6504,6174,330,0,6174,0,0
1478,8,2021-02-20,6841,6376,465,0,6376,0,0
1479,8,2021-02-21,6841,6376,465,0,6376,0,0
1480,8,2021-02-22,7003,6488,515,0,6488,0,0
1481,8,2021-02-23,7061,6539,522,0,6539,0,0
1482,8,2021-02-24,7135,6609,526,0,6609,0,0
1483,8,2021-02-25,7675,7077,598,0,7077,0,0
1484,8,2021-02-26,7978,7304,674,0,7304,0,0
1485,8,2021-02-27,7978,7304,674,0,7304,0,0
1486,8,2021-02-28,7978,7304,674,0,7304,0,0
1487,8,2021-03-01,7978,7304,674,0,7304,0,0
1488,8,2021-03-02,9433,8469,964,0,8469,0,0
1489,8,2021-03-03,7675,7077,598,0,7077,0,0
1490,8,2021-03-04,7978,7304,674,0,7304,0,0
1491,8,2021-03-05,7978,7304,674,0,7304,0,0
1492,8,2021-03-06,13130,11246,1884,0,11246,0,0
1493,8,2021-03-07,13138,11254,1884,0,11254,0,0
1494,8,2021-03-08,13858,11841,2017,0,11841,0,0
1495,8,2021-03-09,12668,10402,2266,0,12668,0,0
1496,8,2021-03-10,13669,11023,2646,0,13669,0,0
1497,8,2021-03-11,13669,11023,2646,0,13669,0,0
1498,8,2021-03-12,14781,11749,3032,0,14781,0,0
1499,8,2021-03-13,15595,12345,3250,0,15595,0,0
1500,8,2021-03-14,15595,12345,3250,0,15595,0,0
1501,8,2021-03-15,16581,13044,3537,0,16581,0,0
1502,8,2021-03-16,19497,15828,3669,0,19497,0,0
1503,8,2021-03-17,21037,17143,3894,0,21037,0,0
1504,8,2021-03-18,21695,17573,4122,0,21695,0,0
1505,8,2021-03-19,22889,18481,4408,0,22889,0,0
1506,8,2021-03-20,23782,19170,4612,0,23782,0,0
1507,8,2021-03-21,23840,19218,4622,0,23840,0,0
1508,8,2021-03-22,24700,19992,4708,0,24700,0,0
1509,8,2021-03-23,26241,21322,4919,0,26241,0,0
1510,8,2021-03-24,26823,21779,5044,0,26823,0,0
1511,8,2021-03-25,27819,22593,5226,0,27819,0,0
1512,8,2021-03-26,28419,23111,5308,0,28419,0,0
1513,8,2021-03-27,28447,23138,5309,0,28447,0,0
1514,8,2021-03-28,28457,23148,5309,0,28457,0,0
1515,8,2021-03-29,29349,23794,5555,0,29349,0,0
1516,8,2021-03-30,30198,24471,5727,0,30198,0,0
1517,8,2021-03-31,32990,27071,5919,0,32990,0,0
1518,8,2021-04-01,37137,30937,6200,0,37137,0,0
1519,8,2021-04-02,40942,34424,6518,0,40942,0,0
1520,8,2021-04-03,44217,37495,6722,0,44217,0,0
1521,8,2021-04-04,48053,40921,7132,0,48053,0,0
1522,8,2021-04-05,50515,43184,7331,0,50515,0,0
1523,8,2021-04-06,56029,48313,7716,0,56029,0,0
1524,8,2021-04-07,60292,52156,8136,0,60292,0,0
1525,8,2021-04-08,64160,55718,8442,0,64160,0,0
1526,8,2021-04-09,67908,59130,8778,0,67908,0,0
1527,8,2021-04-10,70523,61498,9025,0,70523,0,0
1528,8,2021-04-11,74110,64703,9407,0,74110,0,0
1529,8,2021-04-12,76064,66367,9697,0,76064,0,0
1530,8,2021-04-13,77860,67859,10001,0,77860,0,0
1531,8,2021-04-14,79439,69063,10376,0,79439,0,0
1532,8,2021-04-15,81476,70628,10848,0,81476,0,0
1533,8,2021-04-16,83143,71964,11179,0,83143,0,0
1534,8,2021-04-17,83679,72365,11314,0,83679,0,0
1535,8,2021-04-18,84945,73240,11705,0,84945,0,0
1536,8,2021-04-19,86395,74293,12102,0,86395,0,0
1537,8,2021-04-20,87079,74768,12311,0,87079,0,0
1538,8,2021-04-21,88091,75414,12677,0,88091,0,0
1539,8,2021-04-22,89186,76124,13062,0,89186,0,0
1540,8,2021-04-23,90101,76716,13385,0,90101,0,0
1541,8,2021-04-24,90450,76905,13545,0,90450,0,0
1542,8,2021-04-25,91408,77374,14034,0,91408,0,0
1543,8,2021-04-26,92300,77814,14486,0,92300,0,0
1544,8,2021-04-27,93189,78216,14973,0,93189,0,0
1545,8,2021-04-28,94148,78680,15468,0,94148,0,0
1546,8,2021-04-29,94676,78893,15783,0,94676,0,0
1547,8,2021-04-30,94676,78893,15783,0,94676,0,0
1548,8,2021-05-01,96320,79753,16567,0,96320,0,0
1549,8,2021-05-02,96619,79890,16729,0,96619,0,0
1550,8,2021-05-03,97465,80227,17238,0,97465,0,0
1551,8,2021-05-04,98306,80554,17752,0,98306,0,0
1552,8,2021-05-05,99304,80984,18320,0,99304,0,0
1553,8,2021-05-06,100560,81425,19135,0,100560,0,0
1554,8,2021-05-07,102229,82133,20096,0,102229,0,0
1555,8,2021-05-08,103338,82566,20772,0,103338,0,0
1556,8,2021-05-09,103786,82726,21060,0,103786,0,0
1557,8,2021-05-10,104954,83125,21829,0,104954,0,0
1558,8,2021-05-11,105912,83422,22490,0,105912,0,0
1559,8,2021-05-12,106625,83791,22834,0,106625,0,0
1560,8,2021-05-13,109633,85968,23665,0,109633,0,0
1561,8,2021-05-14,113326,88556,24770,0,113326,0,0
1562,8,2021-05-15,117518,91647,25871,0,117518,0,0
1563,8,2021-05-16,120646,94759,25887,0,120646,0,0
1564,8,2021-05-17,123420,97527,25893,0,123420,0,0
1565,8,2021-05-18,123865,97967,25898,0,123865,0,0
1566,8,2021-05-19,126803,100902,25901,0,126803,0,0
1567,8,2021-05-20,133618,107711,25907,0,133618,0,0
1568,8,2021-05-21,140028,114121,25907,0,140028,0,0
1569,8,2021-05-22,146279,120370,25909,0,146279,0,0
1570,8,2021-05-23,150932,125022,25910,0,150932,0,0
1571,8,2021-05-24,156860,130945,25915,0,156860,0,0
1572,8,2021-05-25,162836,136916,25920,0,162836,0,0
1573,8,2021-05-26,168731,142805,25926,0,168731,0,0
1574,8,2021-05-27,174518,148574,25944,0,174518,0,0
1575,8,2021-05-28,180694,154743,25951,0,180694,0,0
1576,8,2021-05-29,186645,160687,25958,0,186645,0,0
1577,8,2021-05-30,189815,163856,25959,0,189815,0,0
1578,8,2021-05-31,196079,170105,25974,0,196079,0,0
1579,8,2021-06-01,202000,176010,25990,0,202000,0,0
1580,8,2021-06-02,207670,181665,26005,0,207670,0,0
1581,8,2021-06-03,211798,185784,26014,0,211798,0,0
1582,8,2021-06-04,215802,189765,26037,0,215802,0,0
1583,8,2021-06-05,223040,196978,26062,0,223040,0,0
1584,8,2021-06-06,223524,197457,26067,0,223524,0,0
1585,8,2021-06-07,229256,203171,26085,0,229256,0,0
1586,8,2021-06-08,235270,209124,26146,0,235270,0,0
1587,8,2021-06-09,240179,214014,26165,0,240179,0,0
1588,8,2021-06-10,245100,218904,26196,0,245100,0,0
1589,8,2021-06-11,254764,228473,26291,0,254764,0,0
1590,8,2021-06-12,266651,240306,26345,0,266651,0,0
1591,8,2021-06-13,266969,240620,26349,0,266969,0,0
1592,8,2021-06-14,272199,245784,26415,0,272199,0,0
1593,8,2021-06-15,278954,252456,26498,0,278954,0,0
1594,8,2021-06-16,284862,258254,26608,0,284862,0,0
1595,8,2021-06-17,290875,264197,26678,0,290875,0,0
1596,8,2021-06-18,297644,270889,26755,12,297632,0,0
1597,8,2021-06-19,308375,281451,26924,12,308363,0,0
1598,8,2021-06-21,317267,290224,27043,12,317255,0,0
1599,8,2021-06-22,325006,297701,27305,12,324994,0,0
1600,8,2021-06-23,332131,304552,27579,12,332119,0,0
1601,8,2021-06-24,341048,312751,28297,12,341036,0,0
1602,8,2021-06-25,358072,328407,29665,12,358060,0,0
1603,8,2021-06-26,373369,341459,31910,12,373357,0,0
1604,8,2021-06-27,379687,346721,32966,12,379675,0,0
1605,8,2021-06-28,395486,359960,35526,12,395474,0,0
1606,8,2021-06-29,410791,372906,37885,12,410779,0,0
1607,8,2021-06-30,427328,387093,40235,12,427316,0,0
1608,8,2021-07-01,440380,397956,42424,12,440368,0,0
1609,8,2021-07-02,452556,407860,44696,12,452544,0,0
1610,8,2021-07-03,466349,418716,47633,12,466337,0,0
1611,8,2021-07-04,470444,422031,48413,12,470432,0,0
1612,8,2021-07-05,480984,430117,50867,12,480972,0,0
1613,8,2021-07-06,490259,437350,52909,12,490247,0,0
1614,8,2021-07-07,498827,444220,54607,12,498815,0,0
1615,8,2021-07-08,507064,450935,56129,12,507052,0,0
1616,8,2021-07-09,515931,458057,57874,12,515919,0,0
1617,8,2021-07-10,526065,466297,59768,12,526053,0,0
1618,8,2021-07-11,529280,468945,60335,12,529268,0,0
1619,8,2021-07-12,537625,476046,61579,12,537613,0,0
1620,8,2021-07-13,545506,482903,62603,12,545494,0,0
1621,8,2021-07-14,556914,493223,63691,12,556902,0,0
1622,8,2021-07-15,563640,499125,64515,12,563628,0,0
1623,8,2021-07-16,571175,505750,65425,12,571163,0,0
1624,8,2021-07-17,577408,510853,66555,12,577396,0,0
1625,8,2021-07-18,578466,511641,66825,12,578454,0,0
1626,8,2021-07-19,582330,514780,67550,12,582318,0,0
1627,8,2021-07-20,586391,518038,68353,12,586379,0,0
1628,8,2021-07-21,589138,520184,68954,12,589126,0,0
1629,8,2021-07-22,593122,523395,69727,12,593110,0,0
1630,8,2021-07-23,597203,526635,70568,12,597191,0,0
1631,8,2021-07-24,601578,530226,71352,12,601566,0,0
1632,8,2021-07-25,602615,531096,71519,12,602603,0,0
1633,8,2021-07-26,606626,534491,72135,34,606592,0,0
1634,8,2021-07-27,611269,538600,72669,34,611235,0,0
1635,8,2021-07-28,615500,542326,73174,34,615466,0,0
1636,8,2021-07-29,619866,546225,73641,34,619832,0,0
1637,8,2021-07-30,624332,550157,74175,34,624298,0,0
1638,8,2021-07-31,629887,555117,74770,35,629852,0,0
1639,8,2021-08-01,632753,557791,74962,47,632706,0,0
1640,8,2021-08-02,636961,561594,75367,47,636914,0,0
1641,8,2021-08-03,641218,565492,75726,47,641171,0,0
1642,8,2021-08-04,644843,568728,76115,47,644796,0,0
1643,8,2021-08-05,366946,331471,35475,47,366899,0,0
1644,8,2021-08-06,653596,576155,77441,47,653549,0,0
1645,8,2021-08-07,659199,580287,78912,47,659152,0,0
1646,8,2021-08-08,660860,581361,79499,47,660813,0,0
1647,8,2021-08-09,665221,584370,80851,47,665174,0,0
1648,9,2021-01-16,892,892,0,33,859,0,0
1649,9,2021-01-17,1005,1005,0,36,969,0,0
1650,9,2021-01-18,1366,1366,0,46,1320,0,0
1651,9,2021-01-19,3041,3041,0,164,2877,0,0
1652,9,2021-01-20,3041,3041,0,164,2877,0,0
1653,9,2021-01-21,5308,5308,0,264,5044,0,0
1654,9,2021-01-22,5331,5331,0,264,5067,0,0
1655,9,2021-01-23,12312,12312,0,550,11762,0,0
1656,9,2021-01-24,12614,12614,0,558,12056,0,0
1657,9,2021-01-25,20373,20373,0,983,19390,0,0
1658,9,2021-01-26,20427,20427,0,983,19444,0,0
1659,9,2021-01-27,27603,27603,0,1334,26269,0,0
1660,9,2021-01-28,35881,35881,0,1785,34096,0,0
1661,9,2021-01-29,35937,35937,0,1787,34150,0,0
1662,9,2021-01-30,44758,44758,0,2174,42584,0,0
1663,9,2021-01-31,44840,44840,0,2176,42664,0,0
1664,9,2021-02-01,52760,52760,0,2640,50120,0,0
1665,9,2021-02-02,62086,62086,0,3869,58217,0,0
1666,9,2021-02-03,69462,69462,0,4863,64599,0,0
1667,9,2021-02-04,78948,78948,0,5969,72979,0,0
1668,9,2021-02-05,88045,88045,0,6990,81055,0,0
1669,9,2021-02-06,97492,97492,0,7983,89509,0,0
1670,9,2021-02-07,97495,97495,0,7983,89512,0,0
1671,9,2021-02-08,107116,107116,0,9413,97703,0,0
1672,9,2021-02-09,119917,119917,0,11440,108477,0,0
1673,9,2021-02-10,134600,134600,0,13731,120869,0,0
1674,9,2021-02-11,150348,150348,0,16941,133407,0,0
1675,9,2021-02-12,164976,164976,0,19955,145021,0,0
1676,9,2021-02-13,180141,178174,1967,22509,155665,0,0
1677,9,2021-02-14,180143,178176,1967,22510,155666,0,0
1678,9,2021-02-15,197031,192891,4140,25669,167222,0,0
1679,9,2021-02-16,214273,207447,6826,28598,178849,0,0
1680,9,2021-02-17,231544,223511,8033,32389,191122,0,0
1681,9,2021-02-18,252843,241096,11747,38030,203066,0,0
1682,9,2021-02-19,283629,270025,13604,43994,226031,0,0
1683,9,2021-02-20,309410,291137,18273,49981,241156,0,0
1684,9,2021-02-21,309419,291146,18273,49981,241165,0,0
1685,9,2021-02-22,336544,312680,23864,56177,256503,0,0
1686,9,2021-02-23,356662,330559,26103,60898,269661,0,0
1687,9,2021-02-24,375038,344481,30557,64670,279811,0,0
1688,9,2021-02-25,393471,357350,36121,68484,288866,0,0
1689,9,2021-02-26,406431,367699,38732,71286,296413,0,0
1690,9,2021-02-27,406431,367699,38732,71286,296413,0,0
1691,9,2021-02-28,406431,367699,38732,71286,296413,0,0
1692,9,2021-03-01,406431,367699,38732,71286,296413,0,0
1693,9,2021-03-02,428377,383386,44991,75701,307685,0,0
1694,9,2021-03-03,443842,394019,49823,79096,314923,0,0
1695,9,2021-03-04,460312,405213,55099,82300,322913,0,0
1696,9,2021-03-05,475589,414969,60620,85019,329950,0,0
1697,9,2021-03-06,495154,426890,68264,88221,338669,0,0
1698,9,2021-03-07,495243,426957,68286,88270,338687,0,0
1699,9,2021-03-08,516188,440429,75759,91856,348573,0,0
1700,9,2021-03-09,480051,395281,84770,100014,379958,0,0
1701,9,2021-03-10,498624,405377,93247,103968,394577,0,0
1702,9,2021-03-11,516448,415349,101099,108226,408141,0,0
1703,9,2021-03-12,535790,425063,110727,112680,423028,0,0
1704,9,2021-03-13,560366,438850,121516,118514,441769,0,0
1705,9,2021-03-14,560392,438862,121530,118514,441795,0,0
1706,9,2021-03-15,585854,453718,132136,124837,460934,0,0
1707,9,2021-03-16,682847,539287,143560,137588,545259,0,0
1708,9,2021-03-17,884805,731870,152935,184514,700291,0,0
1709,9,2021-03-18,925610,758842,166768,195177,730433,0,0
1710,9,2021-03-19,954512,776830,177682,202405,752107,0,0
1711,9,2021-03-20,1002671,810104,192567,215262,787409,0,0
1712,9,2021-03-21,1004072,811261,192811,215631,788441,0,0
1713,9,2021-03-22,1046767,839942,206825,227593,819174,0,0
1714,9,2021-03-23,1090763,871370,219393,240728,850035,0,0
1715,9,2021-03-24,1115802,889115,226687,247730,868072,0,0
1716,9,2021-03-25,1158650,923806,234844,261334,897316,0,0
1717,9,2021-03-26,1180586,941076,239510,267273,913313,0,0
1718,9,2021-03-27,1222108,977993,244115,280988,941120,0,0
1719,9,2021-03-28,1222713,978569,244144,281159,941554,0,0
1720,9,2021-03-29,1222719,978572,244147,281150,941569,0,0
1721,9,2021-03-30,1265239,1013442,251797,295739,969500,0,0
1722,9,2021-03-31,1294057,1034327,259730,304874,989183,0,0
1723,9,2021-04-01,1355145,1087850,267295,325561,1029584,0,0
1724,9,2021-04-02,1427069,1152888,274181,351251,1075818,0,0
1725,9,2021-04-03,1493167,1211419,281748,373679,1119488,0,0
1726,9,2021-04-04,1578252,1290748,287504,404762,1173490,0,0
1727,9,2021-04-05,1649227,1352825,296402,429497,1219730,0,0
1728,9,2021-04-06,1698781,1396046,302735,447796,1250985,0,0
1729,9,2021-04-07,1784983,1469113,315870,477505,1307478,0,0
1730,9,2021-04-08,1897519,1565572,331947,515071,1382448,0,0
1731,9,2021-04-09,1956686,1613146,343540,532226,1424460,0,0
1732,9,2021-04-10,2062691,1705350,357341,570732,1491959,0,0
1733,9,2021-04-11,2145719,1780609,365110,602240,1543479,0,0
1734,9,2021-04-12,2235902,1855493,380409,635229,1600673,0,0
1735,9,2021-04-13,2304883,1912002,392881,661547,1643336,0,0
1736,9,2021-04-14,2376987,1971274,405713,688050,1688937,0,0
1737,9,2021-04-15,2454871,2031982,422889,716471,1738400,0,0
1738,9,2021-04-16,2504071,2065695,438376,730737,1773334,0,0
1739,9,2021-04-17,2572685,2121099,451586,756067,1816618,0,0
1740,9,2021-04-18,2621277,2162307,458970,774240,1847037,0,0
1741,9,2021-04-19,2682092,2202752,479340,795593,1886499,0,0
1742,9,2021-04-20,2732507,2238271,494236,813979,1918528,0,0
1743,9,2021-04-21,2787116,2277803,509313,832393,1954723,0,0
1744,9,2021-04-22,2855657,2325997,529660,857044,1998613,0,0
1745,9,2021-04-23,2891857,2347381,544476,866767,2025090,0,0
1746,9,2021-04-24,2962231,2395935,566296,892412,2069819,0,0
1747,9,2021-04-25,3003477,2425352,578125,904993,2098484,0,0
1748,9,2021-04-26,3061567,2461970,599597,924779,2136788,0,0
1749,9,2021-04-27,3114832,2495676,619156,943088,2171744,0,0
1750,9,2021-04-28,3147893,2512508,635385,951007,2196886,0,0
1751,9,2021-04-29,3224828,2558135,666693,978857,2245971,0,0
1752,9,2021-04-30,3271950,2581651,690299,992050,2279900,0,0
1753,9,2021-05-01,3323249,2611942,711307,1014760,2308489,0,0
1754,9,2021-05-02,3324902,2613227,711675,1015048,2309854,0,0
1755,9,2021-05-03,3415728,2676373,739355,1054775,2360953,0,0
1756,9,2021-05-04,3507635,2742953,764682,1093302,2414333,0,0
1757,9,2021-05-05,3576091,2800013,776078,1117442,2458649,0,0
1758,9,2021-05-06,3693814,2883317,810497,1165057,2528757,0,0
1759,9,2021-05-07,3774068,2951479,822589,1193011,2581057,0,0
1760,9,2021-05-08,3905912,3044458,861454,1244664,2661248,0,0
1761,9,2021-05-09,3907469,3045394,862075,1244756,2662713,0,0
1762,9,2021-05-10,4051457,3142198,909259,1299416,2752041,0,0
1763,9,2021-05-11,4183896,3229399,954497,1346627,2837269,0,0
1764,9,2021-05-12,4259338,3292311,967027,1363489,2895849,0,0
1765,9,2021-05-13,4385905,3378261,1007644,1405495,2980410,0,0
1766,9,2021-05-14,4390592,3381649,1008943,1406138,2984454,0,0
1767,9,2021-05-15,4511407,3464560,1046847,1441744,3069663,0,0
1768,9,2021-05-16,4603220,3544850,1058370,1461962,3141258,0,0
1769,9,2021-05-17,4717683,3639716,1077967,1486103,3231580,0,0
1770,9,2021-05-18,4824666,3729586,1095080,1507234,3317432,0,0
1771,9,2021-05-19,4893993,3791772,1102221,1514976,3379017,0,0
1772,9,2021-05-20,4972927,3849484,1123443,1537051,3435876,0,0
1773,9,2021-05-21,5023829,3891569,1132260,1547651,3476178,0,0
1774,9,2021-05-22,5089359,3937525,1151834,1568945,3520414,0,0
1775,9,2021-05-23,5094051,3941970,1152081,1569666,3524385,0,0
1776,9,2021-05-24,5149101,3982667,1166434,1583569,3565532,0,0
1777,9,2021-05-25,5193420,4016461,1176959,1593299,3600121,0,0
1778,9,2021-05-26,5227641,4047233,1180408,1598134,3629507,0,0
1779,9,2021-05-27,5267046,4081178,1185868,1602551,3664495,0,0
1780,9,2021-05-28,5298144,4109416,1188728,1606098,3692046,0,0
1781,9,2021-05-29,5352466,4148595,1203871,1622828,3729638,0,0
1782,9,2021-05-30,5362104,4157813,1204291,1623097,3739007,0,0
1783,9,2021-05-31,5419341,4194986,1224355,1643548,3775793,0,0
1784,9,2021-06-01,5469628,4228359,1241269,1662436,3807192,0,0
1785,9,2021-06-02,5506534,4257176,1249358,1671645,3834889,0,0
1786,9,2021-06-03,5559386,4294738,1264648,1687996,3871390,0,0
1787,9,2021-06-04,5599054,4329324,1269730,1693027,3906027,0,0
1788,9,2021-06-05,5656091,4371075,1285016,1708079,3948012,0,0
1789,9,2021-06-06,5671497,4385618,1285879,1708860,3962637,0,0
1790,9,2021-06-07,5737887,4419597,1318290,1739312,3998575,0,0
1791,9,2021-06-08,5786229,4445352,1340877,1760273,4025956,0,0
1792,9,2021-06-09,5834482,4471099,1363383,1781555,4052927,0,0
1793,9,2021-06-10,5916278,4521905,1394373,1811475,4104803,0,0
1794,9,2021-06-11,5995748,4583464,1412284,1828779,4166949,20,0
1795,9,2021-06-12,6079589,4638935,1440654,1855584,4223915,90,0
1796,9,2021-06-13,6094030,4650867,1443163,1857898,4236042,90,0
1797,9,2021-06-14,6154661,4690576,1464085,1875843,4278508,310,0
1798,9,2021-06-15,6208289,4719321,1488968,1898154,4309610,525,0
1799,9,2021-06-16,6263721,4756248,1507473,1916268,4346834,619,0
1800,9,2021-06-17,6355530,4818228,1537302,1943850,4411061,619,0
1801,9,2021-06-18,6434195,4881510,1552685,1957666,4475910,619,0
1802,9,2021-06-19,6522118,4943731,1578387,1980433,4540976,709,0
1803,9,2021-06-20,6533793,4953785,1580008,1982623,4550461,709,0
1804,9,2021-06-21,6611234,5013438,1597796,1998961,4611564,709,0
1805,9,2021-06-22,6697233,5080592,1616641,2013156,4683293,784,0
1806,9,2021-06-23,6807716,5179708,1628008,2020593,4786314,809,0
1807,9,2021-06-24,6966205,5318124,1648081,2031478,4933853,874,0
1808,9,2021-06-25,7121582,5456691,1664891,2036514,5084071,997,0
1809,9,2021-06-26,7329652,5629446,1700206,2050772,5277540,1340,0
1810,9,2021-06-27,7339238,5636415,1702823,2051437,5286072,1729,0
1811,9,2021-06-28,7543922,5801102,1742820,2063858,5477699,2365,0
1812,9,2021-06-29,7747246,5967019,1780227,2073817,5670793,2636,0
1813,9,2021-06-30,7893534,6088879,1804655,2080426,5809112,3996,0
1814,9,2021-07-01,8051352,6214708,1836644,2088363,5958585,4404,0
1815,9,2021-07-02,8212088,6345189,1866899,2094013,6113001,5074,0
1816,9,2021-07-03,8373332,6466496,1906836,2103455,6263579,6298,0
1817,9,2021-07-04,8382839,6472151,1910688,2104519,6271946,6374,0
1818,9,2021-07-05,8463689,6523882,1939807,2113489,6343181,7019,0
1819,9,2021-07-06,8498379,6543046,1955333,2120436,6370167,7776,0
1820,9,2021-07-07,8520756,6554851,1965905,2125216,6386181,9359,0
1821,9,2021-07-08,8679752,6666282,2013470,2131598,6537918,10236,0
1822,9,2021-07-09,8810952,6761634,2049318,2137277,6662083,11592,0
1823,9,2021-07-10,8890766,6814195,2076571,2153441,6724039,13286,0
1824,9,2021-07-11,8901626,6821204,2080422,2155754,6731965,13907,0
1825,9,2021-07-12,8937940,6843441,2094499,2171194,6751418,15328,0
1826,9,2021-07-13,9067022,6936013,2131009,2184389,6866117,16516,0
1827,9,2021-07-14,9153718,7002464,2151254,2199106,6936822,17790,0
1828,9,2021-07-15,9186905,7023654,2163251,2213774,6954062,19069,0
1829,9,2021-07-16,9274314,7086069,2188245,2225631,7028161,20522,0
1830,9,2021-07-17,9346116,7134416,2211700,2242598,7081221,22297,0
1831,9,2021-07-18,9357476,7141467,2216009,2244286,7090179,23011,0
1832,9,2021-07-19,9383467,7158176,2225291,2256595,7102691,24181,0
1833,9,2021-07-20,9455470,7200320,2255150,2270348,7159671,25451,0
1834,9,2021-07-21,9518884,7230289,2288595,2281567,7210535,26782,0
1835,9,2021-07-22,9567507,7252529,2314978,2293965,7245590,27952,0
1836,9,2021-07-23,9603697,7268264,2335433,2303739,7271283,28675,0
1837,9,2021-07-24,9673601,7289525,2384076,2318023,7325583,29995,0
1838,9,2021-07-25,9684216,7296521,2387695,2319544,7334133,30539,0
1839,9,2021-07-26,9741598,7311091,2430507,2332941,7377490,31167,0
1840,9,2021-07-27,9779440,7324923,2454517,2344718,7402841,31881,0
1841,9,2021-07-28,9837247,7336542,2500705,2353392,7451262,32593,0
1842,9,2021-07-29,9909776,7350096,2559680,2365741,7510582,33453,0
1843,9,2021-07-30,9965538,7363608,2601930,2375436,7555867,34235,0
1844,9,2021-07-31,10047640,7382742,2664898,2391754,7620101,35785,0
1845,9,2021-08-01,10104786,7433097,2671689,2427317,7640694,36775,0
1846,9,2021-08-02,10198712,7482001,2716711,2447080,7713352,38280,0
1847,9,2021-08-03,10295389,7533335,2762054,2465976,7789996,39417,0
1848,9,2021-08-04,10381633,7579306,2802327,2482018,7859025,40590,0
1849,9,2021-08-05,10471779,7630307,2841472,2503836,7926260,41683,0
1850,9,2021-08-06,10559677,7684071,2875606,2522923,7993931,42823,0
1851,9,2021-08-07,10679728,7744261,2935467,2547851,8087489,44388,0
1852,9,2021-08-08,10690855,7750023,2940832,2549669,8096330,44856,0
1853,9,2021-08-09,10836082,7835546,3000536,2577768,8212529,45785,0
1854,10,2021-01-16,50,50,0,0,50,0,0
1855,10,2021-01-17,50,50,0,0,50,0,0
1856,10,2021-01-18,47,47,0,0,47,0,0
1857,10,2021-01-19,72,72,0,0,72,0,0
1858,10,2021-01-20,72,72,0,0,72,0,0
1859,10,2021-01-21,72,72,0,0,72,0,0
1860,10,2021-01-22,300,300,0,0,300,0,0
1861,10,2021-01-23,971,971,0,0,971,0,0
1862,10,2021-01-24,1033,1033,0,0,1033,0,0
1863,10,2021-01-25,1285,1285,0,0,1285,0,0
1864,10,2021-01-26,1290,1290,0,0,1290,0,0
1865,10,2021-01-27,1844,1844,0,0,1844,0,0
1866,10,2021-01-28,2394,2394,0,0,2394,0,0
1867,10,2021-01-29,2752,2752,0,0,2752,0,0
1868,10,2021-01-30,3464,3464,0,0,3464,0,0
1869,10,2021-01-31,3466,3466,0,0,3466,0,0
1870,10,2021-02-01,3860,3860,0,0,3860,0,0
1871,10,2021-02-02,4720,4720,0,0,4720,0,0
1872,10,2021-02-03,5582,5582,0,0,5582,0,0
1873,10,2021-02-04,6532,6532,0,0,6532,0,0
1874,10,2021-02-05,7195,7195,0,0,7195,0,0
1875,10,2021-02-06,7460,7460,0,0,7460,0,0
1876,10,2021-02-07,7462,7462,0,0,7462,0,0
1877,10,2021-02-08,7800,7800,0,0,7800,0,0
1878,10,2021-02-09,8607,8607,0,0,8607,0,0
1879,10,2021-02-10,9656,9656,0,1,9655,0,0
1880,10,2021-02-11,11086,11086,0,1,11085,0,0
1881,10,2021-02-12,12743,12743,0,1,12742,0,0
1882,10,2021-02-13,13586,13277,309,1,13276,0,0
1883,10,2021-02-14,13586,13277,309,1,13276,0,0
1884,10,2021-02-15,14279,13942,337,1,13941,0,0
1885,10,2021-02-16,14463,14123,340,1,14122,0,0
1886,10,2021-02-17,15040,14700,340,1,14699,0,0
1887,10,2021-02-18,14303,13960,343,1,13959,0,0
1888,10,2021-02-19,16002,15417,585,1,15416,0,0
1889,10,2021-02-20,17395,16122,1273,1,16121,0,0
1890,10,2021-02-21,17395,16122,1273,1,16121,0,0
1891,10,2021-02-22,18143,16651,1492,1,16650,0,0
1892,10,2021-02-23,18419,16916,1503,1,16915,0,0
1893,10,2021-02-24,19851,17881,1970,1,17880,0,0
1894,10,2021-02-25,21121,18693,2428,1,18692,0,0
1895,10,2021-02-26,22620,19870,2750,1,19869,0,0
1896,10,2021-02-27,22620,19870,2750,1,19869,0,0
1897,10,2021-02-28,22620,19870,2750,1,19869,0,0
1898,10,2021-03-01,22620,19870,2750,1,19869,0,0
1899,10,2021-03-02,27005,23398,3607,1,23397,0,0
1900,10,2021-03-03,31430,26860,4570,1,26859,0,0
1901,10,2021-03-04,36170,30673,5497,1,30672,0,0
1902,10,2021-03-05,40430,34005,6425,1,34004,0,0
1903,10,2021-03-06,43800,36894,6906,1,36893,0,0
1904,10,2021-03-07,43808,36902,6906,1,36901,0,0
1905,10,2021-03-08,47499,40153,7346,2,40151,0,0
1906,10,2021-03-09,43940,36027,7913,0,43937,0,0
1907,10,2021-03-10,47253,38493,8760,0,47250,0,0
1908,10,2021-03-11,50241,40416,9825,0,50238,0,0
1909,10,2021-03-12,55587,44305,11282,0,55584,0,0
1910,10,2021-03-13,59312,47645,11667,0,59309,0,0
1911,10,2021-03-14,59323,47655,11668,0,59320,0,0
1912,10,2021-03-15,64652,52403,12249,0,64649,0,0
1913,10,2021-03-16,78377,65739,12638,0,78377,0,0
1914,10,2021-03-17,85431,72357,13074,0,85431,0,0
1915,10,2021-03-18,88064,74794,13270,0,88064,0,0
1916,10,2021-03-19,91419,77616,13803,0,91419,0,0
1917,10,2021-03-20,94735,80447,14288,0,94735,0,0
1918,10,2021-03-21,94819,80522,14297,0,94819,0,0
1919,10,2021-03-22,98125,83315,14810,0,98125,0,0
1920,10,2021-03-23,101464,86286,15178,0,101464,0,0
1921,10,2021-03-24,104768,88974,15794,0,104768,0,0
1922,10,2021-03-25,107821,91525,16296,0,107821,0,0
1923,10,2021-03-26,111081,94110,16971,0,111081,0,0
1924,10,2021-03-27,113726,96611,17115,0,113726,0,0
1925,10,2021-03-28,113726,96611,17115,0,113726,0,0
1926,10,2021-03-29,114575,97343,17232,0,114575,0,0
1927,10,2021-03-30,118688,100317,18371,0,118688,0,0
1928,10,2021-03-31,121981,102595,19386,0,121981,0,0
1929,10,2021-04-01,125601,105426,20175,0,125601,0,0
1930,10,2021-04-02,129693,108867,20826,0,129693,0,0
1931,10,2021-04-03,133134,111519,21615,0,133134,0,0
1932,10,2021-04-04,135851,113879,21972,0,135851,0,0
1933,10,2021-04-05,139746,116633,23113,0,139746,0,0
1934,10,2021-04-06,142463,118691,23772,0,142463,0,0
1935,10,2021-04-07,149580,123996,25584,0,149580,0,0
1936,10,2021-04-08,155376,128428,26948,0,155376,0,0
1937,10,2021-04-09,162057,133268,28789,0,162057,0,0
1938,10,2021-04-10,171070,140385,30685,0,171070,0,0
1939,10,2021-04-11,178329,147178,31151,0,178329,0,0
1940,10,2021-04-12,188080,154523,33557,0,188080,0,0
1941,10,2021-04-13,192563,158206,34357,0,192563,0,0
1942,10,2021-04-14,203125,167443,35682,0,203125,0,0
1943,10,2021-04-15,213122,173909,39213,0,213122,0,0
1944,10,2021-04-16,224966,182574,42392,0,224966,0,0
1945,10,2021-04-17,237156,191878,45278,0,237156,0,0
1946,10,2021-04-18,244577,198368,46209,0,244577,0,0
1947,10,2021-04-19,253784,204861,48923,0,253784,0,0
1948,10,2021-04-20,264363,212256,52107,0,264363,0,0
1949,10,2021-04-21,272843,218280,54563,0,272843,0,0
1950,10,2021-04-22,281424,224561,56863,0,281424,0,0
1951,10,2021-04-23,289688,230437,59251,0,289688,0,0
1952,10,2021-04-24,299120,237544,61576,0,299120,0,0
1953,10,2021-04-25,304009,241453,62556,0,304009,0,0
1954,10,2021-04-26,313009,248280,64729,0,313009,0,0
1955,10,2021-04-27,323213,256196,67017,0,323213,0,0
1956,10,2021-04-28,331720,262802,68918,0,331720,0,0
1957,10,2021-04-29,340659,269749,70910,0,340659,0,0
1958,10,2021-04-30,349718,277125,72593,0,349718,0,0
1959,10,2021-05-01,355269,282005,73264,0,355269,0,0
1960,10,2021-05-02,358280,284560,73720,0,358280,0,0
1961,10,2021-05-03,363592,288805,74787,157,363435,0,0
1962,10,2021-05-04,368857,292908,75949,360,368497,0,0
1963,10,2021-05-05,373997,296579,77418,579,373418,0,0
1964,10,2021-05-06,379927,300663,79264,793,379134,0,0
1965,10,2021-05-07,386450,305206,81244,996,385454,0,0
1966,10,2021-05-08,392342,309334,83008,1199,391143,0,0
1967,10,2021-05-09,394413,310955,83458,1199,393214,0,0
1968,10,2021-05-10,399718,314583,85135,1406,398312,0,0
1969,10,2021-05-11,405500,318352,87148,1625,403875,0,0
1970,10,2021-05-12,411191,322251,88940,1836,409355,0,0
1971,10,2021-05-13,418484,327646,90838,2221,416263,0,0
1972,10,2021-05-14,425521,332990,92531,2422,423099,0,0
1973,10,2021-05-15,436458,342243,94215,2828,433630,0,0
1974,10,2021-05-16,438881,344615,94266,2828,436053,0,0
1975,10,2021-05-17,444923,350557,94366,3008,441915,0,0
1976,10,2021-05-18,451943,357502,94441,3237,448706,0,0
1977,10,2021-05-19,459632,365111,94521,3422,456210,0,0
1978,10,2021-05-20,466522,371961,94561,3644,462878,0,0
1979,10,2021-05-21,475384,380740,94644,3878,471506,0,0
1980,10,2021-05-22,483931,389263,94668,4185,479746,0,0
1981,10,2021-05-23,485579,390887,94692,4185,481394,0,0
1982,10,2021-05-24,491326,396608,94718,4779,486547,0,0
1983,10,2021-05-25,497180,402427,94753,5357,491823,0,0
1984,10,2021-05-26,503101,408309,94792,5547,497554,0,0
1985,10,2021-05-27,508928,414098,94830,5843,503085,0,0
1986,10,2021-05-28,514992,420107,94885,6303,508689,0,0
1987,10,2021-05-29,521480,426519,94961,6629,514851,0,0
1988,10,2021-05-30,524372,429393,94979,6629,517743,0,0
1989,10,2021-05-31,528955,433855,95100,7291,521664,0,0
1990,10,2021-06-01,533504,438285,95219,8029,525475,0,0
1991,10,2021-06-02,537792,442390,95402,8685,529107,0,0
1992,10,2021-06-03,543715,448111,95604,9177,534538,0,0
1993,10,2021-06-04,551988,456053,95935,9573,542415,0,0
1994,10,2021-06-05,563779,467529,96250,9942,553837,0,0
1995,10,2021-06-06,570434,474147,96287,9941,560493,0,0
1996,10,2021-06-07,581671,485171,96500,10208,571463,0,0
1997,10,2021-06-08,592178,495452,96726,10469,581709,0,0
1998,10,2021-06-09,600833,503890,96943,10804,590029,0,0
1999,10,2021-06-10,608564,511379,97185,11064,597500,0,0
2000,10,2021-06-11,614418,516897,97521,11467,602951,0,0
2001,10,2021-06-12,621644,523796,97848,12030,609614,0,0
2002,10,2021-06-13,638918,541029,97889,12030,626888,0,0
2003,10,2021-06-14,658193,559670,98523,12833,645360,0,0
2004,10,2021-06-15,676789,577925,98864,13213,663576,0,0
2005,10,2021-06-16,691969,592719,99250,13885,678084,0,0
2006,10,2021-06-17,708794,609077,99717,14685,694109,0,0
2007,10,2021-06-18,726686,626378,100308,15474,711212,0,0
2008,10,2021-06-19,747361,646436,100925,15908,731453,0,0
2009,10,2021-06-20,760206,659181,101025,15908,744298,0,0
2010,10,2021-06-21,776098,674546,101552,16210,759888,0,0
2011,10,2021-06-22,791272,688792,102480,16527,774745,0,0
2012,10,2021-06-23,805001,701689,103312,16815,788186,0,0
2013,10,2021-06-24,818202,713714,104488,17056,801146,0,0
2014,10,2021-06-25,833836,728178,105658,17479,816357,0,0
2015,10,2021-06-26,856142,748351,107791,17930,838212,0,0
2016,10,2021-06-27,871472,762729,108743,17930,853542,0,0
2017,10,2021-06-28,892220,781063,111157,18115,874105,0,0
2018,10,2021-06-29,914013,800268,113745,18273,895740,0,0
2019,10,2021-06-30,934022,817485,116537,18714,915308,0,0
2020,10,2021-07-01,946993,827800,119193,18835,928158,0,0
2021,10,2021-07-02,960730,837780,122950,19307,941423,0,0
2022,10,2021-07-03,980683,852875,127808,20024,960659,0,0
2023,10,2021-07-04,990480,859902,130578,20024,970456,0,0
2024,10,2021-07-05,1006988,870453,136535,20960,986028,0,0
2025,10,2021-07-06,1021435,880174,141261,21116,1000319,0,0
2026,10,2021-07-07,1036104,889028,147076,21515,1014589,0,0
2027,10,2021-07-08,1047488,896123,151365,21693,1025795,0,0
2028,10,2021-07-09,1063046,904928,158118,21922,1041124,0,0
2029,10,2021-07-10,1083489,917304,166185,22395,1061094,0,0
2030,10,2021-07-11,1096064,925096,170968,22395,1073669,0,0
2031,10,2021-07-12,1113775,935694,178081,22774,1091001,0,0
2032,10,2021-07-13,1127686,943067,184619,22975,1104711,0,0
2033,10,2021-07-14,1144976,954703,190273,23211,1121765,0,0
2034,10,2021-07-15,1155882,960479,195403,23422,1132460,0,0
2035,10,2021-07-16,1166709,965882,200827,23657,1143052,0,0
2036,10,2021-07-17,1184432,975773,208659,24067,1160365,0,0
2037,10,2021-07-18,1190638,978988,211650,24067,1166571,0,0
2038,10,2021-07-19,1202589,985642,216947,24171,1178418,0,0
2039,10,2021-07-20,1213360,990912,222448,24300,1189060,0,0
2040,10,2021-07-21,1221997,994834,227163,24421,1197576,0,0
2041,10,2021-07-22,1232518,999900,232618,24484,1208034,0,0
2042,10,2021-07-23,1243867,1005102,238765,24855,1219012,0,0
2043,10,2021-07-24,1258741,1013223,245518,25332,1233409,0,0
2044,10,2021-07-25,1265385,1016953,248432,25334,1240051,0,0
2045,10,2021-07-26,1276977,1023636,253341,25829,1251148,0,0
2046,10,2021-07-27,1286117,1029078,257039,25945,1260172,0,0
2047,10,2021-07-28,1295529,1034482,261047,26061,1269468,0,0
2048,10,2021-07-29,1304583,1040080,264503,26161,1278422,0,0
2049,10,2021-07-30,1314469,1046130,268339,26281,1288188,0,0
2050,10,2021-07-31,1327101,1054705,272396,26405,1300696,0,0
2051,10,2021-08-01,1335323,1061058,274265,26375,1308948,0,0
2052,10,2021-08-02,1343162,1066012,277150,26485,1316677,0,0
2053,10,2021-08-03,1350317,1070428,279889,26575,1323742,0,0
2054,10,2021-08-04,1356445,1073972,282473,26667,1329778,0,0
2055,10,2021-08-05,1362196,1076956,285240,26750,1335446,0,0
2056,10,2021-08-06,1370190,1081299,288891,26875,1343315,0,0
2057,10,2021-08-07,1382444,1087385,295059,27059,1355385,0,0
2058,10,2021-08-08,1387664,1089646,298018,27060,1360604,0,0
2059,10,2021-08-09,1396911,1094392,302519,27133,1369778,0,0
2060,11,2021-01-16,1146,1146,0,7,1139,0,0
2061,11,2021-01-17,2313,2313,0,14,2299,0,0
2062,11,2021-01-18,2182,2182,0,15,2167,0,0
2063,11,2021-01-19,4842,4842,0,15,4827,0,0
2064,11,2021-01-20,4877,4877,0,18,4859,0,0
2065,11,2021-01-21,8350,8350,0,23,8327,0,0
2066,11,2021-01-22,13183,13183,0,27,13156,0,0
2067,11,2021-01-23,44873,44873,0,31,44842,0,0
2068,11,2021-01-24,46456,46456,0,33,46423,0,0
2069,11,2021-01-25,62496,62496,0,35,62461,0,0
2070,11,2021-01-26,62729,62729,0,38,62691,0,0
2071,11,2021-01-27,68817,68817,0,36,68781,0,0
2072,11,2021-01-28,132621,132621,0,71,132550,0,0
2073,11,2021-01-29,187038,187038,0,77,186961,0,0
2074,11,2021-01-30,211551,211551,0,92,211459,0,0
2075,11,2021-01-31,251207,251207,0,10435,240772,0,0
2076,11,2021-02-01,284170,284170,0,18250,265920,0,0
2077,11,2021-02-02,306639,306639,0,21694,284945,0,0
2078,11,2021-02-03,326450,326450,0,23719,302731,0,0
2079,11,2021-02-04,360502,360502,0,27569,332933,0,0
2080,11,2021-02-05,404841,404841,0,45608,359233,0,0
2081,11,2021-02-06,448811,448811,0,72262,376549,0,0
2082,11,2021-02-07,468838,468838,0,81423,387415,0,0
2083,11,2021-02-08,537364,537364,0,115438,421926,0,0
2084,11,2021-02-09,617709,617709,0,160944,456765,0,0
2085,11,2021-02-10,683599,683599,0,190950,492649,0,0
2086,11,2021-02-11,726174,726174,0,204112,522062,0,0
2087,11,2021-02-12,749435,749435,0,211116,538319,0,0
2088,11,2021-02-13,759801,759799,2,213883,545916,0,0
2089,11,2021-02-14,761555,761549,6,214455,547094,0,0
2090,11,2021-02-15,783293,774751,8542,215562,559189,0,0
2091,11,2021-02-16,799296,784610,14686,216205,568405,0,0
2092,11,2021-02-17,806425,789722,16703,217132,572590,0,0
2093,11,2021-02-18,799523,773109,26414,218356,554753,0,0
2094,11,2021-02-19,843816,807835,35981,218748,589087,0,0
2095,11,2021-02-20,869257,810715,58542,219211,591504,0,0
2096,11,2021-02-21,870310,810973,59337,219211,591762,0,0
2097,11,2021-02-22,884999,812914,72085,219453,593461,0,0
2098,11,2021-02-23,892463,815413,77050,219623,595790,0,0
2099,11,2021-02-24,896424,817727,78697,219778,597949,0,0
2100,11,2021-02-25,943860,819845,124015,219919,599926,0,0
2101,11,2021-02-26,989315,821729,167586,220042,601687,0,0
2102,11,2021-02-27,989319,821733,167586,220042,601691,0,0
2103,11,2021-02-28,989369,821783,167586,220079,601704,0,0
2104,11,2021-03-01,989369,821783,167586,220079,601704,0,0
2105,11,2021-03-02,1153267,956419,196848,220193,736226,0,0
2106,11,2021-03-03,1234893,1015619,219274,221149,794470,0,0
2107,11,2021-03-04,1397814,1143571,254243,223531,920040,0,0
2108,11,2021-03-05,1580465,1284380,296085,227918,1056462,0,0
2109,11,2021-03-06,1745473,1414609,330864,233405,1181204,0,0
2110,11,2021-03-07,1749600,1417812,331788,233455,1184357,0,0
2111,11,2021-03-08,1919226,1551898,367328,238408,1313490,0,0
2112,11,2021-03-09,1719245,1307844,411401,273054,1446117,0,0
2113,11,2021-03-10,1766662,1332660,434002,289227,1477361,0,0
2114,11,2021-03-11,1776940,1341652,435288,289793,1487072,0,0
2115,11,2021-03-12,1947430,1462283,485147,317122,1630232,0,0
2116,11,2021-03-13,2073148,1559499,513649,330274,1742797,0,0
2117,11,2021-03-14,2083779,1568700,515079,331204,1752498,0,0
2118,11,2021-03-15,2231425,1691481,539944,341505,1889843,0,0
2119,11,2021-03-16,2772614,2208185,564429,409421,2363193,0,0
2120,11,2021-03-17,2923717,2349458,574259,413862,2509855,0,0
2121,11,2021-03-18,3112038,2521859,590179,426330,2685708,0,0
2122,11,2021-03-19,3309060,2705730,603330,439823,2869237,0,0
2123,11,2021-03-20,3546628,2933180,613448,460253,3086375,0,0
2124,11,2021-03-21,3756195,3140047,616148,489360,3266835,0,0
2125,11,2021-03-22,3931630,3308984,622646,513578,3418052,0,0
2126,11,2021-03-23,4201102,3571094,630008,562336,3638766,0,0
2127,11,2021-03-24,4381443,3746626,634817,597932,3783511,0,0
2128,11,2021-03-25,4618906,3979710,639196,632475,3986431,0,0
2129,11,2021-03-26,4861329,4217590,643739,663383,4197946,0,0
2130,11,2021-03-27,5116383,4469272,647111,670729,4445654,0,0
2131,11,2021-03-28,5207119,4559341,647778,671258,4535861,0,0
2132,11,2021-03-29,5225227,4576803,648424,671316,4553911,0,0
2133,11,2021-03-30,5438943,4769080,669863,672678,4766265,0,0
2134,11,2021-03-31,5655568,4961044,694524,673898,4981670,0,0
2135,11,2021-04-01,5937684,5220204,717480,674797,5262887,0,0
2136,11,2021-04-02,6454155,5696407,757748,676358,5777797,0,0
2137,11,2021-04-03,6838585,6049037,789548,686336,6152249,0,0
2138,11,2021-04-04,7313218,6481838,831380,743611,6569607,0,0
2139,11,2021-04-05,7584968,6722336,862632,783722,6801246,0,0
2140,11,2021-04-06,7787907,6904732,883175,819115,6968792,0,0
2141,11,2021-04-07,8108812,7190429,918383,895975,7212837,0,0
2142,11,2021-04-08,8473351,7499654,973697,930838,7542513,0,0
2143,11,2021-04-09,8772856,7748080,1024776,949566,7823290,0,0
2144,11,2021-04-10,9055878,7982633,1073245,961536,8094342,0,0
2145,11,2021-04-11,9258859,8155231,1103628,972503,8286356,0,0
2146,11,2021-04-12,9497513,8342548,1154965,981293,8516220,0,0
2147,11,2021-04-13,9703358,8501205,1202153,984510,8718848,0,0
2148,11,2021-04-14,9866787,8622576,1244211,987663,8879124,0,0
2149,11,2021-04-15,10026689,8728318,1298371,992251,9034438,0,0
2150,11,2021-04-16,10165300,8814264,1351036,998071,9167229,0,0
2151,11,2021-04-17,10336808,8921355,1415453,1006242,9330566,0,0
2152,11,2021-04-18,10450564,8991639,1458925,1010942,9439622,0,0
2153,11,2021-04-19,10620128,9083040,1537088,1020152,9599976,0,0
2154,11,2021-04-20,10806479,9181042,1625437,1035224,9771255,0,0
2155,11,2021-04-21,10937835,9250895,1686940,1043714,9894121,0,0
2156,11,2021-04-22,11098076,9328416,1769660,1063478,10034598,0,0
2157,11,2021-04-23,11266124,9412213,1853911,1085356,10180768,0,0
2158,11,2021-04-24,11436249,9495699,1940550,1104672,10331577,0,0
2159,11,2021-04-25,11537861,9549793,1988068,1117611,10420250,0,0
2160,11,2021-04-26,11720832,9634190,2086642,1133157,10587675,0,0
2161,11,2021-04-27,11901253,9718868,2182385,1147759,10753494,0,0
2162,11,2021-04-28,12053881,9787160,2266721,1160903,10892978,0,0
2163,11,2021-04-29,12251389,9873924,2377465,1177260,11074129,0,0
2164,11,2021-04-30,12457754,9965407,2492347,1196985,11260769,0,0
2165,11,2021-05-01,12679389,10092582,2586807,1216289,11463100,0,0
2166,11,2021-05-02,12803024,10161231,2641793,1228523,11574501,0,0
2167,11,2021-05-03,12966110,10243032,2723078,1253962,11712148,0,0
2168,11,2021-05-04,13094157,10330960,2763197,1286410,11807747,0,0
2169,11,2021-05-05,13267196,10417828,2849368,1317572,11949624,0,0
2170,11,2021-05-06,13473812,10505574,2968238,1353073,12120739,0,0
2171,11,2021-05-07,13680484,10593635,3086849,1385646,12294838,0,0
2172,11,2021-05-08,13881007,10676626,3204381,1410541,12470466,0,0
2173,11,2021-05-09,14036695,10741045,3295650,1429197,12607498,0,0
2174,11,2021-05-10,14301060,10840347,3460713,1459681,12841379,0,0
2175,11,2021-05-11,14610441,10952235,3658206,1503298,13107143,0,0
2176,11,2021-05-12,14767554,11041502,3726052,1544826,13222728,0,0
2177,11,2021-05-13,14975803,11145747,3830056,1591042,13384761,0,0
2178,11,2021-05-14,15019896,11180770,3839126,1620083,13399813,0,0
2179,11,2021-05-15,15055582,11213044,3842538,1647234,13408348,0,0
2180,11,2021-05-16,15085762,11243101,3842661,1668359,13417403,0,0
2181,11,2021-05-17,15086042,11243305,3842737,1668343,13417699,0,0
2182,11,2021-05-18,15086347,11243561,3842786,1668327,13418020,0,0
2183,11,2021-05-19,15087757,11244920,3842837,1668322,13419435,0,0
2184,11,2021-05-20,15178758,11322050,3856708,1713265,13465493,0,0
2185,11,2021-05-21,15283427,11411002,3872425,1745516,13537911,0,0
2186,11,2021-05-22,15409606,11511484,3898122,1782573,13627033,0,0
2187,11,2021-05-23,15516777,11596730,3920047,1806036,13710741,0,0
2188,11,2021-05-24,15704013,11761248,3942765,1830304,13873709,0,0
2189,11,2021-05-25,15900264,11931536,3968728,1859369,14040895,0,0
2190,11,2021-05-26,16089270,12096866,3992404,1881227,14208043,0,0
2191,11,2021-05-27,16288328,12267948,4020380,1912467,14375861,0,0
2192,11,2021-05-28,16506745,12450336,4056409,1947731,14559014,0,0
2193,11,2021-05-29,16724256,12634113,4090143,1977768,14746488,0,0
2194,11,2021-05-30,16910245,12795634,4114611,1998001,14912244,0,0
2195,11,2021-05-31,17110619,12965663,4144956,2027524,15083095,0,0
2196,11,2021-06-01,17309564,13131370,4178194,2057837,15251727,0,0
2197,11,2021-06-02,17486132,13283712,4202420,2080011,15406121,0,0
2198,11,2021-06-03,17665975,13433285,4232690,2105389,15560586,0,0
2199,11,2021-06-04,17936071,13674583,4261488,2132268,15803803,0,0
2200,11,2021-06-05,18201215,13915183,4286032,2154329,16046886,0,0
2201,11,2021-06-06,18427691,14128072,4299619,2181397,16246294,0,0
2202,11,2021-06-07,18686516,14359541,4326975,2205473,16481043,0,0
2203,11,2021-06-08,18949901,14587473,4362428,2249623,16700278,0,0
2204,11,2021-06-09,19203211,14801548,4401663,2308692,16894519,0,0
2205,11,2021-06-10,19478852,15022634,4456218,2364338,17114514,0,0
2206,11,2021-06-11,19769106,15262470,4506636,2414734,17354372,0,0
2207,11,2021-06-12,20068185,15522137,4546048,2440016,17628169,0,0
2208,11,2021-06-13,20303072,15729860,4573212,2460501,17842571,0,0
2209,11,2021-06-14,20587151,15979244,4607907,2474478,18112673,0,0
2210,11,2021-06-15,20855692,16214004,4641688,2487006,18368686,0,0
2211,11,2021-06-16,21112010,16440786,4671224,2495920,18616090,0,0
2212,11,2021-06-17,21334287,16632294,4701993,2508022,18826265,0,0
2213,11,2021-06-18,21596263,16854511,4741752,2516083,19080180,0,0
2214,11,2021-06-19,21903561,17116300,4787261,2521478,19382083,0,0
2215,11,2021-06-20,22099535,17278756,4820779,2535203,19564332,0,0
2216,11,2021-06-21,22619651,17730463,4889188,2580075,20039576,0,0
2217,11,2021-06-22,23067276,18105136,4962140,2623677,20443599,0,0
2218,11,2021-06-23,23513610,18475269,5038341,2651638,20861972,0,0
2219,11,2021-06-24,23968923,18826982,5141941,2676641,21292282,0,0
2220,11,2021-06-25,24271144,19053252,5217892,2701521,21569623,0,0
2221,11,2021-06-26,24657300,19330981,5326319,2847731,21809569,0,0
2222,11,2021-06-27,24887523,19500271,5387252,2917629,21969894,0,0
2223,11,2021-06-28,25141162,19683467,5457695,2978729,22162433,0,0
2224,11,2021-06-29,25408616,19872911,5535705,3044974,22363642,0,0
2225,11,2021-06-30,25692042,20070872,5621170,3077789,22614253,0,0
2226,11,2021-07-01,25973769,20266271,5707498,3086327,22887287,155,0
2227,11,2021-07-02,26219791,20427199,5792592,3092723,23126843,225,0
2228,11,2021-07-03,26552791,20653026,5899765,3110442,23442013,336,0
2229,11,2021-07-04,26815799,20835546,5980253,3139824,23675634,341,0
2230,11,2021-07-05,27118289,21037286,6081003,3153557,23964111,621,0
2231,11,2021-07-06,27331752,21181190,6150562,3189898,24140851,1003,0
2232,11,2021-07-07,27340027,21186487,6153540,3191119,24147772,1136,0
2233,11,2021-07-08,27347053,21189977,6157076,3193626,24152200,1227,0
2234,11,2021-07-09,27353299,21193413,6159886,3194344,24157599,1356,0
2235,11,2021-07-10,27637054,21372920,6264134,3216592,24418659,1803,0
2236,11,2021-07-11,27866090,21524473,6341617,3222872,24641322,1896,0
2237,11,2021-07-12,28122889,21694463,6428426,3233512,24886864,2513,0
2238,11,2021-07-13,28376312,21860758,6515554,3253992,25119127,3193,0
2239,11,2021-07-14,28503866,21984688,6519178,3266762,25233284,3820,0
2240,11,2021-07-15,28762393,22155836,6606557,3274930,25483014,4449,0
2241,11,2021-07-16,29037045,22342001,6695044,3281306,25750539,5200,0
2242,11,2021-07-17,29350855,22562358,6788497,3289445,26055483,5927,0
2243,11,2021-07-18,29354675,22564829,6789846,3289561,26059187,5927,0
2244,11,2021-07-19,29751152,22849133,6902019,3299118,26445772,6262,0
2245,11,2021-07-20,30164637,23145112,7019525,3311926,26845957,6754,0
2246,11,2021-07-21,30174789,23152218,7022571,3312285,26855354,7150,0
2247,11,2021-07-22,30682161,23508914,7173247,3319128,27355425,7608,0
2248,11,2021-07-23,31024303,23751722,7272581,3328853,27687416,8034,0
2249,11,2021-07-24,31316732,23953275,7363457,3342221,27965777,8734,0
2250,11,2021-07-25,31639048,24207744,7431304,3348994,28281229,8825,0
2251,11,2021-07-26,31813064,24295191,7517873,3416219,28387709,9136,0
2252,11,2021-07-27,32188899,24554163,7634736,3450947,28728441,9511,0
2253,11,2021-07-28,32203120,24563776,7639344,3452153,28741084,9883,0
2254,11,2021-07-29,32635472,24873108,7762364,3473028,29152288,10156,0
2255,11,2021-07-30,32988155,25138838,7849317,3481382,29496436,10337,0
2256,11,2021-07-31,33278880,25341390,7937490,3541877,29726384,10619,0
2257,11,2021-08-01,33738204,25455648,8282556,3641138,30086385,10681,0
2258,11,2021-08-02,34092852,25735670,8357182,3664068,30417858,10926,0
2259,11,2021-08-03,34430870,25999229,8431641,3730262,30689361,11247,0
2260,11,2021-08-04,34445808,26008632,8437176,3732384,30701892,11532,0
2261,11,2021-08-05,35013810,26465196,8548614,3757072,31244857,11881,0
2262,11,2021-08-06,35630296,26978214,8652082,3775652,31842179,12465,0
2263,11,2021-08-07,36211785,27460899,8750886,3786680,32411985,13120,0
2264,11,2021-08-08,36596532,27636206,8960326,3827094,32756131,13307,0
2265,11,2021-08-09,37152375,28101222,9051153,3925697,33213137,13541,0
2266,12,2021-01-16,1864,1864,0,113,1751,0,0
2267,12,2021-01-17,2069,2069,0,113,1956,0,0
2268,12,2021-01-18,5360,5360,0,231,5129,0,0
2269,12,2021-01-19,11728,11728,0,514,11214,0,0
2270,12,2021-01-20,12354,12354,0,531,11823,0,0
2271,12,2021-01-21,21411,21411,0,758,20653,0,0
2272,12,2021-01-22,33730,33730,0,1254,32476,0,0
2273,12,2021-01-23,43350,43350,0,1518,41832,0,0
2274,12,2021-01-24,44934,44934,0,1772,43162,0,0
2275,12,2021-01-25,72277,72277,0,2897,69380,0,0
2276,12,2021-01-26,72583,72583,0,2898,69685,0,0
2277,12,2021-01-27,80541,80541,0,3093,77448,0,0
2278,12,2021-01-28,87153,87153,0,3377,83776,0,0
2279,12,2021-01-29,92685,92685,0,3497,89188,0,0
2280,12,2021-01-30,95143,95143,0,3566,91577,0,0
2281,12,2021-01-31,95245,95245,0,3566,91679,0,0
2282,12,2021-02-01,96304,96304,0,3567,92737,0,0
2283,12,2021-02-02,97213,97213,0,3567,93646,0,0
2284,12,2021-02-03,99192,99192,0,3636,95556,0,0
2285,12,2021-02-04,103334,103334,0,3827,99507,0,0
2286,12,2021-02-05,107280,107280,0,3853,103427,0,0
2287,12,2021-02-06,108966,108966,0,4114,104852,0,0
2288,12,2021-02-07,110591,110591,0,4410,106181,0,0
2289,12,2021-02-08,140415,140415,0,11300,129115,0,0
2290,12,2021-02-09,157055,157055,0,15199,141856,0,0
2291,12,2021-02-10,164151,164151,0,16774,147377,0,0
2292,12,2021-02-11,171926,171926,0,18715,153211,0,0
2293,12,2021-02-12,176310,176310,0,19572,156738,0,0
2294,12,2021-02-13,178657,178067,590,19916,158151,0,0
2295,12,2021-02-14,178664,178074,590,19916,158158,0,0
2296,12,2021-02-15,188482,185578,2904,22657,162921,0,0
2297,12,2021-02-16,190197,186539,3658,22754,163785,0,0
2298,12,2021-02-17,195563,189505,6058,23088,166417,0,0
2299,12,2021-02-18,206032,193238,12794,23808,169430,0,0
2300,12,2021-02-19,218170,201383,16787,24776,176607,0,0
2301,12,2021-02-20,223857,204604,19253,25434,179170,0,0
2302,12,2021-02-21,224225,204756,19469,25582,179174,0,0
2303,12,2021-02-22,244791,209690,35101,27741,181949,0,0
2304,12,2021-02-23,257756,212356,45400,28723,183633,0,0
2305,12,2021-02-24,260336,213246,47090,29104,184142,0,0
2306,12,2021-02-25,275940,217574,58366,30031,187543,0,0
2307,12,2021-02-26,280173,218507,61666,30352,188155,0,0
2308,12,2021-02-27,280175,218509,61666,30352,188157,0,0
2309,12,2021-02-28,280181,218515,61666,30352,188163,0,0
2310,12,2021-03-01,280181,218515,61666,30352,188163,0,0
2311,12,2021-03-02,290716,225787,64929,31681,194106,0,0
2312,12,2021-03-03,295902,229802,66100,32541,197261,0,0
2313,12,2021-03-04,311564,241858,69706,36185,205673,0,0
2314,12,2021-03-05,327198,254547,72651,38257,216290,0,0
2315,12,2021-03-06,336481,262058,74423,39516,222542,0,0
2316,12,2021-03-07,337525,263037,74488,39918,223119,0,0
2317,12,2021-03-08,365090,285193,79897,44751,240442,0,0
2318,12,2021-03-09,319081,230790,88291,53581,265481,0,0
2319,12,2021-03-10,331094,239333,91761,56695,274380,0,0
2320,12,2021-03-11,339893,246074,93819,59845,280029,0,0
2321,12,2021-03-12,376401,275854,100547,68825,307557,0,0
2322,12,2021-03-13,392137,289284,102853,72394,319724,0,0
2323,12,2021-03-14,395967,292773,103194,73783,322165,0,0
2324,12,2021-03-15,515583,403081,112502,115154,400410,0,0
2325,12,2021-03-16,678896,561120,117776,140404,538492,0,0
2326,12,2021-03-17,748352,627943,120409,151043,597309,0,0
2327,12,2021-03-18,818792,694688,124104,163990,654802,0,0
2328,12,2021-03-19,883097,755578,127519,173487,709610,0,0
2329,12,2021-03-20,908710,779704,129006,176459,732251,0,0
2330,12,2021-03-21,915108,785932,129176,177459,737649,0,0
2331,12,2021-03-22,1064213,930026,134187,191794,872419,0,0
2332,12,2021-03-23,1152753,1016305,136448,200452,952301,0,0
2333,12,2021-03-24,1172883,1035137,137746,203252,969631,0,0
2334,12,2021-03-25,1227860,1087408,140452,209216,1018644,0,0
2335,12,2021-03-26,1279258,1136611,142647,214663,1064595,0,0
2336,12,2021-03-27,1302499,1158970,143529,216683,1085816,0,0
2337,12,2021-03-28,1305966,1162379,143587,217423,1088543,0,0
2338,12,2021-03-29,1306530,1162932,143598,217795,1088735,0,0
2339,12,2021-03-30,1425730,1278501,147229,220955,1204775,0,0
2340,12,2021-03-31,1516855,1366981,149874,224287,1292568,0,0
2341,12,2021-04-01,1594582,1441284,153298,227583,1366999,0,0
2342,12,2021-04-02,1702590,1545216,157374,232473,1470117,0,0
2343,12,2021-04-03,1753953,1594393,159560,234301,1519652,0,0
2344,12,2021-04-04,1800611,1639535,161076,236106,1564505,0,0
2345,12,2021-04-05,1882164,1717234,164930,238299,1643865,0,0
2346,12,2021-04-06,1942196,1774869,167327,239555,1702641,0,0
2347,12,2021-04-07,2028171,1855846,172325,241762,1786409,0,0
2348,12,2021-04-08,2118410,1939723,178687,243696,1874714,0,0
2349,12,2021-04-09,2212252,2024825,187427,248469,1963783,0,0
2350,12,2021-04-10,2283262,2088650,194612,253295,2029967,0,0
2351,12,2021-04-11,2382114,2181488,200626,258387,2123727,0,0
2352,12,2021-04-12,2525834,2307539,218295,270088,2255746,0,0
2353,12,2021-04-13,2657270,2421185,236085,284223,2373047,0,0
2354,12,2021-04-14,2804984,2544240,260744,305886,2499098,0,0
2355,12,2021-04-15,2873554,2596134,277420,315598,2557956,0,0
2356,12,2021-04-16,2957111,2657655,299456,326233,2630878,0,0
2357,12,2021-04-17,3022626,2706244,316382,333602,2689024,0,0
2358,12,2021-04-18,3065865,2740333,325532,339345,2726520,0,0
2359,12,2021-04-19,3162209,2804924,357285,354736,2807473,0,0
2360,12,2021-04-20,3241332,2858633,382699,370276,2871056,0,0
2361,12,2021-04-21,3287414,2890194,397220,380372,2907042,0,0
2362,12,2021-04-22,3344006,2928139,415867,393076,2950930,0,0
2363,12,2021-04-23,3429738,2983811,445927,406664,3023074,0,0
2364,12,2021-04-24,3502761,3032220,470541,416043,3086718,0,0
2365,12,2021-04-25,3539875,3059704,480171,421983,3117892,0,0
2366,12,2021-04-26,3595069,3096107,498962,432816,3162253,0,0
2367,12,2021-04-27,3634905,3122680,512225,442538,3192367,0,0
2368,12,2021-04-28,3675837,3147907,527930,450010,3225827,0,0
2369,12,2021-04-29,3723444,3177552,545892,457255,3266189,0,0
2370,12,2021-04-30,3758377,3199035,559342,464918,3293459,0,0
2371,12,2021-05-01,3776747,3211614,565133,469669,3307078,0,0
2372,12,2021-05-02,3796956,3230331,566625,471634,3325322,0,0
2373,12,2021-05-03,3855063,3279593,575470,475976,3379087,0,0
2374,12,2021-05-04,3926299,3335067,591232,479717,3446582,0,0
2375,12,2021-05-05,3987098,3374963,612135,483343,3503755,0,0
2376,12,2021-05-06,4094206,3447474,646732,486720,3607486,0,0
2377,12,2021-05-07,4204923,3518724,686199,491438,3713485,0,0
2378,12,2021-05-08,4288127,3573590,714537,497059,3791068,0,0
2379,12,2021-05-09,4344758,3612642,732116,499858,3844900,0,0
2380,12,2021-05-10,4475905,3692472,783433,505235,3970670,0,0
2381,12,2021-05-11,4590300,3764214,826086,510021,4080279,0,0
2382,12,2021-05-12,4663197,3817367,845830,523990,4139207,0,0
2383,12,2021-05-13,4765647,3886385,879262,537351,4228296,0,0
2384,12,2021-05-14,4833697,3931468,902229,546074,4287623,0,0
2385,12,2021-05-15,4893748,3977395,916353,559732,4334016,0,0
2386,12,2021-05-16,4937347,4019157,918190,564370,4372977,0,0
2387,12,2021-05-17,5000446,4079084,921362,573194,4427252,0,0
2388,12,2021-05-18,5065275,4140970,924305,592330,4472945,0,0
2389,12,2021-05-19,5118705,4191994,926711,609897,4508808,0,0
2390,12,2021-05-20,5198818,4267171,931647,632013,4566805,0,0
2391,12,2021-05-21,5285927,4347426,938501,654507,4631420,0,0
2392,12,2021-05-22,5357671,4411857,945814,673878,4683793,0,0
2393,12,2021-05-23,5391895,4440936,950959,682901,4708994,0,0
2394,12,2021-05-24,5488324,4532709,955615,695580,4792744,0,0
2395,12,2021-05-25,5559015,4597932,961083,711889,4847126,0,0
2396,12,2021-05-26,5611913,4646721,965192,720710,4891203,0,0
2397,12,2021-05-27,5687063,4713609,973454,742821,4944242,0,0
2398,12,2021-05-28,5750543,4770088,980455,762775,4987768,0,0
2399,12,2021-05-29,5804788,4816451,988337,785365,5019423,0,0
2400,12,2021-05-30,5832328,4841864,990464,793947,5038381,0,0
2401,12,2021-05-31,5889201,4893257,995944,819176,5070025,0,0
2402,12,2021-06-01,5956635,4955133,1001502,842600,5114035,0,0
2403,12,2021-06-02,6029937,5025000,1004937,859974,5169963,0,0
2404,12,2021-06-03,6104370,5094715,1009655,881211,5223159,0,0
2405,12,2021-06-04,6166025,5151851,1014174,894223,5271802,0,0
2406,12,2021-06-05,6224238,5205904,1018334,904476,5319762,0,0
2407,12,2021-06-06,6246721,5226504,1020217,908760,5337961,0,0
2408,12,2021-06-07,6302108,5276368,1025740,917636,5384472,0,0
2409,12,2021-06-08,6350659,5319508,1031151,924399,5426260,0,0
2410,12,2021-06-09,6433899,5398348,1035551,936931,5496968,0,0
2411,12,2021-06-10,6559087,5514458,1044629,954764,5604323,0,0
2412,12,2021-06-11,6664080,5608575,1055505,970360,5693720,0,0
2413,12,2021-06-12,6749944,5686944,1063000,983447,5766497,0,0
2414,12,2021-06-13,6784770,5718756,1066014,992104,5792666,0,0
2415,12,2021-06-14,6875456,5797875,1077581,1012825,5862631,0,0
2416,12,2021-06-15,6952038,5862113,1089925,1027178,5924860,0,0
2417,12,2021-06-16,7020156,5919214,1100942,1042161,5977995,0,0
2418,12,2021-06-17,7150855,6031899,1118956,1074032,6076823,0,0
2419,12,2021-06-18,7247474,6113489,1133985,1091817,6155657,0,0
2420,12,2021-06-19,7327041,6180911,1146130,1109184,6217856,1,0
2421,12,2021-06-20,7367943,6216032,1151911,1119998,6247944,1,0
2422,12,2021-06-21,7879825,6690650,1189175,1166483,6713327,15,0
2423,12,2021-06-22,8011052,6800712,1210340,1186758,6824255,39,0
2424,12,2021-06-23,8088643,6863194,1225449,1199515,6889067,61,0
2425,12,2021-06-24,8168749,6928225,1240524,1206928,6961505,316,0
2426,12,2021-06-25,8314915,7043353,1271562,1227147,7086684,1084,0
2427,12,2021-06-26,8430740,7132701,1298039,1246042,7183129,1569,0
2428,12,2021-06-27,8473361,7166083,1307278,1253485,7218012,1864,0
2429,12,2021-06-28,8616321,7268600,1347721,1278134,7335892,2295,0
2430,12,2021-06-29,8754231,7365625,1388606,1301464,7449981,2786,0
2431,12,2021-06-30,8856678,7433613,1423065,1326512,7526893,3273,0
2432,12,2021-07-01,9052429,7584644,1467785,1348265,7699816,4348,0
2433,12,2021-07-02,9220204,7705597,1514607,1363442,7851268,5494,0
2434,12,2021-07-03,9360295,7805669,1554626,1377998,7975900,6397,0
2435,12,2021-07-04,9409759,7840063,1569696,1386484,8016527,6748,0
2436,12,2021-07-05,9515937,7907719,1608218,1403246,8105331,7360,0
2437,12,2021-07-06,9581886,7948436,1633450,1421315,8152517,8054,0
2438,12,2021-07-07,9617391,7967878,1649513,1433138,8175404,8849,0
2439,12,2021-07-08,9658310,7991006,1667304,1448851,8199517,9942,0
2440,12,2021-07-09,9768115,8055066,1713049,1461024,8296132,10959,0
2441,12,2021-07-10,9848083,8104736,1743347,1482715,8353260,12108,0
2442,12,2021-07-11,9878706,8123738,1754968,1496881,8368340,13485,0
2443,12,2021-07-12,9930266,8153273,1776993,1523681,8392259,14326,0
2444,12,2021-07-13,10063614,8228952,1834662,1535674,8512654,15286,0
2445,12,2021-07-14,10187224,8323935,1863289,1551818,8618698,16708,0
2446,12,2021-07-15,10258746,8367171,1891575,1573126,8667478,18142,0
2447,12,2021-07-16,10412492,8456784,1955708,1593233,8799413,19846,0
2448,12,2021-07-17,10509222,8514017,1995205,1608231,8879403,21588,0
2449,12,2021-07-18,10578419,8558860,2019559,1613549,8942913,21957,0
2450,12,2021-07-19,10696109,8633271,2062838,1622536,9050595,22978,0
2451,12,2021-07-20,10792955,8692323,2100632,1634100,9134638,24217,0
2452,12,2021-07-21,10827853,8709605,2118248,1639465,9162755,25633,0
2453,12,2021-07-22,10897886,8744222,2153664,1654557,9216263,27066,0
2454,12,2021-07-23,10941640,8769732,2171908,1666226,9246724,28690,0
2455,12,2021-07-24,10982631,8795354,2187277,1673275,9278883,30473,0
2456,12,2021-07-25,11021435,8818842,2202593,1677692,9312806,30937,0
2457,12,2021-07-26,11125623,8880653,2244970,1688110,9405524,31989,0
2458,12,2021-07-27,11209983,8927366,2282617,1700352,9476754,32877,0
2459,12,2021-07-28,11355899,9022451,2333448,1705219,9616916,33764,0
2460,12,2021-07-29,11527918,9129628,2398290,1718386,9774846,34686,0
2461,12,2021-07-30,11679834,9224499,2455335,1728315,9915834,35685,0
2462,12,2021-07-31,11824028,9318405,2505623,1736297,10050615,37116,0
2463,12,2021-08-01,11946622,9408863,2537759,1739831,10169156,37635,0
2464,12,2021-08-02,12143863,9541597,2602266,1757229,10348265,38369,0
2465,12,2021-08-03,12319550,9652428,2667122,1775760,10504544,39246,0
2466,12,2021-08-04,12433360,9721120,2712240,1796437,10596770,40153,0
2467,12,2021-08-05,12548408,9792908,2755500,1828992,10678350,41066,0
2468,12,2021-08-06,12654430,9866470,2787960,1857124,10755185,42121,0
2469,12,2021-08-07,12794804,9952321,2842483,1872497,10878839,43468,0
2470,12,2021-08-08,12871025,10000236,2870789,1877727,10949276,44022,0
2471,12,2021-08-09,13010381,10086831,2923550,1889662,11075899,44820,0
2472,13,2021-01-16,202,202,0,0,202,0,0
2473,13,2021-01-17,202,202,0,0,202,0,0
2474,13,2021-01-18,352,352,0,0,352,0,0
2475,13,2021-01-19,448,448,0,0,448,0,0
2476,13,2021-01-20,448,448,0,0,448,0,0
2477,13,2021-01-21,610,610,0,0,610,0,0
2478,13,2021-01-22,1427,1427,0,0,1427,0,0
2479,13,2021-01-23,5396,5396,0,0,5396,0,0
2480,13,2021-01-24,5594,5594,0,0,5594,0,0
2481,13,2021-01-25,6104,6104,0,0,6104,0,0
2482,13,2021-01-26,6188,6188,0,0,6188,0,0
2483,13,2021-01-27,8859,8859,0,0,8859,0,0
2484,13,2021-01-28,13883,13883,0,0,13883,0,0
2485,13,2021-01-29,17978,17978,0,0,17978,0,0
2486,13,2021-01-30,22787,22787,0,0,22787,0,0
2487,13,2021-01-31,22798,22798,0,0,22798,0,0
2488,13,2021-02-01,28464,28464,0,0,28464,0,0
2489,13,2021-02-02,34218,34218,0,0,34218,0,0
2490,13,2021-02-03,38734,38734,0,0,38734,0,0
2491,13,2021-02-04,43053,43053,0,0,43053,0,0
2492,13,2021-02-05,46401,46401,0,1,46400,0,0
2493,13,2021-02-06,49335,49335,0,1,49334,0,0
2494,13,2021-02-07,49338,49338,0,1,49337,0,0
2495,13,2021-02-08,52715,52715,0,3,52712,0,0
2496,13,2021-02-09,56021,56021,0,26,55995,0,0
2497,13,2021-02-10,60848,60848,0,26,60822,0,0
2498,13,2021-02-11,66825,66825,0,33,66792,0,0
2499,13,2021-02-12,73945,73945,0,33,73912,0,0
2500,13,2021-02-13,77192,76743,449,33,76710,0,0
2501,13,2021-02-14,77192,76743,449,33,76710,0,0
2502,13,2021-02-15,80952,79084,1868,33,79051,0,0
2503,13,2021-02-16,84718,81911,2807,33,81878,0,0
2504,13,2021-02-17,90616,86419,4197,33,86386,0,0
2505,13,2021-02-18,88620,83703,4917,34,83669,0,0
2506,13,2021-02-19,100648,92440,8208,34,92406,0,0
2507,13,2021-02-20,106400,94569,11831,38,94531,0,0
2508,13,2021-02-21,106629,94796,11833,38,94758,0,0
2509,13,2021-02-22,108120,96044,12076,44,96000,0,0
2510,13,2021-02-23,109590,97252,12338,46,97206,0,0
2511,13,2021-02-24,110920,98414,12506,49,98365,0,0
2512,13,2021-02-25,116818,100164,16654,51,100113,0,0
2513,13,2021-02-26,121420,100927,20493,59,100868,0,0
2514,13,2021-02-27,121420,100927,20493,59,100868,0,0
2515,13,2021-02-28,121420,100927,20493,59,100868,0,0
2516,13,2021-03-01,121420,100927,20493,59,100868,0,0
2517,13,2021-03-02,132714,104128,28586,59,104069,0,0
2518,13,2021-03-03,139479,106220,33259,61,106159,0,0
2519,13,2021-03-04,148541,110116,38425,61,110055,0,0
2520,13,2021-03-05,158469,116257,42212,66,116191,0,0
2521,13,2021-03-06,165915,120892,45023,66,120826,0,0
2522,13,2021-03-07,168003,122797,45206,66,122731,0,0
2523,13,2021-03-08,176202,128118,48084,67,128051,0,0
2524,13,2021-03-09,146888,95370,51518,0,146879,0,0
2525,13,2021-03-10,156463,101716,54747,0,156454,0,0
2526,13,2021-03-11,157123,102129,54994,0,157114,0,0
2527,13,2021-03-12,175442,114206,61236,0,175433,0,0
2528,13,2021-03-13,182060,118806,63254,0,182051,0,0
2529,13,2021-03-14,183378,119986,63392,0,183369,0,0
2530,13,2021-03-15,195010,128508,66502,0,195001,0,0
2531,13,2021-03-16,273299,203011,70288,0,273299,0,0
2532,13,2021-03-17,308812,236523,72289,2,308810,0,0
2533,13,2021-03-18,337481,262915,74566,2,337479,0,0
2534,13,2021-03-19,358451,281109,77342,2,358449,0,0
2535,13,2021-03-20,369805,290409,79396,2,369803,0,0
2536,13,2021-03-21,371574,292027,79547,2,371572,0,0
2537,13,2021-03-22,381047,300139,80908,2,381045,0,0
2538,13,2021-03-23,404158,321471,82687,2,404156,0,0
2539,13,2021-03-24,416718,333002,83716,2,416716,0,0
2540,13,2021-03-25,455004,370260,84744,2,455002,0,0
2541,13,2021-03-26,476805,390817,85988,2,476803,0,0
2542,13,2021-03-27,496972,410497,86475,2,496970,0,0
2543,13,2021-03-28,498085,411591,86494,2,498083,0,0
2544,13,2021-03-29,498916,412400,86516,2,498914,0,0
2545,13,2021-03-30,527330,439684,87646,2,527328,0,0
2546,13,2021-03-31,536465,448077,88388,2,536463,0,0
2547,13,2021-04-01,574177,484952,89225,2,574175,0,0
2548,13,2021-04-02,594644,504793,89851,2,594642,0,0
2549,13,2021-04-03,611300,520521,90779,2,611298,0,0
2550,13,2021-04-04,631189,539485,91704,2,631187,0,0
2551,13,2021-04-05,661559,568597,92962,2,661557,0,0
2552,13,2021-04-06,688362,594144,94218,2,688360,0,0
2553,13,2021-04-07,775168,677374,97794,2,775166,0,0
2554,13,2021-04-08,841809,741610,100199,2,841807,0,0
2555,13,2021-04-09,891279,788372,102907,2,891277,0,0
2556,13,2021-04-10,942833,837398,105435,2,942831,0,0
2557,13,2021-04-11,983912,876538,107374,2,983910,0,0
2558,13,2021-04-12,1051220,940171,111049,2,1051218,0,0
2559,13,2021-04-13,1111863,996913,114950,2,1111861,0,0
2560,13,2021-04-14,1157878,1039677,118201,2,1157876,0,0
2561,13,2021-04-15,1192530,1070578,121952,2,1192528,0,0
2562,13,2021-04-16,1241591,1112736,128855,2,1241589,0,0
2563,13,2021-04-17,1278093,1143738,134355,2,1278091,0,0
2564,13,2021-04-18,1289502,1153059,136443,2,1289500,0,0
2565,13,2021-04-19,1328660,1184950,143710,2,1328658,0,0
2566,13,2021-04-20,1378690,1225885,152805,2,1378688,0,0
2567,13,2021-04-21,1400800,1244615,156185,2,1400798,0,0
2568,13,2021-04-22,1451402,1286057,165345,2,1451400,0,0
2569,13,2021-04-23,1497988,1322767,175221,2,1497986,0,0
2570,13,2021-04-24,1537559,1354936,182623,2,1537557,0,0
2571,13,2021-04-25,1548508,1363273,185235,2,1548506,0,0
2572,13,2021-04-26,1593350,1396626,196724,2,1593348,0,0
2573,13,2021-04-27,1644453,1434382,210071,2,1644451,0,0
2574,13,2021-04-28,1689867,1468126,221741,2,1689865,0,0
2575,13,2021-04-29,1743174,1505397,237777,2,1743172,0,0
2576,13,2021-04-30,1793341,1541255,252086,2,1793339,0,0
2577,13,2021-05-01,1823400,1562272,261128,2,1823398,0,0
2578,13,2021-05-02,1828966,1566274,262692,2,1828964,0,0
2579,13,2021-05-03,1874042,1595354,278688,0,1874042,0,0
2580,13,2021-05-04,1920953,1624444,296509,0,1920953,0,0
2581,13,2021-05-05,1956253,1645491,310762,0,1956253,0,0
2582,13,2021-05-06,2005160,1671620,333540,0,2005160,0,0
2583,13,2021-05-07,2037602,1688202,349400,0,2037602,0,0
2584,13,2021-05-08,2058866,1699206,359660,0,2058866,0,0
2585,13,2021-05-09,2065283,1702305,362978,0,2065283,0,0
2586,13,2021-05-10,2097748,1717794,379954,0,2097748,0,0
2587,13,2021-05-11,2125140,1730336,394804,0,2125140,0,0
2588,13,2021-05-12,2141989,1740172,401817,0,2141989,0,0
2589,13,2021-05-13,2175417,1757908,417509,0,2175417,0,0
2590,13,2021-05-14,2191401,1767255,424146,0,2191401,0,0
2591,13,2021-05-15,2217221,1784546,432675,0,2217221,0,0
2592,13,2021-05-16,2220769,1787942,432827,0,2220769,0,0
2593,13,2021-05-17,2243890,1810997,432893,0,2243890,0,0
2594,13,2021-05-18,2265500,1832502,432998,0,2265500,0,0
2595,13,2021-05-19,2281222,1848161,433061,0,2281222,0,0
2596,13,2021-05-20,2304113,1871031,433082,0,2304113,0,0
2597,13,2021-05-21,2323018,1889841,433177,0,2323018,0,0
2598,13,2021-05-22,2334587,1901360,433227,0,2334587,0,0
2599,13,2021-05-23,2336772,1903533,433239,0,2336772,0,0
2600,13,2021-05-24,2358357,1925091,433266,0,2358357,0,0
2601,13,2021-05-25,2377021,1943657,433364,0,2377021,0,0
2602,13,2021-05-26,2383941,1950536,433405,0,2383941,0,0
2603,13,2021-05-27,2405467,1972047,433420,0,2405467,0,0
2604,13,2021-05-28,2419143,1985601,433542,0,2419143,0,0
2605,13,2021-05-29,2429862,1996254,433608,0,2429862,0,0
2606,13,2021-05-30,2431191,1997579,433612,0,2431191,0,0
2607,13,2021-05-31,2456257,2022636,433621,0,2456257,0,0
2608,13,2021-06-01,2471148,2037384,433764,0,2471148,0,0
2609,13,2021-06-02,2482794,2048963,433831,0,2482794,0,0
2610,13,2021-06-03,2494074,2060164,433910,0,2494074,0,0
2611,13,2021-06-04,2509695,2075616,434079,0,2509695,0,0
2612,13,2021-06-05,2523243,2089053,434190,0,2523243,0,0
2613,13,2021-06-06,2524493,2090289,434204,0,2524493,0,0
2614,13,2021-06-07,2536559,2102102,434457,0,2536559,0,0
2615,13,2021-06-08,2549426,2114649,434777,0,2549426,0,0
2616,13,2021-06-09,2557978,2123031,434947,0,2557788,190,0
2617,13,2021-06-10,2566399,2131119,435280,0,2565979,420,0
2618,13,2021-06-11,2576674,2141030,435644,0,2575974,700,0
2619,13,2021-06-12,2587927,2151953,435974,0,2586929,998,0
2620,13,2021-06-13,2588086,2152111,435975,0,2587046,1040,0
2621,13,2021-06-14,2614787,2178801,435986,126,2613401,1260,0
2622,13,2021-06-15,2659045,2222751,436294,126,2657579,1340,0
2623,13,2021-06-16,2699523,2262895,436628,238,2697945,1340,0
2624,13,2021-06-17,2741702,2304599,437103,339,2740023,1340,0
2625,13,2021-06-18,2793097,2354749,438348,339,2791418,1340,0
2626,13,2021-06-19,2819145,2378841,440304,413,2817392,1340,0
2627,13,2021-06-20,2819998,2379678,440320,413,2818085,1500,0
2628,13,2021-06-21,2918724,2478389,440335,413,2916811,1500,0
2629,13,2021-06-22,3040740,2600380,440360,674,3038566,1500,0
2630,13,2021-06-23,3185389,2744942,440447,1118,3182771,1500,0
2631,13,2021-06-24,3223393,2773268,450125,1468,3220425,1500,0
2632,13,2021-06-25,3330049,2868066,461983,1468,3327081,1500,0
2633,13,2021-06-26,3482066,3010202,471864,1495,3479071,1500,0
2634,13,2021-06-27,3497784,3025895,471889,1495,3494789,1500,0
2635,13,2021-06-28,3666915,3187698,479217,1495,3663920,1500,0
2636,13,2021-06-29,3827079,3338511,488568,1543,3824036,1500,0
2637,13,2021-06-30,3866287,3351501,514786,1543,3863244,1500,0
2638,13,2021-07-01,3908924,3362065,546859,1580,3905625,1719,0
2639,13,2021-07-02,3947386,3370592,576794,1580,3943857,1949,0
2640,13,2021-07-03,3985889,3378237,607652,1612,3982015,2262,0
2641,13,2021-07-04,3986005,3378319,607686,1612,3982131,2262,0
2642,13,2021-07-05,4047093,3387795,659298,1612,4043017,2464,0
2643,13,2021-07-06,4115822,3398020,717802,1612,4111516,2694,0
2644,13,2021-07-07,4173028,3406867,766161,1634,4168645,2749,0
2645,13,2021-07-08,4220136,3414079,806057,1634,4215753,2749,0
2646,13,2021-07-09,4258863,3419934,838929,1696,4254418,2749,0
2647,13,2021-07-10,4281031,3423175,857856,1696,4276586,2749,0
2648,13,2021-07-11,4281308,3423246,858062,1696,4276666,2946,0
2649,13,2021-07-12,4319288,3427554,891734,1696,4314646,2946,0
2650,13,2021-07-13,4361944,3433064,928880,1727,4357271,2946,0
2651,13,2021-07-14,4447275,3491953,955322,1784,4442545,2946,0
2652,13,2021-07-15,4473681,3495554,978127,1885,4468850,2946,0
2653,13,2021-07-16,4500778,3498848,1001930,1885,4495947,2946,0
2654,13,2021-07-17,4544791,3505004,1039787,1986,4539859,2946,0
2655,13,2021-07-18,4544883,3505080,1039803,1986,4539951,2946,0
2656,13,2021-07-19,4607739,3542306,1065433,1986,4602807,2946,0
2657,13,2021-07-20,4683571,3593645,1089926,2049,4678576,2946,0
2658,13,2021-07-21,4684058,3594024,1090034,2049,4679063,2946,0
2659,13,2021-07-22,4762348,3645454,1116894,2110,4757292,2946,0
2660,13,2021-07-23,4841256,3697711,1143545,2110,4836200,2946,0
2661,13,2021-07-24,4907673,3740883,1166790,2178,4902549,2946,0
2662,13,2021-07-25,4907764,3740953,1166811,2178,4902640,2946,0
2663,13,2021-07-26,4965278,3779130,1186148,2178,4960154,2946,0
2664,13,2021-07-27,5020337,3813969,1206368,2631,5014760,2946,0
2665,13,2021-07-28,5067025,3844633,1222392,2860,5061219,2946,0
2666,13,2021-07-29,5096580,3863935,1232645,2919,5090715,2946,0
2667,13,2021-07-30,5149148,3898160,1250988,2919,5143283,2946,0
2668,13,2021-07-31,5222691,3949268,1273423,2972,5216773,2946,0
2669,13,2021-08-01,5242244,3968690,1273554,3049,5236250,2945,0
2670,13,2021-08-02,5301613,4010075,1291538,3052,5295616,2945,0
2671,13,2021-08-03,5356516,4048893,1307623,3100,5350472,2944,0
2672,13,2021-08-04,5405528,4083812,1321716,3100,5399484,2944,0
2673,13,2021-08-05,5449747,4115577,1334170,3118,5443685,2944,0
2674,13,2021-08-06,5502831,4155025,1347806,3120,5496767,2944,0
2675,13,2021-08-07,5551177,4190219,1360958,3167,5545066,2944,0
2676,13,2021-08-08,5551548,4190561,1360987,3167,5545437,2944,0
2677,13,2021-08-09,5632441,4249849,1382592,3166,5626331,2944,0
2678,14,2021-01-16,377,377,0,0,377,0,0
2679,14,2021-01-17,421,421,0,0,421,0,0
2680,14,2021-01-18,672,672,0,0,672,0,0
2681,14,2021-01-19,1369,1369,0,0,1369,0,0
2682,14,2021-01-20,1369,1369,0,0,1369,0,0
2683,14,2021-01-21,2296,2296,0,0,2296,0,0
2684,14,2021-01-22,3807,3807,0,0,3807,0,0
2685,14,2021-01-23,5593,5593,0,0,5593,0,0
2686,14,2021-01-24,5893,5893,0,0,5893,0,0
2687,14,2021-01-25,10498,10498,0,0,10498,0,0
2688,14,2021-01-26,10626,10626,0,0,10626,0,0
2689,14,2021-01-27,11562,11562,0,0,11562,0,0
2690,14,2021-01-28,17280,17280,0,0,17280,0,0
2691,14,2021-01-29,21124,21124,0,0,21124,0,0
2692,14,2021-01-30,21261,21261,0,0,21261,0,0
2693,14,2021-01-31,21268,21268,0,0,21268,0,0
2694,14,2021-02-01,21322,21322,0,0,21322,0,0
2695,14,2021-02-02,21352,21352,0,0,21352,0,0
2696,14,2021-02-03,21478,21478,0,0,21478,0,0
2697,14,2021-02-04,27796,27796,0,0,27796,0,0
2698,14,2021-02-05,33899,33899,0,0,33899,0,0
2699,14,2021-02-06,40909,40909,0,0,40909,0,0
2700,14,2021-02-07,41543,41543,0,0,41543,0,0
2701,14,2021-02-08,51872,51872,0,4,51868,0,0
2702,14,2021-02-09,63529,63529,0,12,63517,0,0
2703,14,2021-02-10,65779,65779,0,58,65721,0,0
2704,14,2021-02-11,83295,83295,0,72,83223,0,0
2705,14,2021-02-12,100823,100823,0,218,100605,0,0
2706,14,2021-02-13,118399,117677,722,263,117414,0,0
2707,14,2021-02-14,119015,118293,722,279,118014,0,0
2708,14,2021-02-15,136032,134369,1663,479,133890,0,0
2709,14,2021-02-16,150271,148004,2267,480,147524,0,0
2710,14,2021-02-17,151145,148878,2267,512,148366,0,0
2711,14,2021-02-18,166429,163037,3392,634,162403,0,0
2712,14,2021-02-19,181492,176551,4941,727,175824,0,0
2713,14,2021-02-20,192355,186097,6258,836,185261,0,0
2714,14,2021-02-21,192581,186304,6277,839,185465,0,0
2715,14,2021-02-22,204193,195331,8862,885,194446,0,0
2716,14,2021-02-23,212075,202132,9943,1049,201083,0,0
2717,14,2021-02-24,212702,202749,9953,1083,201666,0,0
2718,14,2021-02-25,226087,213201,12886,1106,212095,0,0
2719,14,2021-02-26,238073,222386,15687,1125,221261,0,0
2720,14,2021-02-27,238073,222386,15687,1125,221261,0,0
2721,14,2021-02-28,238075,222388,15687,1125,221263,0,0
2722,14,2021-03-01,238075,222388,15687,1125,221263,0,0
2723,14,2021-03-02,258723,241454,17269,1178,240276,0,0
2724,14,2021-03-03,260977,243610,17367,1189,242421,0,0
2725,14,2021-03-04,277184,257976,19208,1227,256749,0,0
2726,14,2021-03-05,294559,272803,21756,1249,271554,0,0
2727,14,2021-03-06,313949,288844,25105,1260,287584,0,0
2728,14,2021-03-07,314237,289112,25125,1260,287852,0,0
2729,14,2021-03-08,339975,309309,30666,1303,308006,0,0
2730,14,2021-03-09,335454,298325,37129,0,335448,0,0
2731,14,2021-03-10,336723,299275,37448,0,336717,0,0
2732,14,2021-03-11,337836,300120,37716,0,337830,0,0
2733,14,2021-03-12,340719,300849,39870,0,340713,0,0
2734,14,2021-03-13,378291,323433,54858,0,378285,0,0
2735,14,2021-03-14,379043,323902,55141,0,379037,0,0
2736,14,2021-03-15,415786,347322,68464,0,415780,0,0
2737,14,2021-03-16,490249,409038,81211,0,490249,0,0
2738,14,2021-03-17,506212,424693,81519,0,506212,0,0
2739,14,2021-03-18,545897,452341,93556,0,545897,0,0
2740,14,2021-03-19,569002,467694,101308,0,569002,0,0
2741,14,2021-03-20,583776,477578,106198,0,583776,0,0
2742,14,2021-03-21,585549,478715,106834,0,585549,0,0
2743,14,2021-03-22,615587,499326,116261,0,615587,0,0
2744,14,2021-03-23,643931,520247,123684,0,643931,0,0
2745,14,2021-03-24,645295,520936,124359,0,645295,0,0
2746,14,2021-03-25,680969,549986,130983,0,680969,0,0
2747,14,2021-03-26,708706,573587,135119,0,708706,0,0
2748,14,2021-03-27,734150,595686,138464,0,734150,0,0
2749,14,2021-03-28,735216,596652,138564,0,735216,0,0
2750,14,2021-03-29,760669,618375,142294,0,760669,0,0
2751,14,2021-03-30,787931,641299,146632,0,787931,0,0
2752,14,2021-03-31,789202,642348,146854,0,789202,0,0
2753,14,2021-04-01,820121,669358,150763,0,820121,0,0
2754,14,2021-04-02,862951,707269,155682,0,862951,0,0
2755,14,2021-04-03,896589,737067,159522,0,896589,0,0
2756,14,2021-04-04,926410,764873,161537,0,926410,0,0
2757,14,2021-04-05,965018,799804,165214,0,965018,0,0
2758,14,2021-04-06,1000073,831857,168216,0,1000073,0,0
2759,14,2021-04-07,1083663,909465,174198,0,1083663,0,0
2760,14,2021-04-08,1177106,994678,182428,0,1177106,0,0
2761,14,2021-04-09,1240399,1053587,186812,0,1240399,0,0
2762,14,2021-04-10,1286329,1095604,190725,0,1286329,0,0
2763,14,2021-04-11,1321714,1128724,192990,0,1321714,0,0
2764,14,2021-04-12,1390071,1190462,199609,0,1390071,0,0
2765,14,2021-04-13,1420580,1217666,202914,0,1420580,0,0
2766,14,2021-04-14,1452639,1245840,206799,0,1452639,0,0
2767,14,2021-04-15,1500140,1285404,214736,0,1500140,0,0
2768,14,2021-04-16,1544416,1322027,222389,0,1544416,0,0
2769,14,2021-04-17,1588988,1358605,230383,0,1588988,0,0
2770,14,2021-04-18,1622097,1386560,235537,0,1622097,0,0
2771,14,2021-04-19,1688073,1439317,248756,0,1688073,0,0
2772,14,2021-04-20,1752949,1492291,260658,0,1752949,0,0
2773,14,2021-04-21,1801163,1532708,268455,0,1801163,0,0
2774,14,2021-04-22,1856450,1576508,279942,0,1856450,0,0
2775,14,2021-04-23,1924526,1632265,292261,0,1924526,0,0
2776,14,2021-04-24,1996721,1691210,305511,0,1996721,0,0
2777,14,2021-04-25,2043208,1731283,311925,0,2043208,0,0
2778,14,2021-04-26,2125643,1798206,327437,0,2125643,0,0
2779,14,2021-04-27,2186894,1848389,338505,0,2186894,0,0
2780,14,2021-04-28,2256066,1904409,351657,0,2256066,0,0
2781,14,2021-04-29,2311019,1946913,364106,0,2311019,0,0
2782,14,2021-04-30,2348049,1974919,373130,0,2348049,0,0
2783,14,2021-05-01,2376239,1995989,380250,194,2376045,0,0
2784,14,2021-05-02,2415072,2027309,387763,2234,2412838,0,0
2785,14,2021-05-03,2467470,2065375,402095,5705,2461765,0,0
2786,14,2021-05-04,2503624,2091960,411664,11063,2492561,0,0
2787,14,2021-05-05,2560453,2133638,426815,16549,2543904,0,0
2788,14,2021-05-06,2610901,2166988,443913,21374,2589527,0,0
2789,14,2021-05-07,2673010,2208633,464377,26337,2646673,0,0
2790,14,2021-05-08,2717486,2236255,481231,28864,2688622,0,0
2791,14,2021-05-09,2730327,2244582,485745,28873,2701454,0,0
2792,14,2021-05-10,2762379,2261462,500917,29358,2733021,0,0
2793,14,2021-05-11,2792754,2277054,515700,29877,2762877,0,0
2794,14,2021-05-12,2806013,2286567,519446,30376,2775637,0,0
2795,14,2021-05-13,2811983,2290511,521472,30376,2781607,0,0
2796,14,2021-05-14,2829044,2301414,527630,30833,2798211,0,0
2797,14,2021-05-15,2846293,2313307,532986,31365,2814928,0,0
2798,14,2021-05-16,2854854,2321690,533164,31365,2823489,0,0
2799,14,2021-05-17,2869473,2335697,533776,31905,2837568,0,0
2800,14,2021-05-18,2882672,2348544,534128,32440,2850232,0,0
2801,14,2021-05-19,2890348,2356090,534258,32440,2857908,0,0
2802,14,2021-05-20,2905453,2370453,535000,32991,2872462,0,0
2803,14,2021-05-21,2919082,2383343,535739,33533,2885549,0,0
2804,14,2021-05-22,2955597,2418184,537413,34116,2921481,0,0
2805,14,2021-05-23,2973265,2435203,538062,34192,2939073,0,0
2806,14,2021-05-24,3010300,2470847,539453,35640,2974660,0,0
2807,14,2021-05-25,3050427,2510205,540222,36470,3013957,0,0
2808,14,2021-05-26,3094817,2554226,540591,36997,3057820,0,0
2809,14,2021-05-27,3155082,2613886,541196,37587,3117495,0,0
2810,14,2021-05-28,3204395,2662543,541852,38100,3166295,0,0
2811,14,2021-05-29,3242705,2699856,542849,38912,3203793,0,0
2812,14,2021-05-30,3265442,2722017,543425,39319,3226123,0,0
2813,14,2021-05-31,3301002,2754861,546141,41568,3259434,0,0
2814,14,2021-06-01,3334213,2784248,549965,44683,3289530,0,0
2815,14,2021-06-02,3367582,2813904,553678,47788,3319794,0,0
2816,14,2021-06-03,3398622,2841416,557206,51441,3347181,0,0
2817,14,2021-06-04,3429944,2868479,561465,55774,3374170,0,0
2818,14,2021-06-05,3461430,2896360,565070,59277,3402153,0,0
2819,14,2021-06-06,3476138,2910164,565974,59759,3416379,0,0
2820,14,2021-06-07,3501829,2932304,569525,62823,3439006,0,0
2821,14,2021-06-08,3528456,2955248,573208,65729,3462727,0,0
2822,14,2021-06-09,3549785,2974987,574798,66508,3483277,0,0
2823,14,2021-06-10,3582621,3005115,577506,68619,3514002,0,0
2824,14,2021-06-11,3616809,3036734,580075,70437,3546372,0,0
2825,14,2021-06-12,3651569,3068862,582707,72430,3579139,0,0
2826,14,2021-06-13,3680941,3097492,583449,72724,3608217,0,0
2827,14,2021-06-14,3732404,3146640,585764,74282,3658122,0,0
2828,14,2021-06-15,3782472,3194499,587973,75748,3706724,0,0
2829,14,2021-06-16,3818944,3229615,589329,76101,3742843,0,0
2830,14,2021-06-17,3860287,3267877,592410,77426,3782861,0,0
2831,14,2021-06-18,3910835,3313601,597234,78771,3832064,0,0
2832,14,2021-06-19,3953717,3351691,602026,80008,3873709,0,0
2833,14,2021-06-20,3970723,3367528,603195,80196,3890527,0,0
2834,14,2021-06-21,4009211,3402011,607200,81727,3927484,0,0
2835,14,2021-06-22,4051418,3439485,611933,83446,3967972,0,0
2836,14,2021-06-23,4119122,3502239,616883,85243,4033879,0,0
2837,14,2021-06-24,4169680,3546680,623000,87546,4082134,0,0
2838,14,2021-06-25,4232071,3602396,629675,87980,4144091,0,0
2839,14,2021-06-26,4282658,3643605,639053,91484,4191174,0,0
2840,14,2021-06-27,4344943,3699377,645566,95203,4249740,0,0
2841,14,2021-06-28,4416417,3758141,658276,104925,4311492,0,0
2842,14,2021-06-29,4467382,3801390,665992,115773,4351609,0,0
2843,14,2021-06-30,4525535,3844705,680830,121874,4403661,0,0
2844,14,2021-07-01,4570376,3876688,693688,126507,4443869,0,0
2845,14,2021-07-02,4670310,3948339,721971,131258,4539052,0,0
2846,14,2021-07-03,4759759,4013073,746686,135993,4623766,0,0
2847,14,2021-07-04,4805884,4051232,754652,137699,4668185,0,0
2848,14,2021-07-05,4872354,4101877,770477,145316,4727038,0,0
2849,14,2021-07-06,4928467,4147987,780480,155476,4772991,0,0
2850,14,2021-07-07,5003671,4209146,794525,158140,4845531,0,0
2851,14,2021-07-08,5063909,4253650,810259,161449,4902460,0,0
2852,14,2021-07-09,5088504,4271861,816643,162523,4925981,0,0
2853,14,2021-07-10,5114832,4293518,821314,164516,4950316,0,0
2854,14,2021-07-11,5149835,4314400,835435,165110,4984725,0,0
2855,14,2021-07-12,5196038,4339069,856969,166895,5029143,0,0
2856,14,2021-07-13,5223791,4354531,869260,168481,5055310,0,0
2857,14,2021-07-14,5287631,4411788,875843,172356,5115275,0,0
2858,14,2021-07-15,5363634,4452507,911127,177147,5186487,0,0
2859,14,2021-07-16,5437313,4489337,947976,179867,5257446,0,0
2860,14,2021-07-17,5482249,4512931,969318,182297,5299952,0,0
2861,14,2021-07-18,5534891,4544050,990841,182398,5352493,0,0
2862,14,2021-07-19,5622199,4585652,1036547,185159,5437040,0,0
2863,14,2021-07-20,5676697,4615137,1061560,187413,5489284,0,0
2864,14,2021-07-21,5687736,4622017,1065719,187438,5500298,0,0
2865,14,2021-07-22,5698733,4628601,1070132,189283,5509450,0,0
2866,14,2021-07-23,5734546,4645667,1088879,191801,5542745,0,0
2867,14,2021-07-24,5820526,4687048,1133478,194311,5626215,0,0
2868,14,2021-07-25,5861643,4711124,1150519,194437,5667206,0,0
2869,14,2021-07-26,5921876,4741621,1180255,196552,5725324,0,0
2870,14,2021-07-27,5958646,4762219,1196427,198969,5759677,0,0
2871,14,2021-07-28,6033327,4805043,1228284,200430,5832897,0,0
2872,14,2021-07-29,6104697,4843934,1260763,204552,5900145,0,0
2873,14,2021-07-30,6161545,4874004,1287541,208050,5953495,0,0
2874,14,2021-07-31,6215340,4906292,1309048,213434,6001906,0,0
2875,14,2021-08-01,6304714,4980566,1324148,214967,6089747,0,0
2876,14,2021-08-02,6385030,5029174,1355856,218986,6166044,0,0
2877,14,2021-08-03,6450562,5071021,1379541,223005,6227557,0,0
2878,14,2021-08-04,6486798,5094403,1392395,224145,6262653,0,0
2879,14,2021-08-05,6550120,5136611,1413509,227828,6322292,0,0
2880,14,2021-08-06,6603381,5175260,1428121,231719,6371662,0,0
2881,14,2021-08-07,6690063,5234547,1455516,235756,6454307,0,0
2882,14,2021-08-08,6737792,5268567,1469225,237049,6500743,0,0
2883,14,2021-08-09,6808342,5318516,1489826,240952,6567390,0,0
2884,15,2021-01-16,344,344,0,0,344,0,0
2885,15,2021-01-17,344,344,0,0,344,0,0
2886,15,2021-01-18,749,749,0,0,749,0,0
2887,15,2021-01-19,1455,1455,0,0,1455,0,0
2888,15,2021-01-20,2258,2258,0,0,2258,0,0
2889,15,2021-01-21,2258,2258,0,0,2258,0,0
2890,15,2021-01-22,4023,4023,0,0,4023,0,0
2891,15,2021-01-23,4117,4117,0,0,4117,0,0
2892,15,2021-01-24,4573,4573,0,0,4573,0,0
2893,15,2021-01-25,8636,8636,0,0,8636,0,0
2894,15,2021-01-26,8708,8708,0,0,8708,0,0
2895,15,2021-01-27,15269,15269,0,0,15269,0,0
2896,15,2021-01-28,15617,15617,0,0,15617,0,0
2897,15,2021-01-29,23685,23685,0,0,23685,0,0
2898,15,2021-01-30,31477,31477,0,0,31477,0,0
2899,15,2021-01-31,31672,31672,0,0,31672,0,0
2900,15,2021-02-01,39147,39147,0,20,39127,0,0
2901,15,2021-02-02,46900,46900,0,139,46761,0,0
2902,15,2021-02-03,58991,58991,0,315,58676,0,0
2903,15,2021-02-04,66209,66209,0,431,65778,0,0
2904,15,2021-02-05,77034,77034,0,620,76414,0,0
2905,15,2021-02-06,86786,86786,0,832,85954,0,0
2906,15,2021-02-07,96697,96697,0,1024,95673,0,0
2907,15,2021-02-08,113951,113951,0,1559,112392,0,0
2908,15,2021-02-09,133247,133247,0,2127,131120,0,0
2909,15,2021-02-10,152985,152985,0,2587,150398,0,0
2910,15,2021-02-11,167957,167957,0,2940,165017,0,0
2911,15,2021-02-12,181722,181722,0,3478,178244,0,0
2912,15,2021-02-13,197934,195956,1978,4117,191839,0,0
2913,15,2021-02-14,205424,203227,2197,4439,198788,0,0
2914,15,2021-02-15,219873,215731,4142,5480,210251,0,0
2915,15,2021-02-16,228558,222983,5575,6506,216477,0,0
2916,15,2021-02-17,241010,233318,7692,7854,225464,0,0
2917,15,2021-02-18,249047,240361,8686,9959,230402,0,0
2918,15,2021-02-19,262687,251913,10774,11807,240106,0,0
2919,15,2021-02-20,271129,259546,11583,14679,244867,0,0
2920,15,2021-02-21,273466,261700,11766,15441,246259,0,0
2921,15,2021-02-22,281976,268315,13661,18051,250264,0,0
2922,15,2021-02-23,289373,274560,14813,20338,254222,0,0
2923,15,2021-02-24,298027,279979,18048,22602,257377,0,0
2924,15,2021-02-25,304309,285072,19237,24941,260131,0,0
2925,15,2021-02-26,313438,289681,23757,27397,262284,0,0
2926,15,2021-02-27,313438,289681,23757,27397,262284,0,0
2927,15,2021-02-28,313438,289681,23757,27397,262284,0,0
2928,15,2021-03-01,313438,289681,23757,27397,262284,0,0
2929,15,2021-03-02,332286,300236,32050,29427,270809,0,0
2930,15,2021-03-03,350716,312092,38624,31379,280713,0,0
2931,15,2021-03-04,368393,323632,44761,32738,290894,0,0
2932,15,2021-03-05,389443,336342,53101,34287,302055,0,0
2933,15,2021-03-06,410219,349329,60890,35706,313623,0,0
2934,15,2021-03-07,416787,353354,63433,36088,317266,0,0
2935,15,2021-03-08,442754,368526,74228,37255,331271,0,0
2936,15,2021-03-09,402293,313825,88468,39169,363112,0,0
2937,15,2021-03-10,433106,328716,104390,40527,392567,0,0
2938,15,2021-03-11,448191,337413,110778,41027,407152,0,0
2939,15,2021-03-12,480023,354643,125380,42058,437953,0,0
2940,15,2021-03-13,506986,369293,137693,43197,463777,0,0
2941,15,2021-03-14,526061,381922,144139,43659,482390,0,0
2942,15,2021-03-15,564865,406491,158374,45177,519676,0,0
2943,15,2021-03-16,691414,520822,170592,48441,642973,0,0
2944,15,2021-03-17,747474,566563,180911,53167,694307,0,0
2945,15,2021-03-18,779686,589818,189868,55383,724303,0,0
2946,15,2021-03-19,815129,617091,198038,57862,757267,0,0
2947,15,2021-03-20,922788,716690,206098,65479,857309,0,0
2948,15,2021-03-21,1087557,877428,210129,73772,1013785,0,0
2949,15,2021-03-22,1131165,914943,216222,77510,1053655,0,0
2950,15,2021-03-23,1286679,1062427,224252,95779,1190900,0,0
2951,15,2021-03-24,1406423,1177165,229258,115969,1290454,0,0
2952,15,2021-03-25,1448065,1214880,233185,125607,1322458,0,0
2953,15,2021-03-26,1510164,1273664,236500,161360,1348804,0,0
2954,15,2021-03-27,1609918,1370655,239263,176781,1433137,0,0
2955,15,2021-03-28,1624010,1384612,239398,178154,1445856,0,0
2956,15,2021-03-29,1625662,1386163,239499,178278,1447384,0,0
2957,15,2021-03-30,1636559,1394924,241635,180616,1455943,0,0
2958,15,2021-03-31,1660956,1415140,245816,183387,1477569,0,0
2959,15,2021-04-01,1686394,1437104,249290,185253,1501141,0,0
2960,15,2021-04-02,1729117,1475614,253503,187646,1541471,0,0
2961,15,2021-04-03,1758073,1501006,257067,188887,1569186,0,0
2962,15,2021-04-04,1839503,1578359,261144,191267,1648236,0,0
2963,15,2021-04-05,1913640,1649049,264591,192540,1721100,0,0
2964,15,2021-04-06,1973281,1705435,267846,193574,1779707,0,0
2965,15,2021-04-07,2062758,1788075,274683,196170,1866588,0,0
2966,15,2021-04-08,2134827,1855020,279807,198353,1936474,0,0
2967,15,2021-04-09,2162617,1879293,283324,202123,1960494,0,0
2968,15,2021-04-10,2260123,1970433,289690,206072,2054051,0,0
2969,15,2021-04-11,2359684,2065113,294571,208265,2151419,0,0
2970,15,2021-04-12,2429156,2127045,302111,210623,2218533,0,0
2971,15,2021-04-13,2505707,2196926,308781,212617,2293090,0,0
2972,15,2021-04-14,2595718,2279843,315875,214501,2381217,0,0
2973,15,2021-04-15,2640772,2318245,322527,216038,2424734,0,0
2974,15,2021-04-16,2681749,2351517,330232,217591,2464158,0,0
2975,15,2021-04-17,2733464,2393775,339689,218889,2514575,0,0
2976,15,2021-04-18,2775262,2427024,348238,220573,2554689,0,0
2977,15,2021-04-19,2807543,2449014,358529,222787,2584756,0,0
2978,15,2021-04-20,2848719,2477515,371204,227604,2621115,0,0
2979,15,2021-04-21,2877453,2496708,380745,231690,2645763,0,0
2980,15,2021-04-22,2901875,2512136,389739,235917,2665958,0,0
2981,15,2021-04-23,2935365,2532881,402484,242888,2692477,0,0
2982,15,2021-04-24,2965021,2550782,414239,251321,2713700,0,0
2983,15,2021-04-25,2977865,2558670,419195,255987,2721878,0,0
2984,15,2021-04-26,3005317,2574711,430606,266107,2739210,0,0
2985,15,2021-04-27,3029124,2589148,439976,275310,2753814,0,0
2986,15,2021-04-28,3053082,2603179,449903,282093,2770989,0,0
2987,15,2021-04-29,3083117,2619343,463774,290291,2792826,0,0
2988,15,2021-04-30,3114125,2635993,478132,298246,2815879,0,0
2989,15,2021-05-01,3135680,2647485,488195,303722,2831958,0,0
2990,15,2021-05-02,3146799,2653112,493687,306394,2840405,0,0
2991,15,2021-05-03,3165998,2661873,504125,310644,2855354,0,0
2992,15,2021-05-04,3186484,2671304,515180,314835,2871649,0,0
2993,15,2021-05-05,3211894,2681933,529961,319092,2892802,0,0
2994,15,2021-05-06,3233186,2691611,541575,323010,2910176,0,0
2995,15,2021-05-07,3257332,2702393,554939,328316,2929016,0,0
2996,15,2021-05-08,3284802,2714194,570608,335224,2949578,0,0
2997,15,2021-05-09,3303003,2722859,580144,339761,2963242,0,0
2998,15,2021-05-10,3336638,2738946,597692,348346,2988292,0,0
2999,15,2021-05-11,3373071,2754830,618241,356554,3016517,0,0
3000,15,2021-05-12,3402653,2769962,632691,365329,3037324,0,0
3001,15,2021-05-13,3428810,2782611,646199,371456,3057354,0,0
3002,15,2021-05-14,3480054,2825315,654739,390932,3089122,0,0
3003,15,2021-05-15,3541498,2876996,664502,414774,3126724,0,0
3004,15,2021-05-16,3585174,2919090,666084,427393,3157781,0,0
3005,15,2021-05-17,3640643,2972741,667902,439574,3201069,0,0
3006,15,2021-05-18,3692552,3023461,669091,449565,3242987,0,0
3007,15,2021-05-19,3743211,3072388,670823,459652,3283559,0,0
3008,15,2021-05-20,3791168,3118200,672968,466974,3324194,0,0
3009,15,2021-05-21,3840095,3165104,674991,473899,3366196,0,0
3010,15,2021-05-22,3877535,3200833,676702,479462,3398073,0,0
3011,15,2021-05-23,3922615,3243983,678632,483529,3439086,0,0
3012,15,2021-05-24,3973018,3291812,681206,488613,3484405,0,0
3013,15,2021-05-25,4012657,3328296,684361,494210,3518447,0,0
3014,15,2021-05-26,4037120,3350619,686501,497805,3539315,0,0
3015,15,2021-05-27,4053662,3365244,688418,500385,3553277,0,0
3016,15,2021-05-28,4084905,3391607,693298,507584,3577321,0,0
3017,15,2021-05-29,4124267,3424365,699902,517383,3606884,0,0
3018,15,2021-05-30,4156776,3452239,704537,523909,3632867,0,0
3019,15,2021-05-31,4194352,3484293,710059,533344,3661008,0,0
3020,15,2021-06-01,4227513,3512443,715070,543490,3684023,0,0
3021,15,2021-06-02,4266420,3545235,721185,559482,3706938,0,0
3022,15,2021-06-03,4306358,3580164,726194,581158,3725200,0,0
3023,15,2021-06-04,4378641,3646348,732293,597383,3781258,0,0
3024,15,2021-06-05,4470721,3732019,738702,614300,3856421,0,0
3025,15,2021-06-06,4549765,3806892,742873,630289,3919476,0,0
3026,15,2021-06-07,4613214,3864177,749037,643971,3969243,0,0
3027,15,2021-06-08,4673692,3918642,755050,659466,4014226,0,0
3028,15,2021-06-09,4732666,3971153,761513,672971,4059695,0,0
3029,15,2021-06-10,4802571,4036613,765958,680429,4122142,0,0
3030,15,2021-06-11,4896908,4123823,773085,692201,4204707,0,0
3031,15,2021-06-12,4998435,4212899,785536,708506,4289929,0,0
3032,15,2021-06-13,5107681,4309176,798505,725793,4381888,0,0
3033,15,2021-06-14,5200591,4385314,815277,744948,4455643,0,0
3034,15,2021-06-15,5275846,4445031,830815,760694,4515152,0,0
3035,15,2021-06-16,5351699,4506462,845237,774021,4577678,0,0
3036,15,2021-06-17,5439159,4580622,858537,788070,4651089,0,0
3037,15,2021-06-18,5546776,4670691,876085,803471,4743305,0,0
3038,15,2021-06-19,5656138,4762333,893805,818059,4838079,0,0
3039,15,2021-06-20,5778609,4869438,909171,832575,4946034,0,0
3040,15,2021-06-21,5883561,4957150,926411,847517,5036044,0,0
3041,15,2021-06-22,6000196,5055364,944832,870989,5129207,0,0
3042,15,2021-06-23,6131818,5167917,963901,898324,5233359,135,0
3043,15,2021-06-24,6255348,5275892,979456,936318,5318805,225,0
3044,15,2021-06-25,6403158,5408550,994608,985041,5417787,330,0
3045,15,2021-06-26,6547873,5536533,1011340,1059822,5487646,405,0
3046,15,2021-06-27,6668652,5640086,1028566,1097573,5570674,405,0
3047,15,2021-06-28,6770349,5724536,1045813,1117377,5652507,465,0
3048,15,2021-06-29,6830286,5771964,1058322,1131781,5697930,575,0
3049,15,2021-06-30,6854142,5789884,1064258,1139001,5714477,664,0
3050,15,2021-07-01,6893417,5821359,1072058,1168258,5724395,764,0
3051,15,2021-07-02,6924097,5846418,1077679,1189507,5733706,884,0
3052,15,2021-07-03,7059365,5948380,1110985,1197746,5860625,994,0
3053,15,2021-07-04,7199780,6053155,1146625,1201210,5997576,994,0
3054,15,2021-07-05,7301080,6126833,1174247,1205066,6094915,1099,0
3055,15,2021-07-06,7444490,6227928,1216562,1207953,6235428,1109,0
3056,15,2021-07-07,7515450,6276757,1238693,1215617,6298724,1109,0
3057,15,2021-07-08,7549569,6301519,1248050,1220051,6328409,1109,0
3058,15,2021-07-09,7573202,6318405,1254797,1224711,6347307,1184,0
3059,15,2021-07-10,7649649,6368144,1281505,1286365,6362000,1284,0
3060,15,2021-07-11,7674657,6385917,1288740,1304418,6368955,1284,0
3061,15,2021-07-12,7694498,6400833,1293665,1315152,6377917,1429,0
3062,15,2021-07-13,7827456,6479490,1347966,1320658,6505239,1559,0
3063,15,2021-07-14,7969071,6584629,1384442,1340449,6626962,1660,0
3064,15,2021-07-15,8018791,6620137,1398654,1353461,6663596,1734,0
3065,15,2021-07-16,8186347,6726458,1459889,1359441,6825017,1889,0
3066,15,2021-07-17,8278886,6794892,1483994,1363481,6913371,2034,0
3067,15,2021-07-18,8316876,6824102,1492774,1367445,6947307,2124,0
3068,15,2021-07-19,8349211,6848768,1500443,1370762,6976195,2254,0
3069,15,2021-07-20,8370920,6864386,1506534,1373878,6994608,2434,0
3070,15,2021-07-21,8469011,6932338,1536673,1375356,7091031,2624,0
3071,15,2021-07-22,8539989,6980511,1559478,1376778,7160417,2794,0
3072,15,2021-07-23,8577086,7008230,1568856,1378750,7195367,2969,0
3073,15,2021-07-24,8728808,7120261,1608547,1380306,7345364,3138,0
3074,15,2021-07-25,8884178,7241246,1642932,1389829,7491211,3138,0
3075,15,2021-07-26,9026731,7351176,1675555,1400406,7623102,3223,0
3076,15,2021-07-27,9135518,7436916,1698602,1407247,7724954,3317,0
3077,15,2021-07-28,9209878,7496161,1713717,1411791,7794734,3353,0
3078,15,2021-07-29,9367956,7613816,1754140,1434172,7930420,3364,0
3079,15,2021-07-30,9471180,7689344,1781836,1450862,8016921,3397,0
3080,15,2021-07-31,9589764,7776741,1813023,1473577,8112711,3476,0
3081,15,2021-08-01,9718188,7883243,1834945,1493415,8221297,3476,0
3082,15,2021-08-02,9792734,7935270,1857464,1515532,8273635,3567,0
3083,15,2021-08-03,9873698,7992103,1881595,1548500,8321608,3590,0
3084,15,2021-08-04,9938490,8040140,1898350,1573648,8361091,3751,0
3085,15,2021-08-05,10005289,8089638,1915651,1612600,8388893,3796,0
3086,15,2021-08-06,10093868,8159603,1934265,1669168,8420848,3852,0
3087,15,2021-08-07,10218231,8257693,1960538,1688712,8525594,3925,0
3088,15,2021-08-08,10293046,8315505,1977541,1699186,8589935,3925,0
3089,15,2021-08-09,10378294,8382280,1996014,1710094,8664263,3937,0
3090,16,2021-01-16,3810,3810,0,78,3732,0,0
3091,16,2021-01-17,4506,4506,0,82,4424,0,0
3092,16,2021-01-18,14755,14755,0,299,14456,0,0
3093,16,2021-01-19,25142,25142,0,443,24699,0,0
3094,16,2021-01-20,36705,36705,0,547,36158,0,0
3095,16,2021-01-21,47344,47344,0,670,46674,0,0
3096,16,2021-01-22,77432,77432,0,818,76614,0,0
3097,16,2021-01-23,84585,84585,0,842,83743,0,0
3098,16,2021-01-24,93426,93426,0,889,92537,0,0
3099,16,2021-01-25,138721,138721,0,1186,137535,0,0
3100,16,2021-01-26,140856,140856,0,1407,139449,0,0
3101,16,2021-01-27,196089,196089,0,2208,193881,0,0
3102,16,2021-01-28,215875,215875,0,2738,213137,0,0
3103,16,2021-01-29,234619,234619,0,2912,231707,0,0
3104,16,2021-01-30,246438,246438,0,3230,243208,0,0
3105,16,2021-01-31,247613,247613,0,3237,244376,0,0
3106,16,2021-02-01,249931,249931,0,3237,246694,0,0
3107,16,2021-02-02,250715,250715,0,3237,247478,0,0
3108,16,2021-02-03,251723,251723,0,3237,248486,0,0
3109,16,2021-02-04,265577,265577,0,3347,262230,0,0
3110,16,2021-02-05,295307,295307,0,3611,291696,0,0
3111,16,2021-02-06,321521,321521,0,3960,317561,0,0
3112,16,2021-02-07,325554,325554,0,4641,320913,0,0
3113,16,2021-02-08,350327,350327,0,4714,345613,0,0
3114,16,2021-02-09,379152,379152,0,4754,374398,0,0
3115,16,2021-02-10,403105,403105,0,4760,398345,0,0
3116,16,2021-02-11,415241,415241,0,4772,410469,0,0
3117,16,2021-02-12,430303,430303,0,4782,425521,0,0
3118,16,2021-02-13,435685,435670,15,4782,430888,0,0
3119,16,2021-02-14,435835,435820,15,4782,431038,0,0
3120,16,2021-02-15,462838,451537,11301,5059,446478,0,0
3121,16,2021-02-16,501618,473092,28526,5293,467799,0,0
3122,16,2021-02-17,560044,505305,54739,5607,499698,0,0
3123,16,2021-02-18,537677,472428,65249,5433,466995,0,0
3124,16,2021-02-19,637368,535611,101757,5833,529778,0,0
3125,16,2021-02-20,663860,546779,117081,5873,540906,0,0
3126,16,2021-02-21,665580,547587,117993,5873,541714,0,0
3127,16,2021-02-22,705083,560544,144539,5965,554579,0,0
3128,16,2021-02-23,738792,575708,163084,6079,569629,0,0
3129,16,2021-02-24,777394,592088,185306,6250,585838,0,0
3130,16,2021-02-25,802101,601961,200140,6321,595640,0,0
3131,16,2021-02-26,833025,611335,221690,6374,604961,0,0
3132,16,2021-02-27,833025,611335,221690,6374,604961,0,0
3133,16,2021-02-28,833025,611335,221690,6374,604961,0,0
3134,16,2021-03-01,833025,611335,221690,6374,604961,0,0
3135,16,2021-03-02,845726,621289,224437,6415,614874,0,0
3136,16,2021-03-03,860417,633181,227236,6447,626734,0,0
3137,16,2021-03-04,875597,645171,230426,6498,638673,0,0
3138,16,2021-03-05,897268,661097,236171,6536,654561,0,0
3139,16,2021-03-06,923407,678604,244803,6561,672043,0,0
3140,16,2021-03-07,925831,680182,245649,6560,673622,0,0
3141,16,2021-03-08,994382,729461,264921,6613,722848,0,0
3142,16,2021-03-09,788948,511728,277220,7220,781675,0,0
3143,16,2021-03-10,879486,581668,297818,7364,872069,0,0
3144,16,2021-03-11,895719,594042,301677,7364,888302,0,0
3145,16,2021-03-12,998460,680155,318305,7523,990884,0,0
3146,16,2021-03-13,1048543,723061,325482,7646,1040844,0,0
3147,16,2021-03-14,1067628,741104,326524,7673,1059902,0,0
3148,16,2021-03-15,1233619,893702,339917,9180,1224386,0,0
3149,16,2021-03-16,1621831,1271286,350545,16074,1605757,0,0
3150,16,2021-03-17,2013637,1649513,364124,21237,1992400,0,0
3151,16,2021-03-18,2124428,1752016,372412,28245,2096183,0,0
3152,16,2021-03-19,2371563,1987433,384130,40560,2331003,0,0
3153,16,2021-03-20,2578280,2182510,395770,66464,2511816,0,0
3154,16,2021-03-21,2611299,2214176,397123,71413,2539886,0,0
3155,16,2021-03-22,2806130,2399962,406168,110840,2695290,0,0
3156,16,2021-03-23,2954336,2539195,415141,161808,2792528,0,0
3157,16,2021-03-24,3140034,2716069,423965,226117,2913917,0,0
3158,16,2021-03-25,3234506,2805919,428587,270281,2964225,0,0
3159,16,2021-03-26,3396982,2960802,436180,323185,3073797,0,0
3160,16,2021-03-27,3522500,3080769,441731,353843,3168657,0,0
3161,16,2021-03-28,3542620,3100377,442243,356600,3186020,0,0
3162,16,2021-03-29,3682325,3234131,448194,378391,3303934,0,0
3163,16,2021-03-30,3800933,3346567,454366,395682,3405251,0,0
3164,16,2021-03-31,3952215,3489527,462688,412737,3539478,0,0
3165,16,2021-04-01,4066715,3599566,467149,425440,3641275,0,0
3166,16,2021-04-02,4266426,3793071,473355,442763,3823663,0,0
3167,16,2021-04-03,4450751,3971518,479233,454895,3995856,0,0
3168,16,2021-04-04,4592345,4108669,483676,464461,4127884,0,0
3169,16,2021-04-05,4765091,4274168,490923,478207,4286884,0,0
3170,16,2021-04-06,4874443,4378738,495705,491658,4382785,0,0
3171,16,2021-04-07,5193089,4681696,511393,522784,4670305,0,0
3172,16,2021-04-08,5463170,4936256,526914,541190,4921980,0,0
3173,16,2021-04-09,5788229,5241266,546963,555182,5233047,0,0
3174,16,2021-04-10,6066457,5502062,564395,566845,5499612,0,0
3175,16,2021-04-11,6208540,5635988,572552,572077,5636463,0,0
3176,16,2021-04-12,6407151,5814005,593146,578395,5828756,0,0
3177,16,2021-04-13,6446449,5848181,598268,580152,5866297,0,0
3178,16,2021-04-14,6550378,5935191,615187,585978,5964400,0,0
3179,16,2021-04-15,6704302,6060959,643343,595970,6108332,0,0
3180,16,2021-04-16,6910211,6226534,683677,613354,6296857,0,0
3181,16,2021-04-17,7191885,6449119,742766,642055,6549830,0,0
3182,16,2021-04-18,7296541,6532361,764180,654574,6641967,0,0
3183,16,2021-04-19,7542740,6710926,831814,688768,6853972,0,0
3184,16,2021-04-20,7768341,6871164,897177,723260,7045081,0,0
3185,16,2021-04-21,7957698,7004724,952974,753927,7203771,0,0
3186,16,2021-04-22,8189265,7158532,1030733,788176,7401089,0,0
3187,16,2021-04-23,8446284,7334071,1112213,829495,7616789,0,0
3188,16,2021-04-24,8592838,7439115,1153723,854160,7738678,0,0
3189,16,2021-04-25,8673546,7495232,1178314,861190,7812356,0,0
3190,16,2021-04-26,8892099,7631765,1260334,882421,8009678,0,0
3191,16,2021-04-27,9088000,7750770,1337230,896837,8191163,0,0
3192,16,2021-04-28,9276973,7864503,1412470,908939,8368034,0,0
3193,16,2021-04-29,9400272,7940695,1459577,920031,8480241,0,0
3194,16,2021-04-30,9642439,8090917,1551522,930091,8712348,0,0
3195,16,2021-05-01,9776943,8178490,1598453,935680,8841263,0,0
3196,16,2021-05-02,9817518,8204770,1612748,938372,8879146,0,0
3197,16,2021-05-03,9901051,8253648,1647403,944843,8956208,0,0
3198,16,2021-05-04,9962735,8289078,1673657,950466,9012269,0,0
3199,16,2021-05-05,10150823,8387120,1763703,955020,9195803,0,0
3200,16,2021-05-06,10314190,8468403,1845787,960947,9353243,0,0
3201,16,2021-05-07,10450470,8527328,1923142,974772,9475698,0,0
3202,16,2021-05-08,10596894,8577077,2019817,996834,9600060,0,0
3203,16,2021-05-09,10643323,8591372,2051951,1005810,9637513,0,0
3204,16,2021-05-10,10772140,8638830,2133310,1019608,9752532,0,0
3205,16,2021-05-11,10963129,8718545,2244584,1029732,9933397,0,0
3206,16,2021-05-12,11102044,8792803,2309241,1040062,10061982,0,0
3207,16,2021-05-13,11205478,8851449,2354029,1050609,10154869,0,0
3208,16,2021-05-14,11296508,8885120,2411388,1064149,10232359,0,0
3209,16,2021-05-15,11424456,8927204,2497252,1100992,10323464,0,0
3210,16,2021-05-16,11448846,8942960,2505886,1110213,10338633,0,0
3211,16,2021-05-17,11543880,9017346,2526534,1132318,10411562,0,0
3212,16,2021-05-18,11629177,9091077,2538100,1145476,10483701,0,0
3213,16,2021-05-19,11714719,9162909,2551810,1164652,10550067,0,0
3214,16,2021-05-20,11800829,9228494,2572335,1194325,10606504,0,0
3215,16,2021-05-21,11909365,9307694,2601671,1235124,10674241,0,0
3216,16,2021-05-22,12024591,9407939,2616652,1258645,10765946,0,0
3217,16,2021-05-23,12090122,9468988,2621134,1264260,10825862,0,0
3218,16,2021-05-24,12245538,9612835,2632703,1280434,10965104,0,0
3219,16,2021-05-25,12412615,9770531,2642084,1293886,11118729,0,0
3220,16,2021-05-26,12592227,9939939,2652288,1307789,11284438,0,0
3221,16,2021-05-27,12825223,10154372,2670851,1337833,11487390,0,0
3222,16,2021-05-28,13092345,10393577,2698768,1378841,11713504,0,0
3223,16,2021-05-29,13346630,10625599,2721031,1416080,11930550,0,0
3224,16,2021-05-30,13439808,10709480,2730328,1432867,12006941,0,0
3225,16,2021-05-31,13683390,10929687,2753703,1472981,12210409,0,0
3226,16,2021-06-01,13906541,11133566,2772975,1510138,12396403,0,0
3227,16,2021-06-02,14154710,11363561,2791149,1547710,12607000,0,0
3228,16,2021-06-03,14407706,11596660,2811046,1584906,12822800,0,0
3229,16,2021-06-04,14735361,11899361,2836000,1624209,13111152,0,0
3230,16,2021-06-05,15068597,12206183,2862414,1665088,13403436,73,0
3231,16,2021-06-06,15203304,12333182,2870122,1676132,13526684,488,0
3232,16,2021-06-07,15504527,12612607,2891920,1702136,13801567,824,0
3233,16,2021-06-08,15759842,12847608,2912234,1726068,14032950,824,0
3234,16,2021-06-09,15992599,13058077,2934522,1750005,14241770,824,0
3235,16,2021-06-10,16249047,13294675,2954372,1770493,14477695,859,0
3236,16,2021-06-11,16580369,13599544,2980825,1794208,14785131,1030,0
3237,16,2021-06-12,16892231,13885050,3007181,1815645,15075457,1129,0
3238,16,2021-06-13,16998892,13985016,3013876,1820512,15177251,1129,0
3239,16,2021-06-14,17262828,14219979,3042849,1834806,15426838,1184,0
3240,16,2021-06-15,17482779,14412058,3070721,1848603,15632932,1244,0
3241,16,2021-06-16,17695431,14594061,3101370,1865062,15829065,1304,0
3242,16,2021-06-17,17899357,14771770,3127587,1879415,16018602,1340,0
3243,16,2021-06-18,18130798,14971193,3159605,1899297,16230106,1395,0
3244,16,2021-06-19,18421390,15205385,3216005,1924681,16495243,1466,0
3245,16,2021-06-20,18498363,15268722,3229641,1931696,16565201,1466,0
3246,16,2021-06-21,19652759,16339169,3313590,2079183,17571984,1592,0
3247,16,2021-06-22,20104474,16752226,3352248,2175629,17927104,1741,0
3248,16,2021-06-23,20512334,17126371,3385963,2252981,18257444,1909,0
3249,16,2021-06-24,20921155,17493598,3427557,2319494,18599539,2122,0
3250,16,2021-06-25,21341517,17864741,3476776,2401636,18937409,2472,0
3251,16,2021-06-26,21622289,18089135,3533154,2481521,19137845,2923,0
3252,16,2021-06-27,21750366,18196068,3554298,2513450,19233993,2923,0
3253,16,2021-06-28,22202542,18563185,3639357,2627009,19571719,3814,0
3254,16,2021-06-29,22470761,18787206,3683555,2718274,19748000,4487,0
3255,16,2021-06-30,22712414,18973039,3739375,2787439,19919959,5016,0
3256,16,2021-07-01,22911665,19124712,3786953,2841636,20064363,5666,0
3257,16,2021-07-02,23152094,19293267,3858827,2903238,20242202,6654,0
3258,16,2021-07-03,23639206,19601804,4037402,2984583,20647210,7413,0
3259,16,2021-07-04,23790590,19703988,4086602,3001217,20781811,7562,0
3260,16,2021-07-05,24185562,19965810,4219752,3045981,21131204,8377,0
3261,16,2021-07-06,24477242,20169876,4307366,3077523,21390621,9098,0
3262,16,2021-07-07,24739154,20354749,4384405,3137462,21591841,9851,0
3263,16,2021-07-08,24941814,20494591,4447223,3187713,21743167,10934,0
3264,16,2021-07-09,25276633,20709063,4567570,3228397,22036205,12031,0
3265,16,2021-07-10,25518726,20854108,4664618,3265334,22239650,13742,0
3266,16,2021-07-11,25624609,20921104,4703505,3287799,22322814,13996,0
3267,16,2021-07-12,25882198,21086849,4795349,3348036,22518296,15866,0
3268,16,2021-07-13,26042614,21196915,4845699,3390958,22634197,17459,0
3269,16,2021-07-14,26484472,21531193,4953279,3429285,23036266,18921,0
3270,16,2021-07-15,26614219,21609700,5004519,3446148,23147598,20473,0
3271,16,2021-07-16,26851134,21741826,5109308,3465032,23363901,22201,0
3272,16,2021-07-17,27211216,21951177,5260039,3489501,23697161,24554,0
3273,16,2021-07-18,27324330,22018801,5305529,3494650,23804647,25033,0
3274,16,2021-07-19,27595996,22187924,5408072,3508796,24060819,26381,0
3275,16,2021-07-20,27779600,22304712,5474888,3534535,24217552,27513,0
3276,16,2021-07-21,27957510,22399536,5557974,3552062,24376718,28730,0
3277,16,2021-07-22,28247972,22570497,5677475,3565008,24652988,29976,0
3278,16,2021-07-23,28558855,22755810,5803045,3586666,24940777,31412,0
3279,16,2021-07-24,28787936,22885641,5902295,3636337,25118117,33482,0
3280,16,2021-07-25,28886583,22942185,5944398,3646033,25206748,33802,0
3281,16,2021-07-26,29125539,23073939,6051600,3672535,25417650,35354,0
3282,16,2021-07-27,29417347,23244325,6173022,3707749,25673106,36492,0
3283,16,2021-07-28,29596896,23352332,6244564,3732333,25827044,37519,0
3284,16,2021-07-29,29725737,23430600,6295137,3746047,25940861,38829,0
3285,16,2021-07-30,30029134,23623111,6406023,3761928,26226975,40231,0
3286,16,2021-07-31,30371214,23841981,6529233,3810411,26518298,42505,0
3287,16,2021-08-01,30664762,24087131,6577631,3841608,26779909,43245,0
3288,16,2021-08-02,31396158,24583845,6812313,3925553,27425648,44957,0
3289,16,2021-08-03,31689767,24789310,6900457,3962784,27680535,46448,0
3290,16,2021-08-04,31957645,24961046,6996599,4012433,27896947,48265,0
3291,16,2021-08-05,32124981,25060031,7064950,4051814,28023279,49888,0
3292,16,2021-08-06,32349726,25189842,7159884,4140396,28157668,51662,0
3293,16,2021-08-07,32764656,25468918,7295738,4209783,28500695,54178,0
3294,16,2021-08-08,32925156,25590067,7335089,4224198,28646396,54562,0
3295,16,2021-08-09,33280543,25847691,7432852,4271997,28952499,56047,0
3296,17,2021-01-16,1681,1681,0,0,1681,0,0
3297,17,2021-01-17,1836,1836,0,0,1836,0,0
3298,17,2021-01-18,2566,2566,0,0,2566,0,0
3299,17,2021-01-19,5355,5355,0,0,5355,0,0
3300,17,2021-01-20,5398,5398,0,0,5398,0,0
3301,17,2021-01-21,9175,9175,0,0,9175,0,0
3302,17,2021-01-22,15501,15501,0,0,15501,0,0
3303,17,2021-01-23,21944,21944,0,0,21944,0,0
3304,17,2021-01-24,23324,23324,0,0,23324,0,0
3305,17,2021-01-25,43561,43561,0,0,43561,0,0
3306,17,2021-01-26,43766,43766,0,0,43766,0,0
3307,17,2021-01-27,58323,58323,0,0,58323,0,0
3308,17,2021-01-28,82794,82794,0,0,82794,0,0
3309,17,2021-01-29,110719,110719,0,0,110719,0,0
3310,17,2021-01-30,134225,134225,0,0,134225,0,0
3311,17,2021-01-31,140906,140906,0,0,140906,0,0
3312,17,2021-02-01,173482,173482,0,0,173482,0,0
3313,17,2021-02-02,204449,204449,0,0,204449,0,0
3314,17,2021-02-03,225664,225664,0,0,225664,0,0
3315,17,2021-02-04,250831,250831,0,0,250831,0,0
3316,17,2021-02-05,266068,266068,0,0,266068,0,0
3317,17,2021-02-06,271731,271731,0,0,271731,0,0
3318,17,2021-02-07,272221,272221,0,0,272221,0,0
3319,17,2021-02-08,287787,287787,0,0,287787,0,0
3320,17,2021-02-09,302655,302655,0,1,302654,0,0
3321,17,2021-02-10,306802,306802,0,1,306801,0,0
3322,17,2021-02-11,314425,314425,0,563,313862,0,0
3323,17,2021-02-12,326974,326974,0,8514,318460,0,0
3324,17,2021-02-13,338167,338167,0,18256,319911,0,0
3325,17,2021-02-14,340452,340407,45,20439,319968,0,0
3326,17,2021-02-15,357263,353940,3323,28363,325577,0,0
3327,17,2021-02-16,382629,370481,12148,33717,336764,0,0
3328,17,2021-02-17,392764,377376,15388,36217,341159,0,0
3329,17,2021-02-18,401317,377981,23336,42079,335902,0,0
3330,17,2021-02-19,432564,400463,32101,47318,353145,0,0
3331,17,2021-02-20,445561,406728,38833,52144,354584,0,0
3332,17,2021-02-21,445939,407098,38841,52355,354743,0,0
3333,17,2021-02-22,469633,413599,56034,57459,356140,0,0
3334,17,2021-02-23,484753,422676,62077,60036,362640,0,0
3335,17,2021-02-24,501243,431070,70173,60822,370248,0,0
3336,17,2021-02-25,538367,449826,88541,61483,388343,0,0
3337,17,2021-02-26,593333,489113,104220,62561,426552,0,0
3338,17,2021-02-27,593333,489113,104220,62561,426552,0,0
3339,17,2021-02-28,593333,489113,104220,62561,426552,0,0
3340,17,2021-03-01,593333,489113,104220,62561,426552,0,0
3341,17,2021-03-02,653199,534490,118709,62855,471635,0,0
3342,17,2021-03-03,691858,564199,127659,63138,501061,0,0
3343,17,2021-03-04,774938,627900,147038,63956,563944,0,0
3344,17,2021-03-05,856197,689867,166330,64566,625301,0,0
3345,17,2021-03-06,943171,756016,187155,64997,691019,0,0
3346,17,2021-03-07,956327,767969,188358,64997,702972,0,0
3347,17,2021-03-08,1038770,829751,209019,65335,764416,0,0
3348,17,2021-03-09,918350,689979,228371,65926,852243,0,0
3349,17,2021-03-10,954881,714468,240413,66031,888669,0,0
3350,17,2021-03-11,992154,742190,249964,66227,925745,0,0
3351,17,2021-03-12,1077367,807213,270154,67021,1010164,0,0
3352,17,2021-03-13,1123556,843361,280195,69072,1054301,0,0
3353,17,2021-03-14,1127845,846852,280993,69115,1058547,0,0
3354,17,2021-03-15,1213086,915549,297537,74967,1137935,0,0
3355,17,2021-03-16,1500473,1188099,312374,82435,1418038,0,0
3356,17,2021-03-17,2016703,1695387,321316,89070,1927633,0,0
3357,17,2021-03-18,2165652,1832205,333447,95005,2070647,0,0
3358,17,2021-03-19,2298455,1954868,343587,101174,2197281,0,0
3359,17,2021-03-20,2418931,2066624,352307,107378,2311553,0,0
3360,17,2021-03-21,2426827,2073902,352925,107808,2319019,0,0
3361,17,2021-03-22,2564049,2203735,360314,113327,2450722,0,0
3362,17,2021-03-23,2712712,2339164,373548,124751,2587961,0,0
3363,17,2021-03-24,2776155,2398567,377588,127294,2648861,0,0
3364,17,2021-03-25,2939242,2555550,383692,131207,2808035,0,0
3365,17,2021-03-26,3070352,2682089,388263,133243,2937109,0,0
3366,17,2021-03-27,3188068,2795930,392138,135202,3052866,0,0
3367,17,2021-03-28,3199659,2807351,392308,135210,3064449,0,0
3368,17,2021-03-29,3353041,2956227,396814,136924,3216117,0,0
3369,17,2021-03-30,3510207,3106682,403525,139738,3370469,0,0
3370,17,2021-03-31,3574857,3167015,407842,141297,3433560,0,0
3371,17,2021-04-01,3653814,3242747,411067,141781,3512033,0,0
3372,17,2021-04-02,3721899,3307374,414525,142408,3579491,0,0
3373,17,2021-04-03,3838483,3416400,422083,143446,3695037,0,0
3374,17,2021-04-04,3888331,3463563,424768,143892,3744439,0,0
3375,17,2021-04-05,4005217,3573568,431649,144425,3860792,0,0
3376,17,2021-04-06,4042344,3608126,434218,144684,3897660,0,0
3377,17,2021-04-07,4140687,3698854,441833,145437,3995250,0,0
3378,17,2021-04-08,4356948,3899533,457415,146408,4210540,0,0
3379,17,2021-04-09,4575579,4099009,476570,147850,4427729,0,0
3380,17,2021-04-10,4763750,4270854,492896,149328,4614422,0,0
3381,17,2021-04-11,4830666,4333798,496868,149990,4680676,0,0
3382,17,2021-04-12,5098015,4571524,526491,152985,4945030,0,0
3383,17,2021-04-13,5267173,4714085,553088,156460,5110713,0,0
3384,17,2021-04-14,5287486,4730173,557313,157699,5129787,0,0
3385,17,2021-04-15,5496553,4899502,597051,172708,5323845,0,0
3386,17,2021-04-16,5680114,5040807,639307,199162,5480952,0,0
3387,17,2021-04-17,5832548,5158591,673957,240926,5591622,0,0
3388,17,2021-04-18,5870232,5189796,680436,255745,5614487,0,0
3389,17,2021-04-19,6026332,5299053,727279,288756,5737576,0,0
3390,17,2021-04-20,6243615,5443386,800229,312000,5931615,0,0
3391,17,2021-04-21,6353600,5512304,841296,322945,6030655,0,0
3392,17,2021-04-22,6503034,5602945,900089,333703,6169331,0,0
3393,17,2021-04-23,6628388,5673943,954445,339373,6289015,0,0
3394,17,2021-04-24,6827755,5788568,1039187,343411,6484344,0,0
3395,17,2021-04-25,6847075,5801281,1045794,344350,6502725,0,0
3396,17,2021-04-26,6991118,5885170,1105948,349708,6641410,0,0
3397,17,2021-04-27,7106942,5947361,1159581,352774,6754168,0,0
3398,17,2021-04-28,7144083,5967887,1176196,362293,6781790,0,0
3399,17,2021-04-29,7229177,6006391,1222786,368302,6860875,0,0
3400,17,2021-04-30,7376934,6051350,1325584,375938,7000996,0,0
3401,17,2021-05-01,7425416,6069726,1355690,382103,7043313,0,0
3402,17,2021-05-02,7426176,6069760,1356416,382111,7044065,0,0
3403,17,2021-05-03,7511454,6092349,1419105,387629,7123825,0,0
3404,17,2021-05-04,7577304,6110419,1466885,396731,7180573,0,0
3405,17,2021-05-05,7600484,6118358,1482126,402333,7198151,0,0
3406,17,2021-05-06,7705285,6137985,1567300,407131,7298154,0,0
3407,17,2021-05-07,7869269,6168780,1700489,412346,7456923,0,0
3408,17,2021-05-08,7951983,6187280,1764703,416141,7535842,0,0
3409,17,2021-05-09,7952556,6187652,1764904,416217,7536339,0,0
3410,17,2021-05-10,8066700,6216882,1849818,423755,7642945,0,0
3411,17,2021-05-11,8141289,6238776,1902513,431710,7709579,0,0
3412,17,2021-05-12,8185506,6257014,1928492,445050,7740456,0,0
3413,17,2021-05-13,8212961,6267551,1945410,451210,7761751,0,0
3414,17,2021-05-14,8259812,6290354,1969458,465390,7794422,0,0
3415,17,2021-05-15,8417840,6426197,1991643,503057,7914783,0,0
3416,17,2021-05-16,8451480,6454137,1997343,525938,7925542,0,0
3417,17,2021-05-17,8519852,6510777,2009075,560846,7959006,0,0
3418,17,2021-05-18,8573567,6556628,2016939,583045,7990522,0,0
3419,17,2021-05-19,8591102,6571984,2019118,590468,8000634,0,0
3420,17,2021-05-20,8599407,6579668,2019739,593912,8005495,0,0
3421,17,2021-05-21,8614950,6594479,2020471,603174,8011776,0,0
3422,17,2021-05-22,8644281,6623765,2020516,605554,8038727,0,0
3423,17,2021-05-23,8650237,6629725,2020512,607283,8042954,0,0
3424,17,2021-05-24,8703631,6683003,2020628,613100,8090531,0,0
3425,17,2021-05-25,8759506,6738751,2020755,618253,8141253,0,0
3426,17,2021-05-26,8789981,6769136,2020845,620297,8169684,0,0
3427,17,2021-05-27,8904096,6881450,2022646,624269,8279827,0,0
3428,17,2021-05-28,9056314,7031363,2024951,628104,8428210,0,0
3429,17,2021-05-29,9215371,7170607,2044764,649344,8566027,0,0
3430,17,2021-05-30,9241456,7190905,2050551,655352,8586104,0,0
3431,17,2021-05-31,9413723,7345141,2068582,676006,8737717,0,0
3432,17,2021-06-01,9583560,7494522,2089038,699631,8883929,0,0
3433,17,2021-06-02,9689249,7585560,2103689,718474,8970775,0,0
3434,17,2021-06-03,9850288,7730989,2119299,735829,9114459,0,0
3435,17,2021-06-04,10026627,7888884,2137743,754258,9272350,19,0
3436,17,2021-06-05,10214963,8057972,2156991,773840,9441101,22,0
3437,17,2021-06-06,10270131,8109567,2160564,780025,9490084,22,0
3438,17,2021-06-07,10473049,8302066,2170983,812130,9660897,22,0
3439,17,2021-06-08,10692008,8503125,2188883,860159,9831827,22,0
3440,17,2021-06-09,10832105,8634128,2197977,896410,9935673,22,0
3441,17,2021-06-10,10983039,8772285,2210754,941498,10041519,22,0
3442,17,2021-06-11,11102819,8879020,2223799,985965,10116832,22,0
3443,17,2021-06-12,11181355,8943648,2237707,1013894,10167439,22,0
3444,17,2021-06-13,11229829,8989689,2240140,1017425,10212382,22,0
3445,17,2021-06-14,11422135,9154064,2268071,1037536,10384577,22,0
3446,17,2021-06-15,11635416,9307169,2328247,1051381,10584013,22,0
3447,17,2021-06-16,11746936,9386066,2360870,1056130,10690784,22,0
3448,17,2021-06-17,11895426,9504983,2390443,1063048,10832356,22,0
3449,17,2021-06-18,11996311,9589345,2406966,1070485,10925804,22,0
3450,17,2021-06-19,12103202,9676904,2426298,1075660,11027520,22,0
3451,17,2021-06-20,12161549,9719116,2442433,1078411,11083116,22,0
3452,17,2021-06-21,12431202,9878112,2553090,1092178,11339002,22,0
3453,17,2021-06-22,12668936,10022247,2646689,1106631,11562283,22,0
3454,17,2021-06-23,12837481,10116957,2720524,1126110,11711349,22,0
3455,17,2021-06-24,13061640,10258975,2802665,1142238,11919380,22,0
3456,17,2021-06-25,13304025,10402196,2901829,1154293,12149710,22,0
3457,17,2021-06-26,13483338,10506089,2977249,1169758,12313558,22,0
3458,17,2021-06-27,13535878,10541450,2994428,1174572,12361080,226,0
3459,17,2021-06-28,13748651,10649612,3099039,1195791,12552616,244,0
3460,17,2021-06-29,13948645,10748505,3200140,1211737,12736664,244,0
3461,17,2021-06-30,14095726,10841514,3254212,1225695,12869253,778,0
3462,17,2021-07-01,14242696,10915717,3326979,1243834,12997960,902,0
3463,17,2021-07-02,14531577,11043945,3487632,1260906,13269769,902,0
3464,17,2021-07-03,14764538,11162817,3601721,1286057,13477539,942,0
3465,17,2021-07-04,14790452,11179952,3610500,1296452,13492969,1031,0
3466,17,2021-07-05,14947001,11261270,3685731,1322560,13622811,1630,0
3467,17,2021-07-06,15062316,11322761,3739555,1344479,13715852,1985,0
3468,17,2021-07-07,15120585,11356275,3764310,1361299,13756846,2440,0
3469,17,2021-07-08,15221414,11393122,3828292,1397281,13821583,2550,0
3470,17,2021-07-09,15412596,11454395,3958201,1415604,13993920,3072,0
3471,17,2021-07-10,15667228,11544597,4122631,1425089,14237704,4435,0
3472,17,2021-07-11,15700974,11559011,4141963,1432200,14263410,5364,0
3473,17,2021-07-12,15911270,11633723,4277547,1453114,14451266,6890,0
3474,17,2021-07-13,16059858,11695199,4364659,1466069,14585013,8776,0
3475,17,2021-07-14,16206261,11787878,4418383,1484769,14711314,10178,0
3476,17,2021-07-15,16360256,11856125,4504131,1498515,14850676,11065,0
3477,17,2021-07-16,16485990,11918604,4567386,1514558,14959533,11899,0
3478,17,2021-07-17,16650485,11989687,4660798,1529101,15108827,12557,0
3479,17,2021-07-18,16704293,12021046,4683247,1535638,15156094,12561,0
3480,17,2021-07-19,17058684,12156815,4901869,1545081,15500256,13347,0
3481,17,2021-07-20,17329394,12277830,5051564,1557222,15757849,14323,0
3482,17,2021-07-21,17427952,12340361,5087591,1562403,15850690,14859,0
3483,17,2021-07-22,17709317,12464564,5244753,1572081,16121262,15974,0
3484,17,2021-07-23,17976287,12585905,5390382,1591266,16368360,16661,0
3485,17,2021-07-24,18464206,12877004,5587202,1626888,16820026,17292,0
3486,17,2021-07-25,18594259,12972001,5622258,1649113,16927291,17855,0
3487,17,2021-07-26,18811780,13128347,5683433,1703972,17089290,18518,0
3488,17,2021-07-27,18942910,13233990,5708920,1746313,17176726,19871,0
3489,17,2021-07-28,19009970,13292691,5717279,1753082,17236207,20681,0
3490,17,2021-07-29,19271174,13465864,5805310,1767405,17482647,21122,0
3491,17,2021-07-30,19781866,13811980,5969886,1777589,17982909,21368,0
3492,17,2021-07-31,20165100,14111255,6053845,1813977,18328701,22422,0
3493,17,2021-08-01,20369496,14284456,6085040,1822361,18524038,23097,0
3494,17,2021-08-02,20720223,14566582,6153641,1839109,18857280,23834,0
3495,17,2021-08-03,21008073,14804327,6203746,1854053,19128434,25586,0
3496,17,2021-08-04,21114463,14882715,6231748,1881797,19205781,26885,0
3497,17,2021-08-05,21303369,15033777,6269592,1905220,19370010,28139,0
3498,17,2021-08-06,21560396,15231449,6328947,1995631,19535898,28867,0
3499,17,2021-08-07,21782429,15416834,6365595,2022128,19730546,29755,0
3500,17,2021-08-08,21843327,15472524,6370803,2025521,19787714,30092,0
3501,17,2021-08-09,22097731,15670747,6426984,2043075,20023775,30881,0
3502,18,2021-01-16,9,9,0,0,9,0,0
3503,18,2021-01-17,9,9,0,0,9,0,0
3504,18,2021-01-18,64,64,0,0,64,0,0
3505,18,2021-01-19,64,64,0,0,64,0,0
3506,18,2021-01-20,66,66,0,0,66,0,0
3507,18,2021-01-21,66,66,0,0,66,0,0
3508,18,2021-01-22,164,164,0,0,164,0,0
3509,18,2021-01-23,330,330,0,0,330,0,0
3510,18,2021-01-24,337,337,0,0,337,0,0
3511,18,2021-01-25,461,461,0,0,461,0,0
3512,18,2021-01-26,461,461,0,0,461,0,0
3513,18,2021-01-27,642,642,0,0,642,0,0
3514,18,2021-01-28,652,652,0,0,652,0,0
3515,18,2021-01-29,823,823,0,0,823,0,0
3516,18,2021-01-30,959,959,0,0,959,0,0
3517,18,2021-01-31,959,959,0,0,959,0,0
3518,18,2021-02-01,1065,1065,0,0,1065,0,0
3519,18,2021-02-02,1065,1065,0,0,1065,0,0
3520,18,2021-02-03,1342,1342,0,0,1342,0,0
3521,18,2021-02-04,1342,1342,0,0,1342,0,0
3522,18,2021-02-05,1578,1578,0,0,1578,0,0
3523,18,2021-02-06,1817,1817,0,0,1817,0,0
3524,18,2021-02-07,1817,1817,0,0,1817,0,0
3525,18,2021-02-08,2064,2064,0,2,2062,0,0
3526,18,2021-02-09,2158,2158,0,22,2136,0,0
3527,18,2021-02-10,2379,2379,0,22,2357,0,0
3528,18,2021-02-11,2597,2597,0,23,2574,0,0
3529,18,2021-02-12,2695,2695,0,23,2672,0,0
3530,18,2021-02-13,2902,2831,71,23,2808,0,0
3531,18,2021-02-14,2902,2831,71,23,2808,0,0
3532,18,2021-02-15,3014,2887,127,23,2864,0,0
3533,18,2021-02-16,3602,3433,169,23,3410,0,0
3534,18,2021-02-17,4162,3931,231,23,3908,0,0
3535,18,2021-02-18,4572,4284,288,23,4261,0,0
3536,18,2021-02-19,5531,5175,356,23,5152,0,0
3537,18,2021-02-20,6383,5783,600,31,5752,0,0
3538,18,2021-02-21,6621,6021,600,31,5990,0,0
3539,18,2021-02-22,7460,6748,712,39,6709,0,0
3540,18,2021-02-23,8432,7719,713,39,7680,0,0
3541,18,2021-02-24,9243,8396,847,39,8357,0,0
3542,18,2021-02-25,9734,8887,847,39,8848,0,0
3543,18,2021-02-26,10341,9412,929,39,9373,0,0
3544,18,2021-02-27,10341,9412,929,39,9373,0,0
3545,18,2021-02-28,10341,9412,929,39,9373,0,0
3546,18,2021-03-01,10341,9412,929,39,9373,0,0
3547,18,2021-03-02,11130,9990,1140,39,9951,0,0
3548,18,2021-03-03,12205,10778,1427,40,10738,0,0
3549,18,2021-03-04,13048,11538,1510,40,11498,0,0
3550,18,2021-03-05,14139,12393,1746,41,12352,0,0
3551,18,2021-03-06,16365,14387,1978,41,14346,0,0
3552,18,2021-03-07,16365,14387,1978,41,14346,0,0
3553,18,2021-03-08,19096,16882,2214,41,16841,0,0
3554,18,2021-03-09,20455,18159,2296,0,20455,0,0
3555,18,2021-03-10,23584,21085,2499,0,23584,0,0
3556,18,2021-03-11,26595,23882,2713,0,26595,0,0
3557,18,2021-03-12,29215,26413,2802,0,29215,0,0
3558,18,2021-03-13,31815,28917,2898,0,31815,0,0
3559,18,2021-03-14,32385,29485,2900,0,32385,0,0
3560,18,2021-03-15,34683,31760,2923,0,34683,0,0
3561,18,2021-03-16,38926,35573,3353,0,38926,0,0
3562,18,2021-03-17,40726,37044,3682,0,40726,0,0
3563,18,2021-03-18,42033,37810,4223,0,42033,0,0
3564,18,2021-03-19,43189,38440,4749,0,43189,0,0
3565,18,2021-03-20,44169,38954,5215,0,44169,0,0
3566,18,2021-03-21,44234,39005,5229,0,44234,0,0
3567,18,2021-03-22,45135,39419,5716,0,45135,0,0
3568,18,2021-03-23,45814,39767,6047,0,45814,0,0
3569,18,2021-03-24,46093,39950,6143,0,46093,0,0
3570,18,2021-03-25,46261,40010,6251,0,46261,0,0
3571,18,2021-03-26,46461,40083,6378,0,46461,0,0
3572,18,2021-03-27,46590,40195,6395,0,46590,0,0
3573,18,2021-03-28,46589,40194,6395,0,46589,0,0
3574,18,2021-03-29,46588,40193,6395,0,46588,0,0
3575,18,2021-03-30,46645,40215,6430,0,46645,0,0
3576,18,2021-03-31,46872,40372,6500,0,46872,0,0
3577,18,2021-04-01,50362,43815,6547,0,50362,0,0
3578,18,2021-04-02,55631,49045,6586,0,55631,0,0
3579,18,2021-04-03,59338,52707,6631,0,59338,0,0
3580,18,2021-04-04,62214,55578,6636,0,62214,0,0
3581,18,2021-04-05,65089,58417,6672,0,65089,0,0
3582,18,2021-04-06,66613,59863,6750,0,66613,0,0
3583,18,2021-04-07,69391,62372,7019,0,69391,0,0
3584,18,2021-04-08,71259,63903,7356,0,71259,0,0
3585,18,2021-04-09,71960,64284,7676,0,71960,0,0
3586,18,2021-04-10,72431,64518,7913,0,72431,0,0
3587,18,2021-04-11,73397,65236,8161,0,73397,0,0
3588,18,2021-04-12,74608,66115,8493,0,74608,0,0
3589,18,2021-04-13,75319,66540,8779,0,75319,0,0
3590,18,2021-04-14,75905,66813,9092,0,75905,0,0
3591,18,2021-04-15,76470,66918,9552,0,76470,0,0
3592,18,2021-04-16,76968,67005,9963,0,76968,0,0
3593,18,2021-04-17,77819,67157,10662,0,77819,0,0
3594,18,2021-04-18,77857,67185,10672,0,77857,0,0
3595,18,2021-04-19,80595,67732,12863,0,80595,0,0
3596,18,2021-04-20,84637,68954,15683,0,84637,0,0
3597,18,2021-04-21,88412,69995,18417,0,88412,0,0
3598,18,2021-04-22,91310,70599,20711,0,91310,0,0
3599,18,2021-04-23,94316,71353,22963,0,94316,0,0
3600,18,2021-04-24,96539,71714,24825,0,96539,0,0
3601,18,2021-04-25,96956,71734,25222,0,96956,0,0
3602,18,2021-04-26,100903,72754,28149,0,100903,0,0
3603,18,2021-04-27,103717,73508,30209,0,103717,0,0
3604,18,2021-04-28,105808,73967,31841,0,105808,0,0
3605,18,2021-04-29,107405,74391,33014,0,107405,0,0
3606,18,2021-04-30,108166,74571,33595,0,108166,0,0
3607,18,2021-05-01,109442,74984,34458,0,109442,0,0
3608,18,2021-05-02,109696,75065,34631,0,109696,0,0
3609,18,2021-05-03,111070,75744,35326,0,111070,0,0
3610,18,2021-05-04,112903,77322,35581,0,112903,0,0
3611,18,2021-05-05,115161,79276,35885,0,115161,0,0
3612,18,2021-05-06,117233,81061,36172,0,117233,0,0
3613,18,2021-05-07,118299,81960,36339,0,118299,0,0
3614,18,2021-05-08,119520,83032,36488,0,119520,0,0
3615,18,2021-05-09,119661,83169,36492,0,119661,0,0
3616,18,2021-05-10,120835,84093,36742,0,120835,0,0
3617,18,2021-05-11,121529,84630,36899,0,121529,0,0
3618,18,2021-05-12,122218,85240,36978,0,122218,0,0
3619,18,2021-05-13,122800,85688,37112,0,122800,0,0
3620,18,2021-05-14,122800,85688,37112,0,122800,0,0
3621,18,2021-05-15,123897,86645,37252,0,123897,0,0
3622,18,2021-05-16,123897,86645,37252,0,123897,0,0
3623,18,2021-05-17,124756,87501,37255,0,124756,0,0
3624,18,2021-05-18,125747,88488,37259,0,125747,0,0
3625,18,2021-05-19,126974,89715,37259,0,126974,0,0
3626,18,2021-05-20,128323,91064,37259,0,128323,0,0
3627,18,2021-05-21,130332,93073,37259,0,130332,0,0
3628,18,2021-05-22,132064,94805,37259,0,132064,0,0
3629,18,2021-05-23,132137,94878,37259,0,132137,0,0
3630,18,2021-05-24,134067,96802,37265,0,134067,0,0
3631,18,2021-05-25,136294,99028,37266,0,136294,0,0
3632,18,2021-05-26,138454,101188,37266,0,138454,0,0
3633,18,2021-05-27,144321,107044,37277,0,144321,0,0
3634,18,2021-05-28,150092,112814,37278,0,150092,0,0
3635,18,2021-05-29,154115,116836,37279,0,154115,0,0
3636,18,2021-05-30,154135,116856,37279,0,154135,0,0
3637,18,2021-05-31,159496,122206,37290,0,159496,0,0
3638,18,2021-06-01,164155,126864,37291,0,164155,0,0
3639,18,2021-06-02,167934,130639,37295,0,167934,0,0
3640,18,2021-06-03,171395,134095,37300,0,171395,0,0
3641,18,2021-06-04,174899,137598,37301,0,174899,0,0
3642,18,2021-06-05,177678,140366,37312,0,177678,0,0
3643,18,2021-06-06,177681,140369,37312,0,177681,0,0
3644,18,2021-06-07,180269,142943,37326,0,180269,0,0
3645,18,2021-06-08,181714,144376,37338,0,181714,0,0
3646,18,2021-06-09,183376,146030,37346,0,183376,0,0
3647,18,2021-06-10,185674,148313,37361,0,185674,0,0
3648,18,2021-06-11,189143,151780,37363,0,189143,0,0
3649,18,2021-06-12,191063,153682,37381,0,191063,0,0
3650,18,2021-06-13,191066,153685,37381,0,191066,0,0
3651,18,2021-06-14,192431,155038,37393,0,192431,0,0
3652,18,2021-06-15,193330,155927,37403,0,193330,0,0
3653,18,2021-06-16,194501,157081,37420,0,194501,0,0
3654,18,2021-06-17,196717,159275,37442,0,196717,0,0
3655,18,2021-06-18,198155,160703,37452,0,198155,0,0
3656,18,2021-06-19,199286,161809,37477,0,199286,0,0
3657,18,2021-06-20,199286,161809,37477,0,199286,0,0
3658,18,2021-06-21,200706,163217,37489,0,200706,0,0
3659,18,2021-06-22,202329,164799,37530,0,202329,0,0
3660,18,2021-06-23,203725,166167,37558,0,203725,0,0
3661,18,2021-06-24,206992,167571,39421,0,206992,0,0
3662,18,2021-06-25,211520,168168,43352,0,211520,0,0
3663,18,2021-06-26,215964,168671,47293,0,215964,0,0
3664,18,2021-06-27,216616,168691,47925,0,216616,0,0
3665,18,2021-06-28,220989,169421,51568,0,220989,0,0
3666,18,2021-06-29,224630,170297,54333,0,224630,0,0
3667,18,2021-06-30,226801,170900,55901,0,226801,0,0
3668,18,2021-07-01,228809,171439,57370,0,228809,0,0
3669,18,2021-07-02,230087,172099,57988,0,230087,0,0
3670,18,2021-07-03,232133,173803,58330,0,232133,0,0
3671,18,2021-07-04,232795,174447,58348,0,232795,0,0
3672,18,2021-07-05,235427,176300,59127,0,235427,0,0
3673,18,2021-07-06,237455,177760,59695,0,237455,0,0
3674,18,2021-07-07,238305,178128,60177,0,238305,0,0
3675,18,2021-07-08,239589,179174,60415,0,239589,0,0
3676,18,2021-07-09,240818,180257,60561,0,240818,0,0
3677,18,2021-07-10,242115,181385,60730,0,242115,0,0
3678,18,2021-07-11,242545,181815,60730,0,242545,0,0
3679,18,2021-07-12,243556,182438,61118,0,243556,0,0
3680,18,2021-07-13,244282,182773,61509,0,244282,0,0
3681,18,2021-07-14,246067,184350,61717,0,246067,0,0
3682,18,2021-07-15,246543,184640,61903,0,246543,0,0
3683,18,2021-07-16,246776,184757,62019,0,246776,0,0
3684,18,2021-07-17,247139,184970,62169,0,247139,0,0
3685,18,2021-07-18,247199,185017,62182,0,247199,0,0
3686,18,2021-07-19,247527,185146,62381,0,247527,0,0
3687,18,2021-07-20,247824,185298,62526,0,247824,0,0
3688,18,2021-07-21,247824,185298,62526,0,247824,0,0
3689,18,2021-07-22,248319,185475,62844,0,248319,0,0
3690,18,2021-07-23,248685,185654,63031,0,248685,0,0
3691,18,2021-07-24,249041,185770,63271,0,249041,0,0
3692,18,2021-07-25,249041,185770,63271,0,249041,0,0
3693,18,2021-07-26,249727,186038,63689,0,249727,0,0
3694,18,2021-07-27,250768,186256,64512,0,250768,0,0
3695,18,2021-07-28,252103,186477,65626,0,252103,0,0
3696,18,2021-07-29,252857,186751,66106,0,252857,0,0
3697,18,2021-07-30,253924,186894,67030,0,253924,0,0
3698,18,2021-07-31,254727,187081,67646,0,254727,0,0
3699,18,2021-08-01,255047,187393,67654,0,255047,0,0
3700,18,2021-08-02,255738,187602,68136,0,255738,0,0
3701,18,2021-08-03,256201,187750,68451,0,256201,0,0
3702,18,2021-08-04,256621,187859,68762,0,256621,0,0
3703,18,2021-08-05,257040,188002,69038,0,257040,0,0
3704,18,2021-08-06,257551,188226,69325,0,257551,0,0
3705,18,2021-08-07,258385,188426,69959,0,258385,0,0
3706,18,2021-08-08,258385,188426,69959,0,258385,0,0
3707,18,2021-08-09,259036,188699,70337,0,259036,0,0
3708,19,2021-01-16,16,16,0,0,16,0,0
3709,19,2021-01-17,17,17,0,0,17,0,0
3710,19,2021-01-18,237,237,0,0,237,0,0
3711,19,2021-01-19,622,622,0,0,622,0,0
3712,19,2021-01-20,629,629,0,0,629,0,0
3713,19,2021-01-21,724,724,0,0,724,0,0
3714,19,2021-01-22,734,734,0,0,734,0,0
3715,19,2021-01-23,734,734,0,0,734,0,0
3716,19,2021-01-24,749,749,0,0,749,0,0
3717,19,2021-01-25,752,752,0,0,752,0,0
3718,19,2021-01-26,752,752,0,0,752,0,0
3719,19,2021-01-27,765,765,0,0,765,0,0
3720,19,2021-01-28,790,790,0,0,790,0,0
3721,19,2021-01-29,807,807,0,0,807,0,0
3722,19,2021-01-30,807,807,0,0,807,0,0
3723,19,2021-01-31,807,807,0,0,807,0,0
3724,19,2021-02-01,807,807,0,0,807,0,0
3725,19,2021-02-02,807,807,0,0,807,0,0
3726,19,2021-02-03,807,807,0,0,807,0,0
3727,19,2021-02-04,807,807,0,0,807,0,0
3728,19,2021-02-05,825,825,0,0,825,0,0
3729,19,2021-02-06,833,833,0,0,833,0,0
3730,19,2021-02-07,833,833,0,0,833,0,0
3731,19,2021-02-08,839,839,0,0,839,0,0
3732,19,2021-02-09,869,869,0,0,869,0,0
3733,19,2021-02-10,1312,1312,0,0,1312,0,0
3734,19,2021-02-11,1344,1344,0,0,1344,0,0
3735,19,2021-02-12,1575,1575,0,0,1575,0,0
3736,19,2021-02-13,1575,1575,0,0,1575,0,0
3737,19,2021-02-14,1575,1575,0,0,1575,0,0
3738,19,2021-02-15,1575,1575,0,0,1575,0,0
3739,19,2021-02-16,1613,1594,19,0,1594,0,0
3740,19,2021-02-17,1613,1594,19,0,1594,0,0
3741,19,2021-02-18,1674,1623,51,0,1623,0,0
3742,19,2021-02-19,1770,1689,81,4,1685,0,0
3743,19,2021-02-20,1770,1689,81,4,1685,0,0
3744,19,2021-02-21,1770,1689,81,4,1685,0,0
3745,19,2021-02-22,1830,1748,82,4,1744,0,0
3746,19,2021-02-23,1877,1771,106,4,1767,0,0
3747,19,2021-02-24,1902,1796,106,4,1792,0,0
3748,19,2021-02-25,1929,1822,107,4,1818,0,0
3749,19,2021-02-26,1931,1824,107,4,1820,0,0
3750,19,2021-02-27,1931,1824,107,4,1820,0,0
3751,19,2021-02-28,1931,1824,107,4,1820,0,0
3752,19,2021-03-01,1931,1824,107,4,1820,0,0
3753,19,2021-03-02,1931,1824,107,4,1820,0,0
3754,19,2021-03-03,1931,1824,107,4,1820,0,0
3755,19,2021-03-04,1931,1824,107,4,1820,0,0
3756,19,2021-03-05,1982,1856,126,4,1852,0,0
3757,19,2021-03-06,2078,1939,139,4,1935,0,0
3758,19,2021-03-07,2078,1939,139,4,1935,0,0
3759,19,2021-03-08,2310,2121,189,7,2114,0,0
3760,19,2021-03-09,1667,1452,215,0,1667,0,0
3761,19,2021-03-10,1854,1535,319,0,1854,0,0
3762,19,2021-03-11,2056,1589,467,0,2056,0,0
3763,19,2021-03-12,2275,1605,670,0,2275,0,0
3764,19,2021-03-13,2510,1657,853,0,2510,0,0
3765,19,2021-03-14,2541,1659,882,0,2541,0,0
3766,19,2021-03-15,2717,1727,990,0,2717,0,0
3767,19,2021-03-16,3860,2753,1107,0,3860,0,0
3768,19,2021-03-17,4555,3420,1135,0,4555,0,0
3769,19,2021-03-18,4904,3617,1287,0,4904,0,0
3770,19,2021-03-19,5088,3735,1353,0,5088,0,0
3771,19,2021-03-20,5387,3915,1472,0,5387,0,0
3772,19,2021-03-21,5394,3920,1474,0,5394,0,0
3773,19,2021-03-22,5521,4018,1503,0,5521,0,0
3774,19,2021-03-23,5707,4145,1562,0,5707,0,0
3775,19,2021-03-24,5826,4233,1593,0,5826,0,0
3776,19,2021-03-25,5901,4277,1624,0,5901,0,0
3777,19,2021-03-26,6053,4405,1648,0,6053,0,0
3778,19,2021-03-27,6266,4601,1665,0,6266,0,0
3779,19,2021-03-28,6333,4653,1680,0,6333,0,0
3780,19,2021-03-29,6333,4653,1680,0,6333,0,0
3781,19,2021-03-30,6552,4804,1748,0,6552,0,0
3782,19,2021-03-31,6824,5034,1790,0,6824,0,0
3783,19,2021-04-01,6953,5156,1797,0,6953,0,0
3784,19,2021-04-02,7168,5365,1803,0,7168,0,0
3785,19,2021-04-03,7399,5578,1821,0,7399,0,0
3786,19,2021-04-04,7746,5912,1834,0,7746,0,0
3787,19,2021-04-05,7993,6130,1863,0,7993,0,0
3788,19,2021-04-06,8434,6501,1933,0,8434,0,0
3789,19,2021-04-07,9484,7379,2105,0,9484,0,0
3790,19,2021-04-08,10621,8312,2309,0,10621,0,0
3791,19,2021-04-09,11527,9063,2464,0,11527,0,0
3792,19,2021-04-10,12707,10150,2557,0,12707,0,0
3793,19,2021-04-11,13223,10630,2593,0,13223,0,0
3794,19,2021-04-12,13791,11139,2652,0,13791,0,0
3795,19,2021-04-13,14389,11691,2698,0,14389,0,0
3796,19,2021-04-14,15275,12470,2805,0,15275,0,0
3797,19,2021-04-15,16053,13174,2879,0,16053,0,0
3798,19,2021-04-16,16446,13529,2917,0,16446,0,0
3799,19,2021-04-17,17145,14161,2984,0,17145,0,0
3800,19,2021-04-18,18013,14933,3080,0,18013,0,0
3801,19,2021-04-19,18439,15300,3139,0,18439,0,0
3802,19,2021-04-20,18894,15609,3285,0,18894,0,0
3803,19,2021-04-21,19750,16225,3525,0,19750,0,0
3804,19,2021-04-22,20140,16523,3617,0,20140,0,0
3805,19,2021-04-23,20544,16836,3708,0,20544,0,0
3806,19,2021-04-24,21022,17253,3769,0,21022,0,0
3807,19,2021-04-25,21363,17538,3825,0,21363,0,0
3808,19,2021-04-26,21732,17843,3889,0,21732,0,0
3809,19,2021-04-27,21928,17998,3930,0,21928,0,0
3810,19,2021-04-28,22090,18120,3970,0,22090,0,0
3811,19,2021-04-29,22410,18386,4024,0,22410,0,0
3812,19,2021-04-30,23024,18888,4136,0,23024,0,0
3813,19,2021-05-01,23444,19170,4274,0,23444,0,0
3814,19,2021-05-02,23634,19319,4315,0,23634,0,0
3815,19,2021-05-03,23908,19460,4448,0,23908,0,0
3816,19,2021-05-04,24226,19666,4560,0,24226,0,0
3817,19,2021-05-05,24766,19872,4894,0,24766,0,0
3818,19,2021-05-06,25040,19986,5054,0,25040,0,0
3819,19,2021-05-07,25396,20131,5265,0,25396,0,0
3820,19,2021-05-08,25693,20240,5453,0,25693,0,0
3821,19,2021-05-09,25943,20307,5636,0,25943,0,0
3822,19,2021-05-10,26489,20513,5976,0,26489,0,0
3823,19,2021-05-11,27372,20885,6487,0,27372,0,0
3824,19,2021-05-12,28102,21348,6754,0,28102,0,0
3825,19,2021-05-13,28229,21428,6801,0,28229,0,0
3826,19,2021-05-14,28241,21440,6801,0,28241,0,0
3827,19,2021-05-15,28258,21452,6806,0,28258,0,0
3828,19,2021-05-16,28282,21472,6810,0,28282,0,0
3829,19,2021-05-17,28390,21562,6828,0,28390,0,0
3830,19,2021-05-18,28703,21866,6837,0,28703,0,0
3831,19,2021-05-19,28943,22086,6857,0,28943,0,0
3832,19,2021-05-20,29039,22167,6872,0,29039,0,0
3833,19,2021-05-21,29532,22620,6912,0,29532,0,0
3834,19,2021-05-22,30027,23106,6921,0,30027,0,0
3835,19,2021-05-23,30955,24029,6926,0,30955,0,0
3836,19,2021-05-24,31277,24344,6933,0,31277,0,0
3837,19,2021-05-25,31319,24384,6935,0,31319,0,0
3838,19,2021-05-26,31381,24446,6935,0,31381,0,0
3839,19,2021-05-27,31425,24487,6938,0,31425,0,0
3840,19,2021-05-28,31668,24727,6941,0,31668,0,0
3841,19,2021-05-29,32136,25192,6944,0,32136,0,0
3842,19,2021-05-30,32818,25870,6948,0,32818,0,0
3843,19,2021-05-31,33636,26687,6949,0,33636,0,0
3844,19,2021-06-01,34439,27489,6950,0,34439,0,0
3845,19,2021-06-02,35167,28215,6952,0,35167,0,0
3846,19,2021-06-03,36206,29251,6955,0,36206,0,0
3847,19,2021-06-04,37342,30378,6964,0,37342,0,0
3848,19,2021-06-05,38294,31322,6972,0,38294,0,0
3849,19,2021-06-06,39071,32096,6975,0,39071,0,0
3850,19,2021-06-07,40301,33318,6983,0,40301,0,0
3851,19,2021-06-08,41455,34466,6989,0,41455,0,0
3852,19,2021-06-09,42665,35632,7033,0,42665,0,0
3853,19,2021-06-10,43565,36523,7042,0,43565,0,0
3854,19,2021-06-11,44754,37701,7053,0,44754,0,0
3855,19,2021-06-12,46083,39006,7077,0,46083,0,0
3856,19,2021-06-13,46809,39722,7087,0,46809,0,0
3857,19,2021-06-14,47816,40722,7094,0,47816,0,0
3858,19,2021-06-15,48599,41486,7113,0,48599,0,0
3859,19,2021-06-16,49904,42783,7121,0,49904,0,0
3860,19,2021-06-17,50334,43210,7124,0,50334,0,0
3861,19,2021-06-18,50773,43642,7131,0,50773,0,0
3862,19,2021-06-19,51284,44126,7158,0,51284,0,0
3863,19,2021-06-20,51507,44347,7160,0,51507,0,0
3864,19,2021-06-21,52001,44826,7175,0,52001,0,0
3865,19,2021-06-22,52459,45234,7225,0,52459,0,0
3866,19,2021-06-23,52829,45566,7263,0,52829,0,0
3867,19,2021-06-24,53150,45834,7316,0,53150,0,0
3868,19,2021-06-25,53433,46057,7376,0,53433,0,0
3869,19,2021-06-26,53736,46253,7483,0,53736,0,0
3870,19,2021-06-27,53855,46340,7515,0,53855,0,0
3871,19,2021-06-28,54138,46494,7644,0,54138,0,0
3872,19,2021-06-29,54662,46750,7912,0,54662,0,0
3873,19,2021-06-30,54700,46779,7921,0,54700,0,0
3874,19,2021-07-01,54928,46901,8027,0,54928,0,0
3875,19,2021-07-02,55294,47042,8252,0,55294,0,0
3876,19,2021-07-03,55632,47084,8548,0,55632,0,0
3877,19,2021-07-04,55674,47084,8590,0,55674,0,0
3878,19,2021-07-05,56206,47243,8963,0,56206,0,0
3879,19,2021-07-06,56755,47468,9287,0,56755,0,0
3880,19,2021-07-07,57324,47562,9762,0,57324,0,0
3881,19,2021-07-08,57844,47717,10127,0,57844,0,0
3882,19,2021-07-09,58285,47830,10455,0,58285,0,0
3883,19,2021-07-10,58606,47936,10670,0,58606,0,0
3884,19,2021-07-11,58734,47993,10741,0,58734,0,0
3885,19,2021-07-12,59081,48058,11023,0,59081,0,0
3886,19,2021-07-13,59657,48155,11502,0,59657,0,0
3887,19,2021-07-14,60568,48684,11884,0,60568,0,0
3888,19,2021-07-15,61144,48780,12364,0,61144,0,0
3889,19,2021-07-16,61637,48893,12744,0,61637,0,0
3890,19,2021-07-17,61956,48946,13010,0,61956,0,0
3891,19,2021-07-18,62021,49004,13017,0,62021,0,0
3892,19,2021-07-19,62346,49064,13282,0,62346,0,0
3893,19,2021-07-20,62715,49196,13519,0,62715,0,0
3894,19,2021-07-21,62989,49276,13713,0,62989,0,0
3895,19,2021-07-22,63093,49304,13789,0,63093,0,0
3896,19,2021-07-23,63558,49479,14079,0,63558,0,0
3897,19,2021-07-24,64080,49638,14442,0,64080,0,0
3898,19,2021-07-25,64116,49661,14455,0,64116,0,0
3899,19,2021-07-26,64502,49794,14708,0,64502,0,0
3900,19,2021-07-27,65060,49949,15111,0,65060,0,0
3901,19,2021-07-28,65418,50017,15401,0,65418,0,0
3902,19,2021-07-29,65707,50094,15613,0,65707,0,0
3903,19,2021-07-30,65988,50168,15820,0,65988,0,0
3904,19,2021-07-31,66209,50238,15971,0,66209,0,0
3905,19,2021-08-01,66406,50405,16001,0,66406,0,0
3906,19,2021-08-02,66642,50484,16158,0,66642,0,0
3907,19,2021-08-03,66762,50511,16251,0,66762,0,0
3908,19,2021-08-04,67032,50596,16436,0,67032,0,0
3909,19,2021-08-05,67253,50668,16585,0,67253,0,0
3910,19,2021-08-06,67491,50772,16719,0,67491,0,0
3911,19,2021-08-07,67712,50851,16861,0,67712,0,0
3912,19,2021-08-08,67913,50962,16951,0,67913,0,0
3913,19,2021-08-09,68295,51156,17139,0,68295,0,0
3914,20,2021-01-16,9435,9435,0,0,9435,0,0
3915,20,2021-01-17,9435,9435,0,0,9435,0,0
3916,20,2021-01-18,15934,15934,0,0,15934,0,0
3917,20,2021-01-19,18409,18409,0,0,18409,0,0
3918,20,2021-01-20,27769,27769,0,0,27769,0,0
3919,20,2021-01-21,38425,38425,0,0,38425,0,0
3920,20,2021-01-22,38425,38425,0,0,38425,0,0
3921,20,2021-01-23,38428,38428,0,0,38428,0,0
3922,20,2021-01-24,38430,38430,0,0,38430,0,0
3923,20,2021-01-25,66875,66875,0,0,66875,0,0
3924,20,2021-01-26,66877,66877,0,0,66877,0,0
3925,20,2021-01-27,131099,131099,0,0,131099,0,0
3926,20,2021-01-28,192628,192628,0,0,192628,0,0
3927,20,2021-01-29,234631,234631,0,0,234631,0,0
3928,20,2021-01-30,284782,284782,0,0,284782,0,0
3929,20,2021-01-31,285481,285481,0,0,285481,0,0
3930,20,2021-02-01,286538,286538,0,0,286538,0,0
3931,20,2021-02-02,286868,286868,0,0,286868,0,0
3932,20,2021-02-03,319623,319623,0,0,319623,0,0
3933,20,2021-02-04,329571,329571,0,0,329571,0,0
3934,20,2021-02-05,331316,331316,0,0,331316,0,0
3935,20,2021-02-06,332832,332832,0,0,332832,0,0
3936,20,2021-02-07,333677,333677,0,0,333677,0,0
3937,20,2021-02-08,369141,369141,0,14365,354776,0,0
3938,20,2021-02-09,373504,373504,0,16081,357423,0,0
3939,20,2021-02-10,427715,427715,0,39668,388047,0,0
3940,20,2021-02-11,482095,482095,0,61581,420514,0,0
3941,20,2021-02-12,519589,519589,0,76489,443100,0,0
3942,20,2021-02-13,548275,548272,3,87755,460517,0,0
3943,20,2021-02-14,548469,548466,3,87757,460709,0,0
3944,20,2021-02-15,565957,565952,5,94273,471679,0,0
3945,20,2021-02-16,567591,567586,5,95034,472552,0,0
3946,20,2021-02-17,587658,587652,6,102594,485058,0,0
3947,20,2021-02-18,598328,598319,9,107696,490623,0,0
3948,20,2021-02-19,616805,616782,23,112750,504032,0,0
3949,20,2021-02-20,635446,631637,3809,117418,514219,0,0
3950,20,2021-02-21,636057,632248,3809,117779,514469,0,0
3951,20,2021-02-22,666759,635089,31670,118252,516837,0,0
3952,20,2021-02-23,668773,636139,32634,118565,517574,0,0
3953,20,2021-02-24,716682,639425,77257,119504,519921,0,0
3954,20,2021-02-25,773228,642871,130357,120126,522745,0,0
3955,20,2021-02-26,804378,644716,159662,120373,524343,0,0
3956,20,2021-02-27,804378,644716,159662,120373,524343,0,0
3957,20,2021-02-28,804378,644716,159662,120373,524343,0,0
3958,20,2021-03-01,804378,644716,159662,120373,524343,0,0
3959,20,2021-03-02,846487,664726,181761,120472,544254,0,0
3960,20,2021-03-03,908051,706334,201717,120473,585861,0,0
3961,20,2021-03-04,970531,754152,216379,120488,633664,0,0
3962,20,2021-03-05,978701,760376,218325,120497,639879,0,0
3963,20,2021-03-06,1049846,817810,232036,120498,697312,0,0
3964,20,2021-03-07,1052103,819884,232219,120498,699386,0,0
3965,20,2021-03-08,1123372,878269,245103,121063,757206,0,0
3966,20,2021-03-09,894175,648495,245680,125263,768905,0,0
3967,20,2021-03-10,982005,703816,278189,135561,846437,0,0
3968,20,2021-03-11,983629,704997,278632,135739,847883,0,0
3969,20,2021-03-12,989013,708872,280141,135953,853053,0,0
3970,20,2021-03-13,1147591,812922,334669,157001,990583,0,0
3971,20,2021-03-14,1149813,814865,334948,157056,992750,0,0
3972,20,2021-03-15,1311000,935527,375473,173139,1137854,0,0
3973,20,2021-03-16,1582017,1204532,377485,178772,1403245,0,0
3974,20,2021-03-17,1894779,1483101,411678,194660,1700119,0,0
3975,20,2021-03-18,2061982,1630087,431895,203540,1858442,0,0
3976,20,2021-03-19,2082196,1648828,433368,203833,1878363,0,0
3977,20,2021-03-20,2392868,1936427,456441,220006,2172862,0,0
3978,20,2021-03-21,2447794,1988398,459396,223081,2224713,0,0
3979,20,2021-03-22,2645609,2173688,471921,238878,2406731,0,0
3980,20,2021-03-23,2709136,2233935,475201,245080,2464056,0,0
3981,20,2021-03-24,2970294,2484618,485676,266221,2704073,0,0
3982,20,2021-03-25,3117583,2625418,492165,282339,2835244,0,0
3983,20,2021-03-26,3124997,2632468,492529,283258,2841739,0,0
3984,20,2021-03-27,3235027,2737954,497073,297487,2937540,0,0
3985,20,2021-03-28,3238287,2740984,497303,298095,2940192,0,0
3986,20,2021-03-29,3238300,2740995,497305,298095,2940205,0,0
3987,20,2021-03-30,3241368,2743883,497485,298175,2943193,0,0
3988,20,2021-03-31,3399721,2890848,508873,309233,3090488,0,0
3989,20,2021-04-01,3632471,3115146,517325,318623,3313848,0,0
3990,20,2021-04-02,3871927,3346831,525096,328095,3543832,0,0
3991,20,2021-04-03,4043380,3510799,532581,346154,3697226,0,0
3992,20,2021-04-04,4214544,3675945,538599,373561,3840983,0,0
3993,20,2021-04-05,4376033,3831368,544665,444884,3931149,0,0
3994,20,2021-04-06,4528210,3977455,550755,508381,4019829,0,0
3995,20,2021-04-07,4902462,4334898,567564,567777,4334685,0,0
3996,20,2021-04-08,5233168,4649680,583488,607953,4625215,0,0
3997,20,2021-04-09,5361979,4770269,591710,625339,4736640,0,0
3998,20,2021-04-10,5464925,4866494,598431,639725,4825200,0,0
3999,20,2021-04-11,5837149,5222120,615029,652277,5184872,0,0
4000,20,2021-04-12,6244525,5603174,641351,658902,5585623,0,0
4001,20,2021-04-13,6558169,5899933,658236,660324,5897845,0,0
4002,20,2021-04-14,6886916,6202259,684657,661830,6225086,0,0
4003,20,2021-04-15,7057160,6348519,708641,662727,6394433,0,0
4004,20,2021-04-16,7115632,6392872,722760,663804,6451828,0,0
4005,20,2021-04-17,7304172,6546917,757255,664846,6639326,0,0
4006,20,2021-04-18,7329797,6566352,763445,665122,6664675,0,0
4007,20,2021-04-19,7506383,6700964,805419,685389,6820994,0,0
4008,20,2021-04-20,7542919,6725608,817311,692403,6850516,0,0
4009,20,2021-04-21,7566279,6737838,828441,694256,6872023,0,0
4010,20,2021-04-22,7736804,6850130,886674,703028,7033776,0,0
4011,20,2021-04-23,7774354,6871962,902392,705551,7068803,0,0
4012,20,2021-04-24,7895385,6942784,952601,713166,7182219,0,0
4013,20,2021-04-25,7908711,6949787,958924,714407,7194304,0,0
4014,20,2021-04-26,7991537,6988355,1003182,721652,7269885,0,0
4015,20,2021-04-27,8010474,6996487,1013987,722336,7288138,0,0
4016,20,2021-04-28,8071696,7020074,1051622,725988,7345708,0,0
4017,20,2021-04-29,8077002,7022419,1054583,726478,7350524,0,0
4018,20,2021-04-30,8079538,7023042,1056496,726655,7352883,0,0
4019,20,2021-05-01,8147203,7043286,1103917,731864,7415339,0,0
4020,20,2021-05-02,8154964,7046019,1108945,732269,7422695,0,0
4021,20,2021-05-03,8228404,7065585,1162819,743924,7484480,0,0
4022,20,2021-05-04,8249533,7071530,1178003,749077,7500456,0,0
4023,20,2021-05-05,8380264,7110730,1269534,776013,7604251,0,0
4024,20,2021-05-06,8490151,7146019,1344132,799068,7691083,0,0
4025,20,2021-05-07,8508272,7151755,1356517,803046,7705226,0,0
4026,20,2021-05-08,8634077,7201637,1432440,842263,7791814,0,0
4027,20,2021-05-09,8636212,7202462,1433750,842561,7793651,0,0
4028,20,2021-05-10,8765843,7251862,1513981,881517,7884326,0,0
4029,20,2021-05-11,8785173,7256989,1528184,885709,7899464,0,0
4030,20,2021-05-12,8923121,7335386,1587735,931944,7991177,0,0
4031,20,2021-05-13,9034702,7402933,1631769,974088,8060614,0,0
4032,20,2021-05-14,9037120,7403682,1633438,975038,8062082,0,0
4033,20,2021-05-15,9163547,7472841,1690706,1023820,8139727,0,0
4034,20,2021-05-16,9164574,7473284,1691290,1024104,8140470,0,0
4035,20,2021-05-17,9258467,7547349,1711118,1050666,8207801,0,0
4036,20,2021-05-18,9264811,7551243,1713568,1053396,8211415,0,0
4037,20,2021-05-19,9405542,7678925,1726617,1067827,8337715,0,0
4038,20,2021-05-20,9534535,7798981,1735554,1077427,8457108,0,0
4039,20,2021-05-21,9633945,7890673,1743272,1085378,8548567,0,0
4040,20,2021-05-22,9780866,8027748,1753118,1095058,8685808,0,0
4041,20,2021-05-23,9951903,8197098,1754805,1096552,8855351,0,0
4042,20,2021-05-24,10169757,8407255,1762502,1104353,9065404,0,0
4043,20,2021-05-25,10176369,8412889,1763480,1105423,9070946,0,0
4044,20,2021-05-26,10178601,8415023,1763578,1105486,9073115,0,0
4045,20,2021-05-27,10408718,8636592,1772126,1114104,9294614,0,0
4046,20,2021-05-28,10632295,8854635,1777660,1119978,9512317,0,0
4047,20,2021-05-29,10882668,9098436,1784232,1128087,9754581,0,0
4048,20,2021-05-30,10899947,9115504,1784443,1128808,9771139,0,0
4049,20,2021-05-31,11170319,9378050,1792269,1147298,10023021,0,0
4050,20,2021-06-01,11188263,9394692,1793571,1149627,10038636,0,0
4051,20,2021-06-02,11481427,9680087,1801340,1181438,10299989,0,0
4052,20,2021-06-03,11853494,10041226,1812268,1410736,10442758,0,0
4053,20,2021-06-04,12217489,10399189,1818300,1542992,10674497,0,0
4054,20,2021-06-05,12629509,10796888,1832621,1721232,10908277,0,0
4055,20,2021-06-06,12759138,10923948,1835190,1749629,11009509,0,0
4056,20,2021-06-07,13151267,11299196,1852071,1783202,11368065,0,0
4057,20,2021-06-08,13217372,11361743,1855629,1791652,11425720,0,0
4058,20,2021-06-09,13584232,11708227,1876005,1833593,11750639,0,0
4059,20,2021-06-10,13769115,11877371,1891744,1877511,11891604,0,0
4060,20,2021-06-11,13796834,11899138,1897696,1885222,11911612,0,0
4061,20,2021-06-12,13897841,11956103,1941738,1935761,11962080,0,0
4062,20,2021-06-13,13943751,11992799,1950952,1945457,11998294,0,0
4063,20,2021-06-14,14443636,12452440,1991196,1970395,12473241,0,0
4064,20,2021-06-15,14495499,12497943,1997556,1976933,12518566,0,0
4065,20,2021-06-16,14840484,12815277,2025207,1989735,12850749,0,0
4066,20,2021-06-17,14975268,12934175,2041093,1998514,12976754,0,0
4067,20,2021-06-18,14994833,12950585,2044248,2001183,12993650,0,0
4068,20,2021-06-19,15018743,12964134,2054609,2012375,13006368,0,0
4069,20,2021-06-20,15019817,12965037,2054780,2012568,13007249,0,0
4070,20,2021-06-21,16733198,14594389,2138809,2094649,14638549,0,0
4071,20,2021-06-22,16803173,14660585,2142588,2099516,14703657,0,0
4072,20,2021-06-23,17978981,15775623,2203358,2283732,15695249,0,0
4073,20,2021-06-24,18769872,16512594,2257278,2399704,16370168,0,0
4074,20,2021-06-25,18801044,16543406,2257638,2403373,16397671,0,0
4075,20,2021-06-26,19801236,17444479,2356757,2430673,17370563,0,0
4076,20,2021-06-27,19826706,17466782,2359924,2437662,17389044,0,0
4077,20,2021-06-28,20289692,17897347,2392345,2588310,17701382,0,0
4078,20,2021-06-29,20303352,17909367,2393985,2591107,17712245,0,0
4079,20,2021-06-30,20314158,17917782,2396376,2591488,17722566,104,0
4080,20,2021-07-01,21302275,18757527,2544748,2593206,18708965,104,0
4081,20,2021-07-02,21326909,18778322,2548587,2593774,18733031,104,0
4082,20,2021-07-03,21594951,18782476,2812475,2857676,18737171,104,0
4083,20,2021-07-04,21602436,18783420,2819016,2864042,18738290,104,0
4084,20,2021-07-05,22016213,18788825,3227388,2887962,19128039,212,0
4085,20,2021-07-06,22028495,18792034,3236461,2889904,19138218,373,0
4086,20,2021-07-07,22486768,18987978,3498790,2951157,19535047,564,0
4087,20,2021-07-08,23209424,19540483,3668941,2986789,20221660,975,0
4088,20,2021-07-09,23229284,19555644,3673640,2988888,20238850,1546,0
4089,20,2021-07-10,23916986,20128154,3788832,3002691,20912071,2224,0
4090,20,2021-07-11,23934917,20143867,3791050,3002899,20929501,2517,0
4091,20,2021-07-12,23973478,20157496,3815982,3024422,20945620,3436,0
4092,20,2021-07-13,23977911,20160054,3817857,3025730,20947900,4281,0
4093,20,2021-07-14,24566317,20652966,3913351,3052335,21508910,5072,0
4094,20,2021-07-15,25015501,21028776,3986725,3055302,21954540,5659,0
4095,20,2021-07-16,25028056,21039211,3988845,3055848,21966019,6189,0
4096,20,2021-07-17,25182121,21168157,4013964,3057134,22118281,6706,0
4097,20,2021-07-18,25192158,21176794,4015364,3057163,22128062,6933,0
4098,20,2021-07-19,25678516,21551160,4127356,3061007,22610241,7268,0
4099,20,2021-07-20,25692342,21562031,4130311,3061593,22623231,7518,0
4100,20,2021-07-21,25695476,21563261,4132215,3063499,22624214,7763,0
4101,20,2021-07-22,26791031,22431445,4359586,3102330,23680828,7873,0
4102,20,2021-07-23,26859236,22489547,4369689,3119309,23732049,7878,0
4103,20,2021-07-24,27835437,23287139,4548298,3165225,24662334,7878,0
4104,20,2021-07-25,27868363,23316206,4552157,3165629,24694856,7878,0
4105,20,2021-07-26,29006804,24275999,4730805,3213496,25785267,8041,0
4106,20,2021-07-27,29072338,24331336,4741002,3228621,25835495,8222,0
4107,20,2021-07-28,30150558,25242266,4908292,3276515,26865636,8407,0
4108,20,2021-07-29,30906116,25904540,5001576,3296062,27601401,8653,0
4109,20,2021-07-30,30970799,25959893,5010906,3312370,27649517,8912,0
4110,20,2021-07-31,31999209,26830212,5168997,3383032,28606911,9266,0
4111,20,2021-08-01,32227488,27049238,5178250,3406888,28811050,9550,0
4112,20,2021-08-02,33045723,27755842,5289881,3454106,29581701,9916,0
4113,20,2021-08-03,33169564,27866204,5303360,3473910,29685219,10435,0
4114,20,2021-08-04,33697618,28297794,5399824,3520261,30166571,10786,0
4115,20,2021-08-05,34156553,28647319,5509234,3592184,30553182,11187,0
4116,20,2021-08-06,34238857,28719618,5519239,3614093,30613141,11623,0
4117,20,2021-08-07,34853048,29211273,5641775,3666111,31174737,12200,0
4118,20,2021-08-08,34901221,29251571,5649650,3670823,31218147,12251,0
4119,20,2021-08-09,35456676,29723036,5733640,3714555,31729473,12648,0
4120,21,2021-01-16,5726,5726,0,85,5641,0,0
4121,21,2021-01-17,6521,6521,0,94,6427,0,0
4122,21,2021-01-18,6151,6151,0,105,6046,0,0
4123,21,2021-01-19,13699,13699,0,214,13485,0,0
4124,21,2021-01-20,23880,23880,0,439,23441,0,0
4125,21,2021-01-21,24148,24148,0,443,23705,0,0
4126,21,2021-01-22,44369,44369,0,840,43529,0,0
4127,21,2021-01-23,69295,69295,0,1156,68139,0,0
4128,21,2021-01-24,70196,70196,0,1157,69039,0,0
4129,21,2021-01-25,107073,107073,0,1433,105640,0,0
4130,21,2021-01-26,107338,107338,0,1433,105905,0,0
4131,21,2021-01-27,150102,150102,0,1642,148460,0,0
4132,21,2021-01-28,189743,189743,0,1893,187850,0,0
4133,21,2021-01-29,225132,225132,0,2193,222939,0,0
4134,21,2021-01-30,233693,233693,0,2282,231411,0,0
4135,21,2021-01-31,234150,234150,0,2282,231868,0,0
4136,21,2021-02-01,275348,275348,0,2708,272640,0,0
4137,21,2021-02-02,284107,284107,0,2760,281347,0,0
4138,21,2021-02-03,318918,318918,0,3170,315748,0,0
4139,21,2021-02-04,352676,352676,0,3691,348985,0,0
4140,21,2021-02-05,397889,397889,0,3942,393947,0,0
4141,21,2021-02-06,436229,436229,0,4205,432024,0,0
4142,21,2021-02-07,436400,436400,0,4206,432194,0,0
4143,21,2021-02-08,475193,475193,0,4472,470721,0,0
4144,21,2021-02-09,503757,503757,0,4732,499025,0,0
4145,21,2021-02-10,544726,544726,0,4877,539849,0,0
4146,21,2021-02-11,579241,579241,0,5018,574223,0,0
4147,21,2021-02-12,620539,620539,0,5258,615281,0,0
4148,21,2021-02-13,652971,652801,170,5403,647398,0,0
4149,21,2021-02-14,653305,653135,170,5403,647732,0,0
4150,21,2021-02-15,687137,682610,4527,5771,676839,0,0
4151,21,2021-02-16,719944,711043,8901,6176,704867,0,0
4152,21,2021-02-17,768695,752088,16607,6713,745375,0,0
4153,21,2021-02-18,810906,787086,23820,7323,779763,0,0
4154,21,2021-02-19,853374,825846,27528,7694,818152,0,0
4155,21,2021-02-20,913658,868244,45414,8295,859949,0,0
4156,21,2021-02-21,917962,871567,46395,8332,863235,0,0
4157,21,2021-02-22,975061,907200,67861,9341,897859,0,0
4158,21,2021-02-23,1017414,938078,79336,10284,927794,0,0
4159,21,2021-02-24,1073789,969314,104475,11427,957887,0,0
4160,21,2021-02-25,1128081,997308,130773,12205,985103,0,0
4161,21,2021-02-26,1187018,1028360,158658,13184,1015176,0,0
4162,21,2021-02-27,1187023,1028365,158658,13184,1015181,0,0
4163,21,2021-02-28,1187178,1028520,158658,13184,1015336,0,0
4164,21,2021-03-01,1187178,1028520,158658,13184,1015336,0,0
4165,21,2021-03-02,1251419,1071612,179807,14917,1056695,0,0
4166,21,2021-03-03,1317336,1119835,197501,16279,1103556,0,0
4167,21,2021-03-04,1387989,1174258,213731,18652,1155606,0,0
4168,21,2021-03-05,1479034,1244617,234417,20513,1224104,0,0
4169,21,2021-03-06,1584841,1325264,259577,22376,1302888,0,0
4170,21,2021-03-07,1591448,1331000,260448,22432,1308568,0,0
4171,21,2021-03-08,1739823,1454112,285711,27182,1426930,0,0
4172,21,2021-03-09,1572965,1267076,305889,29899,1542951,0,0
4173,21,2021-03-10,1749221,1410564,338657,36953,1712153,0,0
4174,21,2021-03-11,1804254,1455521,348733,37748,1766374,0,0
4175,21,2021-03-12,1996304,1612991,383313,46002,1950167,0,0
4176,21,2021-03-13,2125486,1713932,411554,52044,2073306,0,0
4177,21,2021-03-14,2132670,1720591,412079,52823,2079711,0,0
4178,21,2021-03-15,2342873,1898597,444276,71427,2271309,0,0
4179,21,2021-03-16,2785457,2316957,468500,100256,2685201,0,0
4180,21,2021-03-17,3729963,3229723,500240,181565,3548398,0,0
4181,21,2021-03-18,3933965,3408977,524988,247217,3686748,0,0
4182,21,2021-03-19,4178758,3622709,556049,313185,3865573,0,0
4183,21,2021-03-20,4404844,3815920,588924,394596,4010248,0,0
4184,21,2021-03-21,4440954,3847301,593653,406716,4034238,0,0
4185,21,2021-03-22,4682864,4060919,621945,481938,4200926,0,0
4186,21,2021-03-23,4911726,4262362,649364,550924,4360802,0,0
4187,21,2021-03-24,5164217,4494807,669410,604161,4560056,0,0
4188,21,2021-03-25,5386656,4701964,684692,643432,4743224,0,0
4189,21,2021-03-26,5648523,4944116,704407,678503,4970020,0,0
4190,21,2021-03-27,5881573,5163746,717827,708937,5172636,0,0
4191,21,2021-03-28,5902265,5183711,718554,712396,5189869,0,0
4192,21,2021-03-29,5956802,5235606,721196,719696,5237106,0,0
4193,21,2021-03-30,6156334,5421876,734458,747431,5408903,0,0
4194,21,2021-03-31,6370261,5618555,751706,771814,5598447,0,0
4195,21,2021-04-01,6596079,5833743,762336,797453,5798626,0,0
4196,21,2021-04-02,6960404,6182629,777775,831611,6128793,0,0
4197,21,2021-04-03,7288572,6496037,792535,854490,6434082,0,0
4198,21,2021-04-04,7647126,6841397,805729,876863,6770263,0,0
4199,21,2021-04-05,7989165,7167016,822149,894246,7094919,0,0
4200,21,2021-04-06,8257040,7421245,835795,906206,7350834,0,0
4201,21,2021-04-07,8856664,7988151,868513,938502,7918162,0,0
4202,21,2021-04-08,9337790,8434286,903504,970024,8367766,0,0
4203,21,2021-04-09,9632399,8702273,930126,1000843,8631556,0,0
4204,21,2021-04-10,9923253,8969876,953377,1025624,8897629,0,0
4205,21,2021-04-11,10191896,9220161,971735,1043756,9148140,0,0
4206,21,2021-04-12,10528419,9519815,1008604,1075618,9452801,0,0
4207,21,2021-04-13,10753451,9717561,1035890,1086699,9666752,0,0
4208,21,2021-04-14,11124975,10038913,1086062,1103553,10021422,0,0
4209,21,2021-04-15,11511023,10356338,1154685,1129851,10381172,0,0
4210,21,2021-04-16,11885830,10658902,1226928,1161603,10724227,0,0
4211,21,2021-04-17,12138971,10849828,1289143,1206905,10932066,0,0
4212,21,2021-04-18,12273763,10959390,1314373,1225133,11048630,0,0
4213,21,2021-04-19,12649330,11240031,1409299,1305411,11343919,0,0
4214,21,2021-04-20,12944719,11447258,1497461,1401015,11543704,0,0
4215,21,2021-04-21,13279389,11691829,1587560,1457704,11821685,0,0
4216,21,2021-04-22,13673833,11966150,1707683,1518540,12155293,0,0
4217,21,2021-04-23,13999938,12184886,1815052,1568825,12431113,0,0
4218,21,2021-04-24,14229977,12326873,1903104,1611245,12618732,0,0
4219,21,2021-04-25,14342185,12404273,1937912,1622286,12719899,0,0
4220,21,2021-04-26,14905825,12768316,2137509,1656856,13248969,0,0
4221,21,2021-04-27,15321730,13030894,2290836,1701178,13620552,0,0
4222,21,2021-04-28,15577636,13184469,2393167,1752353,13825283,0,0
4223,21,2021-04-29,15870448,13360080,2510368,1791689,14078759,0,0
4224,21,2021-04-30,16183847,13561437,2622410,1811340,14372507,0,0
4225,21,2021-05-01,16292753,13637082,2655671,1819842,14472911,0,0
4226,21,2021-05-02,16342814,13677591,2665223,1822158,14520656,0,0
4227,21,2021-05-03,16425887,13739753,2686134,1831851,14594036,0,0
4228,21,2021-05-04,16528345,13799328,2729017,1842007,14686338,0,0
4229,21,2021-05-05,16802255,13935541,2866714,1857429,14944826,0,0
4230,21,2021-05-06,17296109,14214775,3081334,1894014,15402095,0,0
4231,21,2021-05-07,17693374,14458039,3235335,1957794,15735580,0,0
4232,21,2021-05-08,17947420,14628881,3318539,2013967,15933453,0,0
4233,21,2021-05-09,18063345,14712246,3351099,2053522,16009823,0,0
4234,21,2021-05-10,18380699,14888694,3492005,2120991,16259708,0,0
4235,21,2021-05-11,18793256,15144171,3649085,2199776,16593480,0,0
4236,21,2021-05-12,19139375,15322754,3816621,2253699,16885676,0,0
4237,21,2021-05-13,19530640,15499282,4031358,2285477,17245163,0,0
4238,21,2021-05-14,19703138,15571915,4131223,2302406,17400732,0,0
4239,21,2021-05-15,19912961,15706411,4206550,2325861,17587100,0,0
4240,21,2021-05-16,19985484,15756833,4228651,2349683,17635801,0,0
4241,21,2021-05-17,20090425,15833287,4257138,2381821,17708604,0,0
4242,21,2021-05-18,20201111,15923242,4277869,2407445,17793666,0,0
4243,21,2021-05-19,20305921,16000236,4305685,2436735,17869186,0,0
4244,21,2021-05-20,20469090,16125493,4343597,2479039,17990051,0,0
4245,21,2021-05-21,20594537,16228164,4366373,2505192,18089345,0,0
4246,21,2021-05-22,20721982,16334126,4387856,2531917,18190065,0,0
4247,21,2021-05-23,20764364,16372676,4391688,2535934,18228430,0,0
4248,21,2021-05-24,21017944,16609722,4408222,2551290,18466654,0,0
4249,21,2021-05-25,21218705,16796171,4422534,2565187,18653518,0,0
4250,21,2021-05-26,21357076,16923391,4433685,2578310,18778766,0,0
4251,21,2021-05-27,21646104,17185317,4460787,2607573,19038531,0,0
4252,21,2021-05-28,21922389,17435219,4487170,2637677,19284712,0,0
4253,21,2021-05-29,22230988,17709573,4521415,2678634,19552354,0,0
4254,21,2021-05-30,22319656,17787436,4532220,2691236,19628420,0,0
4255,21,2021-05-31,22586620,18016877,4569743,2732312,19854308,0,0
4256,21,2021-06-01,22850264,18233839,4616425,2785405,20064859,0,0
4257,21,2021-06-02,23077246,18425383,4651863,2827279,20249967,0,0
4258,21,2021-06-03,23302845,18623132,4679713,2858281,20444564,0,0
4259,21,2021-06-04,23687499,18959397,4728102,2901616,20785883,0,0
4260,21,2021-06-05,24049547,19278027,4771520,2944627,21104916,4,0
4261,21,2021-06-06,24145432,19360252,4785180,2954409,21190978,45,0
4262,21,2021-06-07,24450364,19597498,4852866,3012896,21437286,182,0
4263,21,2021-06-08,24728789,19794750,4934039,3085680,21642671,438,0
4264,21,2021-06-09,25042464,20032402,5010062,3146790,21895016,658,0
4265,21,2021-06-10,25300779,20232933,5067846,3194349,22105663,767,0
4266,21,2021-06-11,25560781,20443246,5117535,3234896,22325051,834,0
4267,21,2021-06-12,25866677,20693716,5172961,3278833,22587010,834,0
4268,21,2021-06-13,25958370,20775032,5183338,3286997,22670516,857,0
4269,21,2021-06-14,26263095,21027493,5235602,3320171,22942067,857,0
4270,21,2021-06-15,26524389,21239855,5284534,3350188,23173280,921,0
4271,21,2021-06-16,26774547,21442311,5332236,3375760,23397718,1069,0
4272,21,2021-06-17,26985938,21609227,5376711,3400783,23584061,1094,0
4273,21,2021-06-18,27220156,21802528,5417628,3418863,23800166,1127,0
4274,21,2021-06-19,27616708,22134489,5482219,3436486,24179095,1127,0
4275,21,2021-06-20,27733974,22244712,5489262,3440309,24292538,1127,0
4276,21,2021-06-21,28128768,22587693,5541075,3455691,24671721,1356,0
4277,21,2021-06-22,28706375,23089545,5616830,3474634,25230118,1623,0
4278,21,2021-06-23,29345261,23663198,5682063,3497917,25845346,1998,0
4279,21,2021-06-24,29788061,24046509,5741552,3521073,26264621,2367,0
4280,21,2021-06-25,30283190,24455767,5827423,3537780,26742702,2708,0
4281,21,2021-06-26,31032178,25046626,5985552,3564851,27464117,3210,0
4282,21,2021-06-27,31158987,25144877,6014110,3573585,27581915,3487,0
4283,21,2021-06-28,31781730,25598367,6183363,3604326,28173736,3668,0
4284,21,2021-06-29,32178658,25883793,6294865,3652273,28522285,4100,0
4285,21,2021-06-30,32439568,26067743,6371825,3687793,28747059,4716,0
4286,21,2021-07-01,32720630,26252541,6468089,3756697,28958219,5714,0
4287,21,2021-07-02,33109808,26512487,6597321,3823686,29279111,7011,0
4288,21,2021-07-03,33928829,27072332,6856497,3939003,29981854,7972,0
4289,21,2021-07-04,34076028,27181244,6894784,3972341,30095646,8041,0
4290,21,2021-07-05,34404490,27418175,6986315,4070743,30324716,9031,0
4291,21,2021-07-06,34802542,27659911,7142631,4152619,30639749,10174,0
4292,21,2021-07-07,35444489,28046480,7398009,4211567,31221741,11181,0
4293,21,2021-07-08,35772811,28250166,7522645,4268064,31492511,12236,0
4294,21,2021-07-09,35975179,28386677,7588502,4313646,31645735,15798,0
4295,21,2021-07-10,36344221,28600239,7743982,4360461,31964259,19501,0
4296,21,2021-07-11,36525862,28703462,7822400,4379630,32125399,20833,0
4297,21,2021-07-12,37024077,28982004,8042073,4445967,32553439,24671,0
4298,21,2021-07-13,37296249,29129845,8166404,4498658,32768078,29513,0
4299,21,2021-07-14,37924042,29557531,8366511,4546024,33344067,33951,0
4300,21,2021-07-15,38267995,29723209,8544786,4575221,33654702,38072,0
4301,21,2021-07-16,38894689,30053289,8841400,4600460,34252420,41809,0
4302,21,2021-07-17,39381845,30339078,9042767,4632058,34704333,45454,0
4303,21,2021-07-18,39513058,30417030,9096028,4638325,34828522,46211,0
4304,21,2021-07-19,39911420,30636226,9275194,4670750,35192160,48510,0
4305,21,2021-07-20,40107948,30751876,9356072,4693253,35363690,51005,0
4306,21,2021-07-21,40217450,30819326,9398124,4704474,35459926,53050,0
4307,21,2021-07-22,40420907,30922026,9498881,4723916,35641433,55558,0
4308,21,2021-07-23,40855519,31159841,9695678,4775094,36021783,58642,0
4309,21,2021-07-24,41200346,31356540,9843806,4825339,36313439,61568,0
4310,21,2021-07-25,41318461,31424845,9893616,4834592,36421433,62436,0
4311,21,2021-07-26,41768947,31668541,10100406,4899309,36805307,64331,0
4312,21,2021-07-27,42352271,31989528,10362743,4952435,37333371,66465,0
4313,21,2021-07-28,42707317,32189240,10518077,4999738,37639250,68329,0
4314,21,2021-07-29,43082312,32393868,10688444,5038839,37973543,69930,0
4315,21,2021-07-30,43764145,32792777,10971368,5101546,38590572,72027,0
4316,21,2021-07-31,44359603,33167633,11191970,5186451,39098201,74951,0
4317,21,2021-08-01,44671062,33439833,11231229,5222491,39372422,76149,0
4318,21,2021-08-02,45003338,33649689,11353649,5314247,39610507,78584,0
4319,21,2021-08-03,45244512,33795497,11449015,5381702,39781564,81246,0
4320,21,2021-08-04,45474724,33939493,11535231,5450525,39940323,83876,0
4321,21,2021-08-05,45992850,34253740,11739110,5590091,40316190,86569,0
4322,21,2021-08-06,46376671,34530607,11846064,5756435,40530702,89534,0
4323,21,2021-08-07,46685972,34738768,11947204,5893219,40700025,92728,0
4324,21,2021-08-08,46758590,34789759,11968831,5917980,40746914,93696,0
4325,21,2021-08-09,47153366,35040812,12112554,6005390,41051969,96007,0
4326,22,2021-01-16,181,181,0,0,181,0,0
4327,22,2021-01-17,192,192,0,0,192,0,0
4328,22,2021-01-18,169,169,0,0,169,0,0
4329,22,2021-01-19,267,267,0,0,267,0,0
4330,22,2021-01-20,426,426,0,0,426,0,0
4331,22,2021-01-21,426,426,0,0,426,0,0
4332,22,2021-01-22,693,693,0,0,693,0,0
4333,22,2021-01-23,1097,1097,0,0,1097,0,0
4334,22,2021-01-24,1109,1109,0,0,1109,0,0
4335,22,2021-01-25,1319,1319,0,0,1319,0,0
4336,22,2021-01-26,1328,1328,0,0,1328,0,0
4337,22,2021-01-27,1873,1873,0,0,1873,0,0
4338,22,2021-01-28,1909,1909,0,0,1909,0,0
4339,22,2021-01-29,2394,2394,0,0,2394,0,0
4340,22,2021-01-30,2933,2933,0,0,2933,0,0
4341,22,2021-01-31,2947,2947,0,0,2947,0,0
4342,22,2021-02-01,3321,3321,0,0,3321,0,0
4343,22,2021-02-02,3614,3614,0,0,3614,0,0
4344,22,2021-02-03,4683,4683,0,0,4683,0,0
4345,22,2021-02-04,4882,4882,0,0,4882,0,0
4346,22,2021-02-05,5638,5638,0,0,5638,0,0
4347,22,2021-02-06,6981,6981,0,0,6981,0,0
4348,22,2021-02-07,7085,7085,0,0,7085,0,0
4349,22,2021-02-08,8785,8785,0,0,8785,0,0
4350,22,2021-02-09,9895,9895,0,0,9895,0,0
4351,22,2021-02-10,12509,12509,0,0,12509,0,0
4352,22,2021-02-11,14562,14562,0,0,14562,0,0
4353,22,2021-02-12,17996,17996,0,3,17993,0,0
4354,22,2021-02-13,20866,20811,55,4,20807,0,0
4355,22,2021-02-14,21453,21284,169,4,21280,0,0
4356,22,2021-02-15,24428,24144,284,4,24140,0,0
4357,22,2021-02-16,27506,27091,415,8,27083,0,0
4358,22,2021-02-17,31661,30988,673,9,30979,0,0
4359,22,2021-02-18,34103,33302,801,19,33283,0,0
4360,22,2021-02-19,37210,36102,1108,28,36074,0,0
4361,22,2021-02-20,38877,37523,1354,29,37494,0,0
4362,22,2021-02-21,39179,37813,1366,29,37784,0,0
4363,22,2021-02-22,40640,39019,1621,30,38989,0,0
4364,22,2021-02-23,42108,40431,1677,30,40401,0,0
4365,22,2021-02-24,44538,42609,1929,33,42576,0,0
4366,22,2021-02-25,47096,45109,1987,35,45074,0,0
4367,22,2021-02-26,50565,48312,2253,39,48273,0,0
4368,22,2021-02-27,50565,48312,2253,39,48273,0,0
4369,22,2021-02-28,50565,48312,2253,39,48273,0,0
4370,22,2021-03-01,50565,48312,2253,39,48273,0,0
4371,22,2021-03-02,53731,51010,2721,39,50971,0,0
4372,22,2021-03-03,57367,54240,3127,39,54201,0,0
4373,22,2021-03-04,59952,56584,3368,45,56539,0,0
4374,22,2021-03-05,62866,59034,3832,47,58987,0,0
4375,22,2021-03-06,66418,61879,4539,49,61830,0,0
4376,22,2021-03-07,66485,61932,4553,50,61882,0,0
4377,22,2021-03-08,69656,63908,5748,53,63855,0,0
4378,22,2021-03-09,66537,60426,6111,0,66537,0,0
4379,22,2021-03-10,68967,61597,7370,0,68967,0,0
4380,22,2021-03-11,70643,62455,8188,0,70643,0,0
4381,22,2021-03-12,73372,63713,9659,0,73372,0,0
4382,22,2021-03-13,74264,64162,10102,0,74264,0,0
4383,22,2021-03-14,74287,64185,10102,0,74287,0,0
4384,22,2021-03-15,77264,65326,11938,0,77264,0,0
4385,22,2021-03-16,84604,71446,13158,0,84604,0,0
4386,22,2021-03-17,87642,72675,14967,0,87642,0,0
4387,22,2021-03-18,89359,73312,16047,0,89359,0,0
4388,22,2021-03-19,91987,74154,17833,0,91987,0,0
4389,22,2021-03-20,94867,75140,19727,0,94867,0,0
4390,22,2021-03-21,95182,75302,19880,0,95182,0,0
4391,22,2021-03-22,97948,76185,21763,0,97948,0,0
4392,22,2021-03-23,100723,77298,23425,0,100723,0,0
4393,22,2021-03-24,103524,78329,25195,0,103524,0,0
4394,22,2021-03-25,105588,78954,26634,0,105588,0,0
4395,22,2021-03-26,108414,79939,28475,0,108414,0,0
4396,22,2021-03-27,110588,80812,29776,0,110588,0,0
4397,22,2021-03-28,110709,80836,29873,0,110709,0,0
4398,22,2021-03-29,110710,80834,29876,0,110710,0,0
4399,22,2021-03-30,111499,81234,30265,0,111499,0,0
4400,22,2021-03-31,112388,81536,30852,0,112388,0,0
4401,22,2021-04-01,113879,82143,31736,0,113879,0,0
4402,22,2021-04-02,114328,82302,32026,0,114328,0,0
4403,22,2021-04-03,116963,83195,33768,0,116963,0,0
4404,22,2021-04-04,117983,83536,34447,0,117983,0,0
4405,22,2021-04-05,120166,84193,35973,0,120166,0,0
4406,22,2021-04-06,121511,84616,36895,0,121511,0,0
4407,22,2021-04-07,125009,85872,39137,0,125009,0,0
4408,22,2021-04-08,128096,86907,41189,0,128096,0,0
4409,22,2021-04-09,130943,88290,42653,0,130943,0,0
4410,22,2021-04-10,132200,88814,43386,0,132200,0,0
4411,22,2021-04-11,134396,90439,43957,0,134396,0,0
4412,22,2021-04-12,137680,92519,45161,0,137680,0,0
4413,22,2021-04-13,139965,94163,45802,0,139965,0,0
4414,22,2021-04-14,142872,96373,46499,0,142872,0,0
4415,22,2021-04-15,145449,97755,47694,0,145449,0,0
4416,22,2021-04-16,148586,99881,48705,0,148586,0,0
4417,22,2021-04-17,152126,102116,50010,0,152126,0,0
4418,22,2021-04-18,153104,102983,50121,0,153104,0,0
4419,22,2021-04-19,157712,106513,51199,0,157712,0,0
4420,22,2021-04-20,162104,109878,52226,0,162104,0,0
4421,22,2021-04-21,167519,114345,53174,0,167519,0,0
4422,22,2021-04-22,171740,117450,54290,0,171740,0,0
4423,22,2021-04-23,174249,119440,54809,0,174249,0,0
4424,22,2021-04-24,180200,124435,55765,0,180200,0,0
4425,22,2021-04-25,182546,126565,55981,0,182546,0,0
4426,22,2021-04-26,192152,134935,57217,0,192152,0,0
4427,22,2021-04-27,200674,142612,58062,0,200674,0,0
4428,22,2021-04-28,214148,155151,58997,0,214148,0,0
4429,22,2021-04-29,228164,168095,60069,0,228164,0,0
4430,22,2021-04-30,250108,188954,61154,0,250108,0,0
4431,22,2021-05-01,263966,202264,61702,0,263966,0,0
4432,22,2021-05-02,266791,205037,61754,0,266791,0,0
4433,22,2021-05-03,281500,218548,62952,0,281500,0,0
4434,22,2021-05-04,292122,228369,63753,0,292122,0,0
4435,22,2021-05-05,304470,239758,64712,0,304470,0,0
4436,22,2021-05-06,314431,248868,65563,0,314431,0,0
4437,22,2021-05-07,322790,256439,66351,0,322790,0,0
4438,22,2021-05-08,330507,263612,66895,0,330507,0,0
4439,22,2021-05-09,330717,263801,66916,0,330717,0,0
4440,22,2021-05-10,341766,273723,68043,0,341766,0,0
4441,22,2021-05-11,350180,281137,69043,0,350180,0,0
4442,22,2021-05-12,358501,289255,69246,0,358501,0,0
4443,22,2021-05-13,364547,295024,69523,0,364547,0,0
4444,22,2021-05-14,370000,300409,69591,0,370000,0,0
4445,22,2021-05-15,376997,307272,69725,0,376997,0,0
4446,22,2021-05-16,377312,307585,69727,0,377312,0,0
4447,22,2021-05-17,386041,316243,69798,0,386041,0,0
4448,22,2021-05-18,390976,321100,69876,0,390976,0,0
4449,22,2021-05-19,399475,329532,69943,0,399475,0,0
4450,22,2021-05-20,403292,333308,69984,0,403292,0,0
4451,22,2021-05-21,409970,339942,70028,0,409970,0,0
4452,22,2021-05-22,413778,343712,70066,0,413778,0,0
4453,22,2021-05-23,413789,343723,70066,0,413789,0,0
4454,22,2021-05-24,420969,350862,70107,0,420969,0,0
4455,22,2021-05-25,424213,354051,70162,0,424213,0,0
4456,22,2021-05-26,435973,365796,70177,0,435973,0,0
4457,22,2021-05-27,439064,368847,70217,0,439064,0,0
4458,22,2021-05-28,444143,373870,70273,0,444143,0,0
4459,22,2021-05-29,451025,380689,70336,0,451025,0,0
4460,22,2021-05-30,451219,380882,70337,0,451219,0,0
4461,22,2021-05-31,457938,387493,70445,0,457938,0,0
4462,22,2021-06-01,462332,391812,70520,0,462332,0,0
4463,22,2021-06-02,469900,399272,70628,0,469900,0,0
4464,22,2021-06-03,472549,401838,70711,0,472549,0,0
4465,22,2021-06-04,483199,412409,70790,0,483199,0,0
4466,22,2021-06-05,492404,421488,70916,0,492404,0,0
4467,22,2021-06-06,492511,421595,70916,0,492511,0,0
4468,22,2021-06-07,504594,433599,70995,0,504594,0,0
4469,22,2021-06-08,511639,440535,71104,0,511639,0,0
4470,22,2021-06-09,522579,451370,71209,0,522579,0,0
4471,22,2021-06-10,527496,456202,71294,0,527496,0,0
4472,22,2021-06-11,535179,463768,71411,0,535179,0,0
4473,22,2021-06-12,537537,466105,71432,0,537537,0,0
4474,22,2021-06-13,538075,466634,71441,0,538075,0,0
4475,22,2021-06-14,543694,472128,71566,0,543694,0,0
4476,22,2021-06-15,548282,476657,71625,0,548282,0,0
4477,22,2021-06-16,554243,482536,71707,0,554243,0,0
4478,22,2021-06-17,556448,484633,71815,0,556448,0,0
4479,22,2021-06-18,561047,489047,72000,0,561047,0,0
4480,22,2021-06-19,565195,493052,72143,0,565195,0,0
4481,22,2021-06-20,565710,493565,72145,0,565710,0,0
4482,22,2021-06-21,572397,500102,72295,0,572397,0,0
4483,22,2021-06-22,576461,504048,72413,0,576461,0,0
4484,22,2021-06-23,582812,510253,72559,0,582812,0,0
4485,22,2021-06-24,588117,515401,72716,0,588117,0,0
4486,22,2021-06-25,596468,523660,72808,0,596468,0,0
4487,22,2021-06-26,603780,530732,73048,0,603780,0,0
4488,22,2021-06-27,606673,533606,73067,0,606673,0,0
4489,22,2021-06-28,621399,548026,73373,0,621399,0,0
4490,22,2021-06-29,637207,563425,73782,0,637207,0,0
4491,22,2021-06-30,655247,581109,74138,0,655247,0,0
4492,22,2021-07-01,672166,597706,74460,0,672166,0,0
4493,22,2021-07-02,695544,620451,75093,0,695544,0,0
4494,22,2021-07-03,719567,643877,75690,0,719567,0,0
4495,22,2021-07-04,729209,653287,75922,0,729209,0,0
4496,22,2021-07-05,759423,681970,77453,0,759423,0,0
4497,22,2021-07-06,785691,706878,78813,0,785691,0,0
4498,22,2021-07-07,816460,735358,81102,0,816460,0,0
4499,22,2021-07-08,841124,758837,82287,0,841124,0,0
4500,22,2021-07-09,854304,770529,83775,0,854304,0,0
4501,22,2021-07-10,861136,776522,84614,0,861136,0,0
4502,22,2021-07-11,865889,781122,84767,0,865889,0,0
4503,22,2021-07-12,880377,794059,86318,0,880377,0,0
4504,22,2021-07-13,911582,821525,90057,0,911582,0,0
4505,22,2021-07-14,946944,852445,94499,0,946944,0,0
4506,22,2021-07-15,974479,876836,97643,0,974479,0,0
4507,22,2021-07-16,1001544,901371,100173,0,1001544,0,0
4508,22,2021-07-17,1027069,923052,104017,0,1027069,0,0
4509,22,2021-07-18,1033928,929481,104447,0,1033928,0,0
4510,22,2021-07-19,1057386,946997,110389,0,1057386,0,0
4511,22,2021-07-20,1082124,965549,116575,0,1082124,0,0
4512,22,2021-07-21,1102219,979839,122380,0,1102219,0,0
4513,22,2021-07-22,1126653,995279,131374,0,1126653,0,0
4514,22,2021-07-23,1155874,1010771,145103,0,1155874,0,0
4515,22,2021-07-24,1186488,1029246,157242,0,1186488,0,0
4516,22,2021-07-25,1197316,1038690,158626,0,1197316,0,0
4517,22,2021-07-26,1225903,1055427,170476,0,1225903,0,0
4518,22,2021-07-27,1244397,1066474,177923,0,1244397,0,0
4519,22,2021-07-28,1267268,1079705,187563,0,1267268,0,0
4520,22,2021-07-29,1282382,1088641,193741,0,1282382,0,0
4521,22,2021-07-30,1298378,1097943,200435,0,1298378,0,0
4522,22,2021-07-31,1313711,1108293,205418,0,1313711,0,0
4523,22,2021-08-01,1320730,1114724,206006,0,1320730,0,0
4524,22,2021-08-02,1334510,1122259,212251,0,1334510,0,0
4525,22,2021-08-03,1345271,1128496,216775,0,1345271,0,0
4526,22,2021-08-04,1358157,1135285,222872,0,1358157,0,0
4527,22,2021-08-05,1366240,1139436,226804,0,1366240,0,0
4528,22,2021-08-06,1379355,1146080,233275,0,1379355,0,0
4529,22,2021-08-07,1389342,1150882,238460,0,1389342,0,0
4530,22,2021-08-08,1392572,1153469,239103,0,1392572,0,0
4531,22,2021-08-09,1406118,1159424,246694,0,1406118,0,0
4532,23,2021-01-16,102,102,0,0,102,0,0
4533,23,2021-01-17,102,102,0,0,102,0,0
4534,23,2021-01-18,58,58,0,0,58,0,0
4535,23,2021-01-19,170,170,0,0,170,0,0
4536,23,2021-01-20,189,189,0,0,189,0,0
4537,23,2021-01-21,380,380,0,0,380,0,0
4538,23,2021-01-22,525,525,0,0,525,0,0
4539,23,2021-01-23,709,709,0,0,709,0,0
4540,23,2021-01-24,713,713,0,0,713,0,0
4541,23,2021-01-25,1249,1249,0,0,1249,0,0
4542,23,2021-01-26,1256,1256,0,0,1256,0,0
4543,23,2021-01-27,1964,1964,0,0,1964,0,0
4544,23,2021-01-28,2609,2609,0,0,2609,0,0
4545,23,2021-01-29,2925,2925,0,0,2925,0,0
4546,23,2021-01-30,3070,3070,0,0,3070,0,0
4547,23,2021-01-31,3076,3076,0,0,3076,0,0
4548,23,2021-02-01,3317,3317,0,0,3317,0,0
4549,23,2021-02-02,3451,3451,0,0,3451,0,0
4550,23,2021-02-03,3565,3565,0,0,3565,0,0
4551,23,2021-02-04,4216,4216,0,0,4216,0,0
4552,23,2021-02-05,4933,4933,0,0,4933,0,0
4553,23,2021-02-06,5585,5585,0,0,5585,0,0
4554,23,2021-02-07,5585,5585,0,0,5585,0,0
4555,23,2021-02-08,6394,6394,0,0,6394,0,0
4556,23,2021-02-09,7806,7806,0,0,7806,0,0
4557,23,2021-02-10,8557,8557,0,0,8557,0,0
4558,23,2021-02-11,10420,10420,0,0,10420,0,0
4559,23,2021-02-12,11614,11614,0,3,11611,0,0
4560,23,2021-02-13,12996,12905,91,3,12902,0,0
4561,23,2021-02-14,12997,12906,91,4,12902,0,0
4562,23,2021-02-15,15270,15019,251,5,15014,0,0
4563,23,2021-02-16,17969,17479,490,5,17474,0,0
4564,23,2021-02-17,21964,21153,811,5,21148,0,0
4565,23,2021-02-18,25231,23995,1236,6,23989,0,0
4566,23,2021-02-19,29028,27429,1599,9,27420,0,0
4567,23,2021-02-20,31111,29428,1683,49,29379,0,0
4568,23,2021-02-21,31142,29459,1683,49,29410,0,0
4569,23,2021-02-22,34056,31976,2080,101,31875,0,0
4570,23,2021-02-23,37186,34889,2297,117,34772,0,0
4571,23,2021-02-24,39128,36656,2472,131,36525,0,0
4572,23,2021-02-25,41799,38638,3161,146,38492,0,0
4573,23,2021-02-26,43820,40214,3606,147,40067,0,0
4574,23,2021-02-27,43820,40214,3606,147,40067,0,0
4575,23,2021-02-28,43820,40214,3606,147,40067,0,0
4576,23,2021-03-01,43820,40214,3606,147,40067,0,0
4577,23,2021-03-02,46335,42313,4022,147,42166,0,0
4578,23,2021-03-03,48103,43856,4247,147,43709,0,0
4579,23,2021-03-04,49906,45315,4591,147,45168,0,0
4580,23,2021-03-05,51694,46494,5200,149,46345,0,0
4581,23,2021-03-06,52850,47342,5508,153,47189,0,0
4582,23,2021-03-07,52918,47343,5575,153,47190,0,0
4583,23,2021-03-08,55701,49452,6249,158,49294,0,0
4584,23,2021-03-09,52598,45459,7139,0,52595,0,0
4585,23,2021-03-10,55012,47038,7974,0,55009,0,0
4586,23,2021-03-11,58246,49110,9136,0,58243,0,0
4587,23,2021-03-12,60371,50237,10134,0,60368,0,0
4588,23,2021-03-13,61887,50933,10954,0,61884,0,0
4589,23,2021-03-14,61893,50935,10958,0,61890,0,0
4590,23,2021-03-15,64637,52440,12197,0,64634,0,0
4591,23,2021-03-16,75591,61441,14150,0,75591,0,0
4592,23,2021-03-17,79544,63623,15921,0,79544,0,0
4593,23,2021-03-18,83678,65544,18134,0,83678,0,0
4594,23,2021-03-19,87664,67370,20294,0,87664,0,0
4595,23,2021-03-20,89583,68157,21426,0,89583,0,0
4596,23,2021-03-21,89631,68189,21442,0,89631,0,0
4597,23,2021-03-22,93369,69870,23499,0,93369,0,0
4598,23,2021-03-23,97710,71810,25900,0,97710,0,0
4599,23,2021-03-24,100271,73095,27176,0,100271,0,0
4600,23,2021-03-25,104331,75260,29071,0,104331,0,0
4601,23,2021-03-26,106715,76757,29958,0,106715,0,0
4602,23,2021-03-27,107235,77163,30072,0,107235,0,0
4603,23,2021-03-28,107245,77173,30072,0,107245,0,0
4604,23,2021-03-29,108601,78278,30323,0,108601,0,0
4605,23,2021-03-30,110987,79778,31209,0,110987,0,0
4606,23,2021-03-31,112575,80790,31785,0,112575,0,0
4607,23,2021-04-01,116161,83658,32503,0,116161,0,0
4608,23,2021-04-02,116994,84328,32666,0,116994,0,0
4609,23,2021-04-03,118120,85243,32877,0,118120,0,0
4610,23,2021-04-04,118451,85528,32923,0,118451,0,0
4611,23,2021-04-05,120925,87294,33631,0,120925,0,0
4612,23,2021-04-06,122904,88683,34221,0,122904,0,0
4613,23,2021-04-07,129112,93455,35657,0,129112,0,0
4614,23,2021-04-08,135189,98204,36985,0,135189,0,0
4615,23,2021-04-09,139127,101170,37957,0,139127,0,0
4616,23,2021-04-10,141326,103084,38242,0,141326,0,0
4617,23,2021-04-11,142445,104057,38388,0,142445,0,0
4618,23,2021-04-12,146598,107560,39038,0,146598,0,0
4619,23,2021-04-13,152825,112619,40206,0,152825,0,0
4620,23,2021-04-14,157493,116428,41065,0,157493,0,0
4621,23,2021-04-15,163242,120703,42539,0,163242,0,0
4622,23,2021-04-16,167533,124078,43455,0,167533,0,0
4623,23,2021-04-17,169475,125525,43950,0,169475,0,0
4624,23,2021-04-18,169578,125611,43967,0,169578,0,0
4625,23,2021-04-19,174722,129164,45558,0,174722,0,0
4626,23,2021-04-20,180648,133716,46932,0,180648,0,0
4627,23,2021-04-21,185229,137342,47887,0,185229,0,0
4628,23,2021-04-22,194508,144721,49787,0,194508,0,0
4629,23,2021-04-23,203223,151994,51229,0,203223,0,0
4630,23,2021-04-24,209522,157665,51857,0,209522,0,0
4631,23,2021-04-25,210172,158278,51894,0,210172,0,0
4632,23,2021-04-26,225338,171659,53679,0,225338,0,0
4633,23,2021-04-27,242572,187409,55163,0,242572,0,0
4634,23,2021-04-28,258617,201997,56620,0,258617,0,0
4635,23,2021-04-29,275009,216622,58387,0,275009,0,0
4636,23,2021-04-30,290380,230464,59916,0,290380,0,0
4637,23,2021-05-01,298016,237480,60536,0,298016,0,0
4638,23,2021-05-02,298411,237840,60571,0,298411,0,0
4639,23,2021-05-03,307452,245544,61908,0,307452,0,0
4640,23,2021-05-04,314897,251797,63100,0,314897,0,0
4641,23,2021-05-05,321391,257079,64312,0,321391,0,0
4642,23,2021-05-06,330208,264289,65919,0,330208,0,0
4643,23,2021-05-07,338720,271522,67198,0,338720,0,0
4644,23,2021-05-08,343288,275381,67907,0,343288,0,0
4645,23,2021-05-09,343383,275458,67925,0,343383,0,0
4646,23,2021-05-10,354169,284513,69656,0,354169,0,0
4647,23,2021-05-11,366010,294637,71373,0,366010,0,0
4648,23,2021-05-12,376361,304094,72267,0,376361,0,0
4649,23,2021-05-13,386756,313442,73314,0,386756,0,0
4650,23,2021-05-14,395450,321576,73874,0,395450,0,0
4651,23,2021-05-15,400823,326762,74061,0,400823,0,0
4652,23,2021-05-16,403743,329682,74061,0,403743,0,0
4653,23,2021-05-17,410381,336289,74092,0,410381,0,0
4654,23,2021-05-18,415533,341428,74105,0,415533,0,0
4655,23,2021-05-19,419281,345160,74121,0,419281,0,0
4656,23,2021-05-20,424013,349885,74128,0,424013,0,0
4657,23,2021-05-21,429752,355602,74150,0,429752,0,0
4658,23,2021-05-22,434370,360217,74153,0,434370,0,0
4659,23,2021-05-23,435576,361423,74153,0,435576,0,0
4660,23,2021-05-24,440675,366496,74179,0,440675,0,0
4661,23,2021-05-25,446276,372070,74206,0,446276,0,0
4662,23,2021-05-26,449713,375503,74210,0,449713,0,0
4663,23,2021-05-27,455066,380830,74236,0,455066,0,0
4664,23,2021-05-28,459868,385587,74281,0,459868,0,0
4665,23,2021-05-29,463649,389328,74321,0,463649,0,0
4666,23,2021-05-30,464224,389900,74324,0,464224,0,0
4667,23,2021-05-31,465690,391350,74340,0,465690,0,0
4668,23,2021-06-01,467917,393547,74370,0,467917,0,0
4669,23,2021-06-02,469583,395183,74400,0,469583,0,0
4670,23,2021-06-03,471884,397450,74434,0,471884,0,0
4671,23,2021-06-04,474607,400152,74455,0,474607,0,0
4672,23,2021-06-05,476743,402281,74462,0,476743,0,0
4673,23,2021-06-06,476750,402288,74462,0,476750,0,0
4674,23,2021-06-07,478264,403761,74503,0,478264,0,0
4675,23,2021-06-08,479293,404762,74531,0,479293,0,0
4676,23,2021-06-09,480229,405629,74600,0,480229,0,0
4677,23,2021-06-10,482623,407975,74648,0,482623,0,0
4678,23,2021-06-11,492296,417634,74662,0,492296,0,0
4679,23,2021-06-12,501614,426926,74688,0,501614,0,0
4680,23,2021-06-13,503182,428483,74699,0,503182,0,0
4681,23,2021-06-14,516828,442099,74729,0,516828,0,0
4682,23,2021-06-15,530738,455958,74780,0,530738,0,0
4683,23,2021-06-16,544781,469951,74830,0,544781,0,0
4684,23,2021-06-17,562928,487996,74932,0,562928,0,0
4685,23,2021-06-18,578098,503100,74998,0,578098,0,0
4686,23,2021-06-19,589906,514835,75071,0,589906,0,0
4687,23,2021-06-20,590972,515897,75075,0,590972,0,0
4688,23,2021-06-21,604195,528959,75236,0,604195,0,0
4689,23,2021-06-22,617157,541746,75411,0,617157,0,0
4690,23,2021-06-23,629639,554067,75572,0,629639,0,0
4691,23,2021-06-24,641778,565784,75994,0,641778,0,0
4692,23,2021-06-25,655138,578927,76211,0,655138,0,0
4693,23,2021-06-26,663542,587037,76505,0,663542,0,0
4694,23,2021-06-27,664291,587769,76522,0,664291,0,0
4695,23,2021-06-28,678691,601229,77462,0,678691,0,0
4696,23,2021-06-29,690638,612010,78628,0,690638,0,0
4697,23,2021-06-30,699213,619732,79481,0,699213,0,0
4698,23,2021-07-01,712223,631279,80944,0,712223,0,0
4699,23,2021-07-02,724020,641366,82654,0,724020,0,0
4700,23,2021-07-03,733404,649906,83498,0,733404,0,0
4701,23,2021-07-04,734356,650477,83879,0,734356,0,0
4702,23,2021-07-05,747397,661498,85899,0,747397,0,0
4703,23,2021-07-06,763595,674827,88768,0,763595,0,0
4704,23,2021-07-07,775205,684309,90896,0,775205,0,0
4705,23,2021-07-08,789963,696143,93820,0,789963,0,0
4706,23,2021-07-09,801829,705803,96026,0,801829,0,0
4707,23,2021-07-10,809993,712488,97505,0,809993,0,0
4708,23,2021-07-11,810573,712955,97618,0,810573,0,0
4709,23,2021-07-12,824300,723817,100483,0,824300,0,0
4710,23,2021-07-13,839967,736070,103897,0,839967,0,0
4711,23,2021-07-14,853459,746519,106940,0,853459,0,0
4712,23,2021-07-15,870101,758555,111546,0,870101,0,0
4713,23,2021-07-16,886290,769669,116621,0,886290,0,0
4714,23,2021-07-17,897149,777402,119747,0,897149,0,0
4715,23,2021-07-18,897621,777736,119885,0,897621,0,0
4716,23,2021-07-19,914978,788233,126745,0,914978,0,0
4717,23,2021-07-20,933601,799336,134265,0,933601,0,0
4718,23,2021-07-21,948045,807162,140883,0,948045,0,0
4719,23,2021-07-22,967622,817913,149709,0,967622,0,0
4720,23,2021-07-23,987072,828240,158832,0,987072,0,0
4721,23,2021-07-24,1000322,836068,164254,0,1000322,0,0
4722,23,2021-07-25,1000685,836298,164387,0,1000685,0,0
4723,23,2021-07-26,1018011,846481,171530,0,1018011,0,0
4724,23,2021-07-27,1034494,856343,178151,0,1034494,0,0
4725,23,2021-07-28,1047742,864207,183535,0,1047742,0,0
4726,23,2021-07-29,1063158,873724,189434,0,1063158,0,0
4727,23,2021-07-30,1076028,880967,195061,0,1076028,0,0
4728,23,2021-07-31,1086700,888284,198416,0,1086700,0,0
4729,23,2021-08-01,1089428,890971,198457,0,1089428,0,0
4730,23,2021-08-02,1101175,898411,202764,0,1101175,0,0
4731,23,2021-08-03,1113362,906092,207270,0,1113362,0,0
4732,23,2021-08-04,1123660,912022,211638,0,1123660,0,0
4733,23,2021-08-05,1136576,919824,216752,0,1136576,0,0
4734,23,2021-08-06,1149127,927347,221780,0,1149127,0,0
4735,23,2021-08-07,1158718,932413,226305,0,1158718,0,0
4736,23,2021-08-08,1159425,932764,226661,0,1159425,0,0
4737,23,2021-08-09,1170554,938572,231982,0,1170554,0,0
4738,24,2021-01-16,105,105,0,0,105,0,0
4739,24,2021-01-17,105,105,0,0,105,0,0
4740,24,2021-01-18,98,98,0,0,98,0,0
4741,24,2021-01-19,259,259,0,0,259,0,0
4742,24,2021-01-20,291,291,0,0,291,0,0
4743,24,2021-01-21,632,632,0,0,632,0,0
4744,24,2021-01-22,1494,1494,0,0,1494,0,0
4745,24,2021-01-23,1870,1870,0,0,1870,0,0
4746,24,2021-01-24,1945,1945,0,0,1945,0,0
4747,24,2021-01-25,3087,3087,0,0,3087,0,0
4748,24,2021-01-26,3115,3115,0,0,3115,0,0
4749,24,2021-01-27,4782,4782,0,0,4782,0,0
4750,24,2021-01-28,5391,5391,0,0,5391,0,0
4751,24,2021-01-29,7065,7065,0,0,7065,0,0
4752,24,2021-01-30,7977,7977,0,0,7977,0,0
4753,24,2021-01-31,7977,7977,0,0,7977,0,0
4754,24,2021-02-01,8462,8462,0,0,8462,0,0
4755,24,2021-02-02,8462,8462,0,0,8462,0,0
4756,24,2021-02-03,8525,8525,0,0,8525,0,0
4757,24,2021-02-04,8583,8583,0,0,8583,0,0
4758,24,2021-02-05,9110,9110,0,0,9110,0,0
4759,24,2021-02-06,9470,9470,0,1,9469,0,0
4760,24,2021-02-07,9476,9476,0,1,9475,0,0
4761,24,2021-02-08,9492,9492,0,1,9491,0,0
4762,24,2021-02-09,9603,9603,0,1,9602,0,0
4763,24,2021-02-10,9642,9642,0,1,9641,0,0
4764,24,2021-02-11,9642,9642,0,1,9641,0,0
4765,24,2021-02-12,9941,9941,0,1,9940,0,0
4766,24,2021-02-13,10254,10179,75,1,10178,0,0
4767,24,2021-02-14,10440,10365,75,1,10364,0,0
4768,24,2021-02-15,11394,11167,227,2,11165,0,0
4769,24,2021-02-16,11402,11175,227,2,11173,0,0
4770,24,2021-02-17,12755,12174,581,2,12172,0,0
4771,24,2021-02-18,14305,12914,1391,4,12910,0,0
4772,24,2021-02-19,16672,14481,2191,4,14477,0,0
4773,24,2021-02-20,16918,14684,2234,4,14680,0,0
4774,24,2021-02-21,16918,14684,2234,4,14680,0,0
4775,24,2021-02-22,18808,15775,3033,4,15771,0,0
4776,24,2021-02-23,20689,17217,3472,4,17213,0,0
4777,24,2021-02-24,23483,19505,3978,4,19501,0,0
4778,24,2021-02-25,25618,20768,4850,6,20762,0,0
4779,24,2021-02-26,27554,21922,5632,6,21916,0,0
4780,24,2021-02-27,27554,21922,5632,6,21916,0,0
4781,24,2021-02-28,27558,21926,5632,6,21920,0,0
4782,24,2021-03-01,27558,21926,5632,6,21920,0,0
4783,24,2021-03-02,33404,25609,7795,6,25603,0,0
4784,24,2021-03-03,37776,28887,8889,6,28881,0,0
4785,24,2021-03-04,40949,31897,9052,9,31888,0,0
4786,24,2021-03-05,41973,32860,9113,10,32850,0,0
4787,24,2021-03-06,43202,34027,9175,10,34017,0,0
4788,24,2021-03-07,43295,34115,9180,10,34105,0,0
4789,24,2021-03-08,44969,35707,9262,13,35694,0,0
4790,24,2021-03-09,38483,29116,9367,0,38482,0,0
4791,24,2021-03-10,42391,32615,9776,0,42390,0,0
4792,24,2021-03-11,44393,34423,9970,0,44392,0,0
4793,24,2021-03-12,45638,35607,10031,0,45637,0,0
4794,24,2021-03-13,46187,36085,10102,0,46186,0,0
4795,24,2021-03-14,46297,36127,10170,0,46296,0,0
4796,24,2021-03-15,48167,37646,10521,0,48166,0,0
4797,24,2021-03-16,60487,49846,10641,0,60487,0,0
4798,24,2021-03-17,61546,50734,10812,0,61546,0,0
4799,24,2021-03-18,62606,51317,11289,0,62606,0,0
4800,24,2021-03-19,63610,51766,11844,0,63610,0,0
4801,24,2021-03-20,64315,52285,12030,0,64315,0,0
4802,24,2021-03-21,64323,52290,12033,0,64323,0,0
4803,24,2021-03-22,65068,52737,12331,0,65068,0,0
4804,24,2021-03-23,65994,53292,12702,0,65994,0,0
4805,24,2021-03-24,66383,53576,12807,0,66383,0,0
4806,24,2021-03-25,67197,54238,12959,0,67197,0,0
4807,24,2021-03-26,68394,55046,13348,0,68394,0,0
4808,24,2021-03-27,68478,55117,13361,0,68478,0,0
4809,24,2021-03-28,68478,55117,13361,0,68478,0,0
4810,24,2021-03-29,68563,55127,13436,0,68563,0,0
4811,24,2021-03-30,69079,55372,13707,0,69079,0,0
4812,24,2021-03-31,69467,55525,13942,0,69467,0,0
4813,24,2021-04-01,70821,56300,14521,0,70821,0,0
4814,24,2021-04-02,71071,56479,14592,0,71071,0,0
4815,24,2021-04-03,71115,56509,14606,0,71115,0,0
4816,24,2021-04-04,71104,56489,14615,0,71104,0,0
4817,24,2021-04-05,72921,57385,15536,0,72921,0,0
4818,24,2021-04-06,74692,58483,16209,0,74692,0,0
4819,24,2021-04-07,81395,63319,18076,0,81395,0,0
4820,24,2021-04-08,86987,67481,19506,0,86987,0,0
4821,24,2021-04-09,92638,71502,21136,0,92638,0,0
4822,24,2021-04-10,95185,73602,21583,0,95185,0,0
4823,24,2021-04-11,95806,73831,21975,0,95806,0,0
4824,24,2021-04-12,104685,80821,23864,0,104685,0,0
4825,24,2021-04-13,112978,87233,25745,0,112978,0,0
4826,24,2021-04-14,123061,94676,28385,0,123061,0,0
4827,24,2021-04-15,135355,105054,30301,0,135355,0,0
4828,24,2021-04-16,148073,117031,31042,0,148073,0,0
4829,24,2021-04-17,153856,122168,31688,0,153856,0,0
4830,24,2021-04-18,154183,122419,31764,0,154183,0,0
4831,24,2021-04-19,164801,131756,33045,0,164801,0,0
4832,24,2021-04-20,174363,139758,34605,0,174363,0,0
4833,24,2021-04-21,180790,144492,36298,0,180790,0,0
4834,24,2021-04-22,194062,156035,38027,0,194062,0,0
4835,24,2021-04-23,206177,166665,39512,0,206177,0,0
4836,24,2021-04-24,211110,170765,40345,0,211110,0,0
4837,24,2021-04-25,211220,170856,40364,0,211220,0,0
4838,24,2021-04-26,223397,181115,42282,0,223397,0,0
4839,24,2021-04-27,235041,191344,43697,0,235041,0,0
4840,24,2021-04-28,243364,199452,43912,0,243364,0,0
4841,24,2021-04-29,250446,206116,44330,0,250446,0,0
4842,24,2021-04-30,256067,211334,44733,0,256067,0,0
4843,24,2021-05-01,258683,213866,44817,0,258683,0,0
4844,24,2021-05-02,258830,213944,44886,0,258830,0,0
4845,24,2021-05-03,263667,218549,45118,0,263667,0,0
4846,24,2021-05-04,267561,221866,45695,0,267561,0,0
4847,24,2021-05-05,271141,225232,45909,0,271141,0,0
4848,24,2021-05-06,275391,229045,46346,0,275391,0,0
4849,24,2021-05-07,277545,230710,46835,0,277545,0,0
4850,24,2021-05-08,278197,231165,47032,0,278197,0,0
4851,24,2021-05-09,278252,231200,47052,0,278252,0,0
4852,24,2021-05-10,281704,232953,48751,0,281704,0,0
4853,24,2021-05-11,284591,234267,50324,0,284591,0,0
4854,24,2021-05-12,286159,235691,50468,0,286159,0,0
4855,24,2021-05-13,288186,237420,50766,0,288186,0,0
4856,24,2021-05-14,288999,238093,50906,0,288999,0,0
4857,24,2021-05-15,289770,238803,50967,0,289770,0,0
4858,24,2021-05-16,289783,238816,50967,0,289783,0,0
4859,24,2021-05-17,291676,240707,50969,0,291676,0,0
4860,24,2021-05-18,294300,243325,50975,0,294300,0,0
4861,24,2021-05-19,297576,246598,50978,0,297576,0,0
4862,24,2021-05-20,301229,250250,50979,0,301229,0,0
4863,24,2021-05-21,303181,252198,50983,0,303181,0,0
4864,24,2021-05-22,303182,252199,50983,0,303182,0,0
4865,24,2021-05-23,303182,252199,50983,0,303182,0,0
4866,24,2021-05-24,304934,253888,51046,0,304934,0,0
4867,24,2021-05-25,306513,255454,51059,0,306513,0,0
4868,24,2021-05-26,307168,256107,51061,0,307168,0,0
4869,24,2021-05-27,308603,257532,51071,0,308603,0,0
4870,24,2021-05-28,311403,260318,51085,0,311403,0,0
4871,24,2021-05-29,313383,262296,51087,0,313383,0,0
4872,24,2021-05-30,313453,262366,51087,0,313453,0,0
4873,24,2021-05-31,315245,264128,51117,0,315245,0,0
4874,24,2021-06-01,316266,265122,51144,0,316266,0,0
4875,24,2021-06-02,316742,265590,51152,0,316742,0,0
4876,24,2021-06-03,318199,267028,51171,0,318199,0,0
4877,24,2021-06-04,322297,271082,51215,0,322297,0,0
4878,24,2021-06-05,323535,272320,51215,0,323535,0,0
4879,24,2021-06-06,323536,272321,51215,0,323536,0,0
4880,24,2021-06-07,327729,276319,51410,0,327729,0,0
4881,24,2021-06-08,331535,279959,51576,0,331535,0,0
4882,24,2021-06-09,335091,283221,51870,0,335091,0,0
4883,24,2021-06-10,339631,287744,51887,0,339631,0,0
4884,24,2021-06-11,342961,290926,52035,0,342961,0,0
4885,24,2021-06-12,344187,291868,52319,0,344187,0,0
4886,24,2021-06-13,344187,291868,52319,0,344187,0,0
4887,24,2021-06-14,357314,304964,52350,0,357314,0,0
4888,24,2021-06-15,373131,320738,52393,0,373131,0,0
4889,24,2021-06-16,393779,341373,52406,0,393779,0,0
4890,24,2021-06-17,410513,357878,52635,0,410513,0,0
4891,24,2021-06-18,421435,368782,52653,0,421435,0,0
4892,24,2021-06-19,428686,376032,52654,0,428686,0,0
4893,24,2021-06-20,428686,376032,52654,0,428686,0,0
4894,24,2021-06-21,445820,393007,52813,0,445820,0,0
4895,24,2021-06-22,473304,420432,52872,0,473304,0,0
4896,24,2021-06-23,496292,443264,53028,0,496292,0,0
4897,24,2021-06-24,518600,465500,53100,0,518600,0,0
4898,24,2021-06-25,540516,487321,53195,0,540516,0,0
4899,24,2021-06-26,550381,497141,53240,0,550381,0,0
4900,24,2021-06-27,550596,497356,53240,0,550596,0,0
4901,24,2021-06-28,559934,506474,53460,0,559934,0,0
4902,24,2021-06-29,568598,514605,53993,0,568598,0,0
4903,24,2021-06-30,573048,518679,54369,0,573048,0,0
4904,24,2021-07-01,580553,524954,55599,0,580553,0,0
4905,24,2021-07-02,592671,534949,57722,0,592671,0,0
4906,24,2021-07-03,600166,540493,59673,0,600166,0,0
4907,24,2021-07-04,600379,540706,59673,0,600379,0,0
4908,24,2021-07-05,611825,548862,62963,0,611825,0,0
4909,24,2021-07-06,620536,554889,65647,0,620536,0,0
4910,24,2021-07-07,632113,562364,69749,0,632113,0,0
4911,24,2021-07-08,649616,572405,77211,0,649616,0,0
4912,24,2021-07-09,667224,580502,86722,0,667224,0,0
4913,24,2021-07-10,671369,583307,88062,0,671369,0,0
4914,24,2021-07-11,671701,583639,88062,0,671701,0,0
4915,24,2021-07-12,685007,588460,96547,0,685007,0,0
4916,24,2021-07-13,695980,592691,103289,0,695980,0,0
4917,24,2021-07-14,709269,600309,108960,0,709269,0,0
4918,24,2021-07-15,721084,604815,116269,0,721084,0,0
4919,24,2021-07-16,733598,608456,125142,0,733598,0,0
4920,24,2021-07-17,736794,609286,127508,0,736794,0,0
4921,24,2021-07-18,736894,609380,127514,0,736894,0,0
4922,24,2021-07-19,752265,614347,137918,0,752265,0,0
4923,24,2021-07-20,768748,619529,149219,0,768748,0,0
4924,24,2021-07-21,773865,621289,152576,0,773865,0,0
4925,24,2021-07-22,786131,624169,161962,0,786131,0,0
4926,24,2021-07-23,796808,626366,170442,0,796808,0,0
4927,24,2021-07-24,798104,626561,171543,0,798104,0,0
4928,24,2021-07-25,798300,626660,171640,0,798300,0,0
4929,24,2021-07-26,803772,628506,175266,0,803772,0,0
4930,24,2021-07-27,813058,630725,182333,0,813058,0,0
4931,24,2021-07-28,821586,633507,188079,0,821586,0,0
4932,24,2021-07-29,827813,636054,191759,0,827813,0,0
4933,24,2021-07-30,833577,638077,195500,0,833577,0,0
4934,24,2021-07-31,835998,639048,196950,0,835998,0,0
4935,24,2021-08-01,840956,643917,197039,0,840956,0,0
4936,24,2021-08-02,843115,644954,198161,0,843115,0,0
4937,24,2021-08-03,844752,645826,198926,0,844752,0,0
4938,24,2021-08-04,847086,647051,200035,0,847086,0,0
4939,24,2021-08-05,850582,648848,201734,0,850582,0,0
4940,24,2021-08-06,855474,651428,204046,0,855474,0,0
4941,24,2021-08-07,858266,653314,204952,0,858266,0,0
4942,24,2021-08-08,858368,653396,204972,0,858368,0,0
4943,24,2021-08-09,861719,654946,206773,0,861719,0,0
4944,25,2021-01-16,94,94,0,0,94,0,0
4945,25,2021-01-17,94,94,0,0,94,0,0
4946,25,2021-01-18,315,315,0,0,315,0,0
4947,25,2021-01-19,649,649,0,0,649,0,0
4948,25,2021-01-20,1070,1070,0,0,1070,0,0
4949,25,2021-01-21,1267,1267,0,0,1267,0,0
4950,25,2021-01-22,1563,1563,0,0,1563,0,0
4951,25,2021-01-23,1574,1574,0,0,1574,0,0
4952,25,2021-01-24,1583,1583,0,0,1583,0,0
4953,25,2021-01-25,2447,2447,0,0,2447,0,0
4954,25,2021-01-26,2491,2491,0,0,2491,0,0
4955,25,2021-01-27,3371,3371,0,0,3371,0,0
4956,25,2021-01-28,3485,3485,0,0,3485,0,0
4957,25,2021-01-29,3509,3509,0,0,3509,0,0
4958,25,2021-01-30,3529,3529,0,0,3529,0,0
4959,25,2021-01-31,3530,3530,0,0,3530,0,0
4960,25,2021-02-01,3535,3535,0,0,3535,0,0
4961,25,2021-02-02,3630,3630,0,0,3630,0,0
4962,25,2021-02-03,3781,3781,0,0,3781,0,0
4963,25,2021-02-04,3958,3958,0,0,3958,0,0
4964,25,2021-02-05,4068,4068,0,0,4068,0,0
4965,25,2021-02-06,4092,4092,0,0,4092,0,0
4966,25,2021-02-07,4093,4093,0,0,4093,0,0
4967,25,2021-02-08,4502,4502,0,0,4502,0,0
4968,25,2021-02-09,5380,5380,0,0,5380,0,0
4969,25,2021-02-10,6606,6606,0,0,6606,0,0
4970,25,2021-02-11,7779,7779,0,0,7779,0,0
4971,25,2021-02-12,8510,8510,0,0,8510,0,0
4972,25,2021-02-13,9041,9041,0,0,9041,0,0
4973,25,2021-02-14,9298,9175,123,0,9175,0,0
4974,25,2021-02-15,11374,11064,310,2,11062,0,0
4975,25,2021-02-16,13855,12836,1019,2,12834,0,0
4976,25,2021-02-17,15897,14478,1419,2,14476,0,0
4977,25,2021-02-18,18021,15776,2245,2,15774,0,0
4978,25,2021-02-19,21930,18981,2949,4,18977,0,0
4979,25,2021-02-20,23239,19801,3438,4,19797,0,0
4980,25,2021-02-21,23333,19895,3438,4,19891,0,0
4981,25,2021-02-22,25515,21597,3918,87,21510,0,0
4982,25,2021-02-23,27485,23165,4320,134,23031,0,0
4983,25,2021-02-24,29733,25078,4655,154,24924,0,0
4984,25,2021-02-25,31357,26425,4932,174,26251,0,0
4985,25,2021-02-26,32408,27408,5000,229,27179,0,0
4986,25,2021-02-27,32408,27408,5000,229,27179,0,0
4987,25,2021-02-28,32408,27408,5000,229,27179,0,0
4988,25,2021-03-01,32408,27408,5000,229,27179,0,0
4989,25,2021-03-02,33666,28489,5177,259,28230,0,0
4990,25,2021-03-03,35478,30205,5273,295,29910,0,0
4991,25,2021-03-04,36435,31007,5428,312,30695,0,0
4992,25,2021-03-05,36838,31300,5538,334,30966,0,0
4993,25,2021-03-06,37449,31900,5549,350,31550,0,0
4994,25,2021-03-07,37534,31985,5549,350,31635,0,0
4995,25,2021-03-08,39702,33821,5881,351,33470,0,0
4996,25,2021-03-09,35039,28813,6226,0,35038,0,0
4997,25,2021-03-10,37358,30332,7026,0,37357,0,0
4998,25,2021-03-11,40079,31853,8226,0,40078,0,0
4999,25,2021-03-12,40999,32272,8727,0,40998,0,0
5000,25,2021-03-13,41434,32391,9043,0,41433,0,0
5001,25,2021-03-14,41574,32404,9170,0,41573,0,0
5002,25,2021-03-15,44529,33926,10603,0,44528,0,0
5003,25,2021-03-16,53973,42008,11965,0,53973,0,0
5004,25,2021-03-17,56257,43476,12781,0,56257,0,0
5005,25,2021-03-18,58558,44648,13910,0,58558,0,0
5006,25,2021-03-19,60026,45526,14500,0,60026,0,0
5007,25,2021-03-20,60616,45805,14811,0,60616,0,0
5008,25,2021-03-21,60847,45993,14854,0,60847,0,0
5009,25,2021-03-22,65231,48252,16979,0,65231,0,0
5010,25,2021-03-23,68921,50722,18199,0,68921,0,0
5011,25,2021-03-24,71113,51977,19136,0,71113,0,0
5012,25,2021-03-25,73282,53328,19954,0,73282,0,0
5013,25,2021-03-26,73861,53766,20095,0,73861,0,0
5014,25,2021-03-27,74090,53903,20187,0,74090,0,0
5015,25,2021-03-28,74120,53931,20189,0,74120,0,0
5016,25,2021-03-29,74228,54037,20191,0,74228,0,0
5017,25,2021-03-30,77812,56501,21311,0,77812,0,0
5018,25,2021-03-31,79927,58021,21906,0,79927,0,0
5019,25,2021-04-01,81935,59588,22347,0,81935,0,0
5020,25,2021-04-02,82335,59916,22419,0,82335,0,0
5021,25,2021-04-03,82476,59973,22503,0,82476,0,0
5022,25,2021-04-04,82573,60027,22546,0,82573,0,0
5023,25,2021-04-05,85256,61890,23366,0,85256,0,0
5024,25,2021-04-06,87452,63628,23824,0,87452,0,0
5025,25,2021-04-07,93357,68608,24749,0,93357,0,0
5026,25,2021-04-08,97862,72338,25524,0,97862,0,0
5027,25,2021-04-09,100533,74498,26035,0,100533,0,0
5028,25,2021-04-10,101480,75334,26146,0,101480,0,0
5029,25,2021-04-11,105837,79469,26368,0,105837,0,0
5030,25,2021-04-12,113933,86333,27600,0,113933,0,0
5031,25,2021-04-13,120848,92497,28351,0,120848,0,0
5032,25,2021-04-14,128130,98957,29173,0,128130,0,0
5033,25,2021-04-15,133050,102973,30077,0,133050,0,0
5034,25,2021-04-16,137621,107176,30445,0,137621,0,0
5035,25,2021-04-17,139052,108525,30527,0,139052,0,0
5036,25,2021-04-18,140107,109571,30536,0,140107,0,0
5037,25,2021-04-19,148682,117085,31597,0,148682,0,0
5038,25,2021-04-20,155195,122616,32579,0,155195,0,0
5039,25,2021-04-21,162415,128948,33467,0,162415,0,0
5040,25,2021-04-22,169219,134903,34316,0,169219,0,0
5041,25,2021-04-23,171602,136694,34908,0,171602,0,0
5042,25,2021-04-24,172279,137232,35047,0,172279,0,0
5043,25,2021-04-25,172649,137582,35067,0,172649,0,0
5044,25,2021-04-26,178198,141446,36752,0,178198,0,0
5045,25,2021-04-27,183201,145555,37646,0,183201,0,0
5046,25,2021-04-28,189590,150753,38837,0,189590,0,0
5047,25,2021-04-29,195428,155613,39815,0,195428,0,0
5048,25,2021-04-30,198817,158602,40215,0,198817,0,0
5049,25,2021-05-01,199845,159555,40290,0,199845,0,0
5050,25,2021-05-02,200279,159934,40345,0,200279,0,0
5051,25,2021-05-03,205316,163607,41709,0,205316,0,0
5052,25,2021-05-04,209918,166102,43816,0,209918,0,0
5053,25,2021-05-05,213511,168825,44686,0,213511,0,0
5054,25,2021-05-06,216162,170531,45631,0,216162,0,0
5055,25,2021-05-07,218384,172092,46292,0,218384,0,0
5056,25,2021-05-08,218617,172228,46389,0,218617,0,0
5057,25,2021-05-09,219061,172658,46403,0,219061,0,0
5058,25,2021-05-10,223069,175150,47919,0,223069,0,0
5059,25,2021-05-11,226669,177071,49598,0,226669,0,0
5060,25,2021-05-12,229033,178737,50296,0,229033,0,0
5061,25,2021-05-13,232245,180874,51371,0,232245,0,0
5062,25,2021-05-14,233433,181746,51687,0,233433,0,0
5063,25,2021-05-15,233825,182048,51777,0,233825,0,0
5064,25,2021-05-16,234090,182306,51784,0,234090,0,0
5065,25,2021-05-17,238157,186359,51798,0,238157,0,0
5066,25,2021-05-18,243561,191742,51819,0,243561,0,0
5067,25,2021-05-19,245648,193820,51828,0,245648,0,0
5068,25,2021-05-20,246683,194835,51848,0,246683,0,0
5069,25,2021-05-21,247243,195390,51853,0,247243,0,0
5070,25,2021-05-22,247345,195490,51855,0,247345,0,0
5071,25,2021-05-23,247513,195658,51855,0,247513,0,0
5072,25,2021-05-24,253384,201525,51859,0,253384,0,0
5073,25,2021-05-25,259736,207865,51871,0,259736,0,0
5074,25,2021-05-26,260721,208836,51885,0,260721,0,0
5075,25,2021-05-27,261506,209608,51898,0,261506,0,0
5076,25,2021-05-28,262228,210308,51920,0,262228,0,0
5077,25,2021-05-29,262488,210558,51930,0,262488,0,0
5078,25,2021-05-30,262571,210641,51930,0,262571,0,0
5079,25,2021-05-31,268922,216978,51944,0,268922,0,0
5080,25,2021-06-01,274959,223006,51953,0,274959,0,0
5081,25,2021-06-02,277162,225169,51993,0,277162,0,0
5082,25,2021-06-03,279796,227788,52008,0,279796,0,0
5083,25,2021-06-04,281682,229634,52048,0,281682,0,0
5084,25,2021-06-05,281890,229841,52049,0,281890,0,0
5085,25,2021-06-06,282481,230426,52055,0,282481,0,0
5086,25,2021-06-07,291666,239568,52098,0,291666,0,0
5087,25,2021-06-08,301511,249356,52155,0,301511,0,0
5088,25,2021-06-09,312189,260001,52188,0,312189,0,0
5089,25,2021-06-10,320312,268004,52308,0,320312,0,0
5090,25,2021-06-11,329360,277015,52345,0,329360,0,0
5091,25,2021-06-12,332870,280522,52348,0,332870,0,0
5092,25,2021-06-13,336121,283761,52360,0,336121,0,0
5093,25,2021-06-14,349528,297104,52424,0,349528,0,0
5094,25,2021-06-15,361734,309229,52505,0,361734,0,0
5095,25,2021-06-16,373071,320460,52611,0,373071,0,0
5096,25,2021-06-17,382540,329664,52876,0,382540,0,0
5097,25,2021-06-18,392226,339208,53018,0,392226,0,0
5098,25,2021-06-19,395022,341974,53048,0,395022,0,0
5099,25,2021-06-20,399370,346298,53072,0,399370,0,0
5100,25,2021-06-21,409572,356362,53210,0,409572,0,0
5101,25,2021-06-22,419911,366444,53467,0,419911,0,0
5102,25,2021-06-23,430786,376992,53794,0,430786,0,0
5103,25,2021-06-24,440810,386200,54610,0,440810,0,0
5104,25,2021-06-25,452837,398041,54796,0,452837,0,0
5105,25,2021-06-26,458432,403587,54845,0,458432,0,0
5106,25,2021-06-27,462512,407643,54869,0,462512,0,0
5107,25,2021-06-28,475119,419127,55992,0,475119,0,0
5108,25,2021-06-29,487762,429862,57900,0,487762,0,0
5109,25,2021-06-30,500218,440344,59874,0,500218,0,0
5110,25,2021-07-01,509293,447302,61991,0,509293,0,0
5111,25,2021-07-02,518347,454265,64082,0,518347,0,0
5112,25,2021-07-03,520859,456392,64467,0,520859,0,0
5113,25,2021-07-04,526913,461485,65428,0,526913,0,0
5114,25,2021-07-05,538942,469971,68971,0,538942,0,0
5115,25,2021-07-06,552125,478508,73617,0,552125,0,0
5116,25,2021-07-07,564970,486470,78500,0,564970,0,0
5117,25,2021-07-08,575372,492720,82652,0,575372,0,0
5118,25,2021-07-09,586955,500263,86692,0,586955,0,0
5119,25,2021-07-10,589915,502157,87758,0,589915,0,0
5120,25,2021-07-11,594317,505475,88842,0,594317,0,0
5121,25,2021-07-12,606945,512320,94625,0,606844,101,0
5122,25,2021-07-13,618772,519353,99419,0,618564,208,0
5123,25,2021-07-14,633282,528576,104706,0,632947,335,0
5124,25,2021-07-15,643785,534668,109117,0,643349,436,0
5125,25,2021-07-16,653588,541764,111824,0,653020,568,0
5126,25,2021-07-17,657850,545012,112838,0,657110,740,0
5127,25,2021-07-18,665218,550447,114771,0,664478,740,0
5128,25,2021-07-19,679321,560636,118685,0,678390,931,0
5129,25,2021-07-20,692524,569978,122546,0,691374,1150,0
5130,25,2021-07-21,704472,577392,127080,0,703113,1359,0
5131,25,2021-07-22,714870,583739,131131,0,713424,1446,0
5132,25,2021-07-23,724280,589807,134473,0,722739,1541,0
5133,25,2021-07-24,727512,592238,135274,0,725877,1635,0
5134,25,2021-07-25,730846,594445,136401,0,729211,1635,0
5135,25,2021-07-26,739944,599958,139986,0,738225,1719,0
5136,25,2021-07-27,747478,604714,142764,0,745715,1763,0
5137,25,2021-07-28,753720,608661,145059,0,751903,1817,0
5138,25,2021-07-29,758573,611482,147091,0,756736,1837,0
5139,25,2021-07-30,763174,614449,148725,0,761315,1859,0
5140,25,2021-07-31,765106,615940,149166,0,763205,1901,0
5141,25,2021-08-01,767610,617873,149737,0,765709,1901,0
5142,25,2021-08-02,772311,620923,151388,0,770387,1924,0
5143,25,2021-08-03,776067,623306,152761,0,774092,1975,0
5144,25,2021-08-04,779573,625565,154008,0,777557,2016,0
5145,25,2021-08-05,782451,627146,155305,0,780376,2075,0
5146,25,2021-08-06,785511,629122,156389,0,783311,2200,0
5147,25,2021-08-07,786795,629818,156977,0,784445,2350,0
5148,25,2021-08-08,787394,630228,157166,0,785044,2350,0
5149,25,2021-08-09,791508,632120,159388,0,789025,2483,0
5150,26,2021-01-16,3420,3420,0,19,3401,0,0
5151,26,2021-01-17,3536,3536,0,19,3517,0,0
5152,26,2021-01-18,7591,7591,0,184,7407,0,0
5153,26,2021-01-19,14807,14807,0,615,14192,0,0
5154,26,2021-01-20,18568,18568,0,1020,17548,0,0
5155,26,2021-01-21,45331,45331,0,1405,43926,0,0
5156,26,2021-01-22,59241,59241,0,2171,57070,0,0
5157,26,2021-01-23,89092,89092,0,3082,86010,0,0
5158,26,2021-01-24,93846,93846,0,3806,90040,0,0
5159,26,2021-01-25,120698,120698,0,4475,116223,0,0
5160,26,2021-01-26,122870,122870,0,4754,118116,0,0
5161,26,2021-01-27,130317,130317,0,6138,124179,0,0
5162,26,2021-01-28,145998,145998,0,7249,138749,0,0
5163,26,2021-01-29,156711,156711,0,8193,148518,0,0
5164,26,2021-01-30,158329,158329,0,9217,149112,0,0
5165,26,2021-01-31,158567,158567,0,9381,149186,0,0
5166,26,2021-02-01,159914,159914,0,10316,149598,0,0
5167,26,2021-02-02,161078,161078,0,11119,149959,0,0
5168,26,2021-02-03,165753,165753,0,11851,153902,0,0
5169,26,2021-02-04,186187,186187,0,12225,173962,0,0
5170,26,2021-02-05,190943,190943,0,12710,178233,0,0
5171,26,2021-02-06,220401,220401,0,13430,206971,0,0
5172,26,2021-02-07,223714,223714,0,13430,210284,0,0
5173,26,2021-02-08,255650,255650,0,15216,240434,0,0
5174,26,2021-02-09,282491,282491,0,17942,264549,0,0
5175,26,2021-02-10,316166,316166,0,20655,295511,0,0
5176,26,2021-02-11,334559,334559,0,23098,311461,0,0
5177,26,2021-02-12,350417,350417,0,25260,325157,0,0
5178,26,2021-02-13,360206,360203,3,28009,332194,0,0
5179,26,2021-02-14,360679,360676,3,28086,332590,0,0
5180,26,2021-02-15,377078,370662,6416,29113,341549,0,0
5181,26,2021-02-16,380202,373167,7035,30088,343079,0,0
5182,26,2021-02-17,392505,380869,11636,31367,349502,0,0
5183,26,2021-02-18,407988,373908,34080,30707,343201,0,0
5184,26,2021-02-19,462576,414702,47874,32942,381760,0,0
5185,26,2021-02-20,489793,419252,70541,33417,385835,0,0
5186,26,2021-02-21,491506,419492,72014,33428,386064,0,0
5187,26,2021-02-22,519365,423769,95596,34232,389537,0,0
5188,26,2021-02-23,531427,427468,103959,34630,392838,0,0
5189,26,2021-02-24,539997,430731,109266,35369,395362,0,0
5190,26,2021-02-25,564070,437478,126592,36267,401211,0,0
5191,26,2021-02-26,573790,440499,133291,36845,403654,0,0
5192,26,2021-02-27,573826,440535,133291,36845,403690,0,0
5193,26,2021-02-28,573828,440537,133291,36845,403692,0,0
5194,26,2021-03-01,573828,440537,133291,36845,403692,0,0
5195,26,2021-03-02,608953,469228,139725,38602,430626,0,0
5196,26,2021-03-03,636348,493470,142878,40722,452748,0,0
5197,26,2021-03-04,678170,525756,152414,43039,482717,0,0
5198,26,2021-03-05,705107,548018,157089,45134,502884,0,0
5199,26,2021-03-06,744565,579310,165255,48188,531122,0,0
5200,26,2021-03-07,749077,582986,166091,48395,534591,0,0
5201,26,2021-03-08,820328,628602,191726,52292,576310,0,0
5202,26,2021-03-09,707189,494050,213139,57613,649555,0,0
5203,26,2021-03-10,750951,522145,228806,61934,688996,0,0
5204,26,2021-03-11,758859,527341,231518,64174,694664,0,0
5205,26,2021-03-12,825025,570575,254450,68197,756807,0,0
5206,26,2021-03-13,883368,614739,268629,73762,809585,0,0
5207,26,2021-03-14,890304,620914,269390,73805,816478,0,0
5208,26,2021-03-15,980682,693949,286733,79613,901048,0,0
5209,26,2021-03-16,1270396,972659,297737,93737,1176659,0,0
5210,26,2021-03-17,1380895,1076777,304118,104608,1276287,0,0
5211,26,2021-03-18,1471638,1161063,310575,108202,1363436,0,0
5212,26,2021-03-19,1565021,1247971,317050,111416,1453605,0,0
5213,26,2021-03-20,1661845,1339420,322425,116242,1545603,0,0
5214,26,2021-03-21,1691518,1367960,323558,117168,1574350,0,0
5215,26,2021-03-22,1750576,1423067,327509,121097,1629479,0,0
5216,26,2021-03-23,1855753,1521647,334106,126630,1729123,0,0
5217,26,2021-03-24,1916772,1579476,337296,131227,1785545,0,0
5218,26,2021-03-25,1988898,1646834,342064,135538,1853360,0,0
5219,26,2021-03-26,2054400,1708797,345603,139181,1915219,0,0
5220,26,2021-03-27,2125480,1777232,348248,144057,1981423,0,0
5221,26,2021-03-28,2136507,1788115,348392,144072,1992435,0,0
5222,26,2021-03-29,2137175,1788762,348413,144071,1993104,0,0
5223,26,2021-03-30,2216101,1859488,356613,148318,2067783,0,0
5224,26,2021-03-31,2297640,1931226,366414,152752,2144888,0,0
5225,26,2021-04-01,2383139,2010503,372636,157272,2225867,0,0
5226,26,2021-04-02,2600813,2216025,384788,166547,2434266,0,0
5227,26,2021-04-03,2788139,2393427,394712,174118,2614021,0,0
5228,26,2021-04-04,3069354,2663583,405771,184918,2884436,0,0
5229,26,2021-04-05,3208252,2793731,414521,191897,3016355,0,0
5230,26,2021-04-06,3375907,2952028,423879,199932,3175975,0,0
5231,26,2021-04-07,3565852,3129687,436165,213800,3352052,0,0
5232,26,2021-04-08,3763100,3311254,451846,229599,3533501,0,0
5233,26,2021-04-09,3950514,3480440,470074,242664,3707850,0,0
5234,26,2021-04-10,4087959,3604413,483546,255805,3832154,0,0
5235,26,2021-04-11,4210619,3715949,494670,264397,3946222,0,0
5236,26,2021-04-12,4351791,3839733,512058,273915,4077876,0,0
5237,26,2021-04-13,4441397,3919536,521861,281385,4160012,0,0
5238,26,2021-04-14,4526576,3991742,534834,287672,4238904,0,0
5239,26,2021-04-15,4675143,4111307,563836,295282,4379861,0,0
5240,26,2021-04-16,4791946,4205256,586690,304688,4487258,0,0
5241,26,2021-04-17,4863969,4260933,603036,313935,4550034,0,0
5242,26,2021-04-18,4928619,4310037,618582,319190,4609429,0,0
5243,26,2021-04-19,5068071,4409637,658434,328090,4739981,0,0
5244,26,2021-04-20,5190262,4495861,694401,336030,4854232,0,0
5245,26,2021-04-21,5303528,4577788,725740,343883,4959645,0,0
5246,26,2021-04-22,5394733,4642130,752603,350608,5044125,0,0
5247,26,2021-04-23,5508466,4720273,788193,362141,5146325,0,0
5248,26,2021-04-24,5526978,4733651,793327,362400,5164578,0,0
5249,26,2021-04-25,5530079,4735952,794127,362409,5167670,0,0
5250,26,2021-04-26,5615286,4789048,826238,374977,5240309,0,0
5251,26,2021-04-27,5691740,4837588,854152,385280,5306460,0,0
5252,26,2021-04-28,5741648,4867136,874512,394324,5347324,0,0
5253,26,2021-04-29,5778140,4889024,889116,405665,5372475,0,0
5254,26,2021-04-30,5856695,4928197,928498,419555,5437140,0,0
5255,26,2021-05-01,5871726,4938147,933579,421482,5450244,0,0
5256,26,2021-05-02,5874337,4939787,934550,421843,5452494,0,0
5257,26,2021-05-03,5920244,4958904,961340,435162,5485082,0,0
5258,26,2021-05-04,5951030,4974065,976965,449638,5501392,0,0
5259,26,2021-05-05,5975193,4987030,988163,466208,5508985,0,0
5260,26,2021-05-06,6028359,5006410,1021949,482968,5545391,0,0
5261,26,2021-05-07,6115427,5032726,1082701,500886,5614541,0,0
5262,26,2021-05-08,6190506,5056397,1134109,517626,5672880,0,0
5263,26,2021-05-09,6199403,5060884,1138519,521943,5677460,0,0
5264,26,2021-05-10,6344014,5094833,1249181,539533,5804481,0,0
5265,26,2021-05-11,6457266,5135650,1321616,559309,5897957,0,0
5266,26,2021-05-12,6522664,5170331,1352333,579528,5943136,0,0
5267,26,2021-05-13,6575980,5202998,1372982,598680,5977300,0,0
5268,26,2021-05-14,6625243,5229023,1396220,617426,6007817,0,0
5269,26,2021-05-15,6661562,5256185,1405377,633354,6028208,0,0
5270,26,2021-05-16,6662987,5257596,1405391,634743,6028244,0,0
5271,26,2021-05-17,6723547,5310623,1412924,655060,6068487,0,0
5272,26,2021-05-18,6830272,5410278,1419994,674880,6155392,0,0
5273,26,2021-05-19,6905443,5478370,1427073,694461,6210982,0,0
5274,26,2021-05-20,6965104,5532870,1432234,709774,6255330,0,0
5275,26,2021-05-21,7015983,5579295,1436688,724179,6291804,0,0
5276,26,2021-05-22,7101273,5660022,1441251,737476,6363797,0,0
5277,26,2021-05-23,7116916,5675506,1441410,737836,6379080,0,0
5278,26,2021-05-24,7229111,5783311,1445800,750798,6478313,0,0
5279,26,2021-05-25,7326673,5877636,1449037,760432,6566241,0,0
5280,26,2021-05-26,7376765,5927514,1449251,760432,6616333,0,0
5281,26,2021-05-27,7479227,6025025,1454202,772787,6706440,0,0
5282,26,2021-05-28,7603639,6139613,1464026,794093,6809546,0,0
5283,26,2021-05-29,7708912,6238288,1470624,812151,6896761,0,0
5284,26,2021-05-30,7727970,6257322,1470648,812156,6915814,0,0
5285,26,2021-05-31,7857798,6380707,1477091,827516,7030282,0,0
5286,26,2021-06-01,7962783,6479679,1483104,842623,7120160,0,0
5287,26,2021-06-02,8035993,6549112,1486881,847259,7188734,0,0
5288,26,2021-06-03,8110698,6619136,1491562,853397,7257301,0,0
5289,26,2021-06-04,8201860,6703769,1498091,860879,7340981,0,0
5290,26,2021-06-05,8283001,6778101,1504900,868674,7414327,0,0
5291,26,2021-06-06,8296256,6791199,1505057,868695,7427561,0,0
5292,26,2021-06-07,8462518,6938186,1524332,885641,7576877,0,0
5293,26,2021-06-08,8613888,7068512,1545376,904297,7709591,0,0
5294,26,2021-06-09,8749836,7183142,1566694,923549,7826287,0,0
5295,26,2021-06-10,8806405,7225627,1580778,938820,7867585,0,0
5296,26,2021-06-11,8905797,7298756,1607041,961191,7944606,0,0
5297,26,2021-06-12,8977717,7347971,1629746,985033,7992684,0,0
5298,26,2021-06-13,8987379,7356287,1631092,985958,8001421,0,0
5299,26,2021-06-14,9061121,7407091,1654030,1007911,8053210,0,0
5300,26,2021-06-15,9186151,7503538,1682613,1036416,8149735,0,0
5301,26,2021-06-16,9350452,7631412,1719040,1064750,8285702,0,0
5302,26,2021-06-17,9506300,7756546,1749754,1093193,8413107,0,0
5303,26,2021-06-18,9656101,7882328,1773773,1121331,8534770,0,0
5304,26,2021-06-19,9825907,8019234,1806673,1151610,8674297,0,0
5305,26,2021-06-20,9846132,8037617,1808515,1151609,8694523,0,0
5306,26,2021-06-21,10149548,8309521,1840027,1179838,8969710,0,0
5307,26,2021-06-22,10441470,8574489,1866981,1203707,9237763,0,0
5308,26,2021-06-23,10765825,8874332,1891493,1231078,9534747,0,0
5309,26,2021-06-24,11052797,9126091,1926706,1257668,9795129,0,0
5310,26,2021-06-25,11295459,9327880,1967579,1285888,10009571,0,0
5311,26,2021-06-26,11539203,9516596,2022607,1315832,10223371,0,0
5312,26,2021-06-27,11571633,9541199,2030434,1315992,10255641,0,0
5313,26,2021-06-28,11832106,9732379,2099727,1348640,10483466,0,0
5314,26,2021-06-29,11960777,9824050,2136727,1379866,10580827,84,0
5315,26,2021-06-30,12016338,9868098,2148240,1405898,10610330,110,0
5316,26,2021-07-01,12055072,9899612,2155460,1431691,10623160,221,0
5317,26,2021-07-02,12089892,9927123,2162769,1455488,10634103,301,0
5318,26,2021-07-03,12202018,9995817,2206201,1483084,10718564,370,0
5319,26,2021-07-04,12237284,10017218,2220066,1483093,10753821,370,0
5320,26,2021-07-05,12586866,10217642,2369224,1518447,11067984,435,0
5321,26,2021-07-06,12923503,10418842,2504661,1559054,11363948,501,0
5322,26,2021-07-07,13129991,10541012,2588979,1603018,11526427,546,0
5323,26,2021-07-08,13275073,10623119,2651954,1649757,11624758,558,0
5324,26,2021-07-09,13376305,10682934,2693371,1685527,11690138,640,0
5325,26,2021-07-10,13443455,10726646,2716809,1722825,11719771,859,0
5326,26,2021-07-11,13451477,10732651,2718826,1725963,11724655,859,0
5327,26,2021-07-12,13502341,10773343,2728998,1766705,11734713,923,0
5328,26,2021-07-13,13577304,10830287,2747017,1827428,11748703,1173,0
5329,26,2021-07-14,13815672,10994545,2821127,1888104,11926178,1390,0
5330,26,2021-07-15,14014960,11090865,2924095,1941684,12071724,1552,0
5331,26,2021-07-16,14143588,11146869,2996719,1979793,12162033,1762,0
5332,26,2021-07-17,14261550,11189648,3071902,2010144,12249422,1984,0
5333,26,2021-07-18,14275865,11197418,3078447,2010896,12262985,1984,0
5334,26,2021-07-19,14571472,11329406,3242066,2032678,12536608,2186,0
5335,26,2021-07-20,14789563,11441234,3348329,2048737,12738483,2343,0
5336,26,2021-07-21,14920471,11512354,3408117,2067306,12850704,2461,0
5337,26,2021-07-22,15102699,11611338,3491361,2085656,13014492,2551,0
5338,26,2021-07-23,15244333,11694484,3549849,2104339,13137327,2667,0
5339,26,2021-07-24,15394878,11786884,3607994,2135886,13256188,2804,0
5340,26,2021-07-25,15417257,11803367,3613890,2136779,13277674,2804,0
5341,26,2021-07-26,15617944,11939137,3678807,2162026,13453034,2884,0
5342,26,2021-07-27,15811574,12064903,3746671,2186782,13621823,2969,0
5343,26,2021-07-28,16002897,12206638,3796259,2234582,13765204,3111,0
5344,26,2021-07-29,16162194,12330934,3831260,2260164,13898848,3182,0
5345,26,2021-07-30,16344336,12469151,3875185,2300830,14040186,3320,0
5346,26,2021-07-31,16499079,12583606,3915473,2328685,14166965,3429,0
5347,26,2021-08-01,16636971,12717390,3919581,2333442,14300092,3437,0
5348,26,2021-08-02,16828261,12868643,3959618,2350106,14474622,3533,0
5349,26,2021-08-03,17054001,13052061,4001940,2365175,14685172,3654,0
5350,26,2021-08-04,17249912,13208415,4041497,2379365,14866780,3767,0
5351,26,2021-08-05,17483880,13404289,4079591,2392295,15087687,3898,0
5352,26,2021-08-06,17713585,13595005,4118580,2408330,15301241,4014,0
5353,26,2021-08-07,17877357,13727085,4150272,2425242,15447930,4185,0
5354,26,2021-08-08,17903256,13749311,4153945,2425603,15473468,4185,0
5355,26,2021-08-09,18154686,13954592,4200094,2447439,15702929,4318,0
5356,27,2021-01-16,92,92,0,0,92,0,0
5357,27,2021-01-17,92,92,0,0,92,0,0
5358,27,2021-01-18,128,128,0,0,128,0,0
5359,27,2021-01-19,249,249,0,0,249,0,0
5360,27,2021-01-20,249,249,0,0,249,0,0
5361,27,2021-01-21,249,249,0,0,249,0,0
5362,27,2021-01-22,440,440,0,0,440,0,0
5363,27,2021-01-23,813,813,0,0,813,0,0
5364,27,2021-01-24,870,870,0,0,870,0,0
5365,27,2021-01-25,1200,1200,0,0,1200,0,0
5366,27,2021-01-26,1205,1205,0,0,1205,0,0
5367,27,2021-01-27,1274,1274,0,0,1274,0,0
5368,27,2021-01-28,1302,1302,0,0,1302,0,0
5369,27,2021-01-29,1684,1684,0,0,1684,0,0
5370,27,2021-01-30,2069,2069,0,0,2069,0,0
5371,27,2021-01-31,2077,2077,0,0,2077,0,0
5372,27,2021-02-01,2316,2316,0,0,2316,0,0
5373,27,2021-02-02,2472,2472,0,0,2472,0,0
5374,27,2021-02-03,2640,2640,0,0,2640,0,0
5375,27,2021-02-04,2640,2640,0,0,2640,0,0
5376,27,2021-02-05,2984,2984,0,0,2984,0,0
5377,27,2021-02-06,2984,2984,0,0,2984,0,0
5378,27,2021-02-07,2984,2984,0,0,2984,0,0
5379,27,2021-02-08,3326,3326,0,0,3326,0,0
5380,27,2021-02-09,3728,3728,0,0,3728,0,0
5381,27,2021-02-10,4135,4135,0,0,4135,0,0
5382,27,2021-02-11,4144,4144,0,0,4144,0,0
5383,27,2021-02-12,4740,4740,0,0,4740,0,0
5384,27,2021-02-13,5311,5243,68,0,5243,0,0
5385,27,2021-02-14,5311,5243,68,0,5243,0,0
5386,27,2021-02-15,5974,5784,190,0,5784,0,0
5387,27,2021-02-16,6502,6197,305,0,6197,0,0
5388,27,2021-02-17,7072,6715,357,0,6715,0,0
5389,27,2021-02-18,7433,7023,410,0,7023,0,0
5390,27,2021-02-19,8863,8264,599,0,8264,0,0
5391,27,2021-02-20,9790,8983,807,0,8983,0,0
5392,27,2021-02-21,9790,8983,807,0,8983,0,0
5393,27,2021-02-22,10023,9092,931,0,9092,0,0
5394,27,2021-02-23,10132,9167,965,0,9167,0,0
5395,27,2021-02-24,10288,9295,993,0,9295,0,0
5396,27,2021-02-25,10599,9583,1016,0,9583,0,0
5397,27,2021-02-26,11254,10049,1205,0,10049,0,0
5398,27,2021-02-27,11254,10049,1205,0,10049,0,0
5399,27,2021-02-28,11254,10049,1205,0,10049,0,0
5400,27,2021-03-01,11254,10049,1205,0,10049,0,0
5401,27,2021-03-02,11912,10508,1404,0,10508,0,0
5402,27,2021-03-03,13087,11468,1619,0,11468,0,0
5403,27,2021-03-04,14349,12632,1717,0,12632,0,0
5404,27,2021-03-05,15833,13862,1971,0,13862,0,0
5405,27,2021-03-06,17181,14965,2216,0,14965,0,0
5406,27,2021-03-07,17186,14969,2217,0,14969,0,0
5407,27,2021-03-08,18840,16432,2408,0,16432,0,0
5408,27,2021-03-09,17940,15179,2761,0,17939,0,0
5409,27,2021-03-10,19610,16605,3005,0,19609,0,0
5410,27,2021-03-11,21232,18039,3193,0,21231,0,0
5411,27,2021-03-12,22707,19243,3464,0,22706,0,0
5412,27,2021-03-13,24491,20730,3761,0,24490,0,0
5413,27,2021-03-14,24531,20768,3763,0,24530,0,0
5414,27,2021-03-15,26694,22703,3991,0,26693,0,0
5415,27,2021-03-16,32136,27876,4260,0,32136,0,0
5416,27,2021-03-17,36669,32194,4475,0,36669,0,0
5417,27,2021-03-18,39618,34800,4818,0,39618,0,0
5418,27,2021-03-19,42192,36968,5224,0,42192,0,0
5419,27,2021-03-20,45828,40127,5701,0,45828,0,0
5420,27,2021-03-21,45978,40268,5710,0,45978,0,0
5421,27,2021-03-22,48951,43031,5920,0,48951,0,0
5422,27,2021-03-23,52280,46116,6164,38,52242,0,0
5423,27,2021-03-24,56958,50684,6274,74,56884,0,0
5424,27,2021-03-25,59759,53365,6394,74,59685,0,0
5425,27,2021-03-26,62652,56090,6562,74,62578,0,0
5426,27,2021-03-27,64971,58304,6667,74,64897,0,0
5427,27,2021-03-28,65161,58488,6673,74,65087,0,0
5428,27,2021-03-29,67152,60388,6764,74,67078,0,0
5429,27,2021-03-30,71126,64226,6900,74,71052,0,0
5430,27,2021-03-31,74753,67621,7132,74,74679,0,0
5431,27,2021-04-01,77091,69782,7309,74,77017,0,0
5432,27,2021-04-02,78346,70861,7485,74,78272,0,0
5433,27,2021-04-03,81940,74261,7679,74,81866,0,0
5434,27,2021-04-04,83745,75948,7797,74,83671,0,0
5435,27,2021-04-05,85304,77297,8007,74,85230,0,0
5436,27,2021-04-06,85827,77736,8091,74,85753,0,0
5437,27,2021-04-07,87366,79066,8300,74,87292,0,0
5438,27,2021-04-08,90173,81449,8724,74,90099,0,0
5439,27,2021-04-09,93170,83995,9175,74,93096,0,0
5440,27,2021-04-10,96811,87196,9615,74,96737,0,0
5441,27,2021-04-11,103620,93853,9767,74,103546,0,0
5442,27,2021-04-12,114625,104283,10342,74,114551,0,0
5443,27,2021-04-13,129315,118447,10868,74,129241,0,0
5444,27,2021-04-14,138227,127116,11111,74,138153,0,0
5445,27,2021-04-15,148463,136506,11957,74,148389,0,0
5446,27,2021-04-16,157568,144696,12872,74,157494,0,0
5447,27,2021-04-17,163838,150119,13719,74,163764,0,0
5448,27,2021-04-18,165720,151720,14000,74,165646,0,0
5449,27,2021-04-19,168746,153689,15057,74,168672,0,0
5450,27,2021-04-20,170884,155023,15861,74,170810,0,0
5451,27,2021-04-21,173842,157027,16815,74,173768,0,0
5452,27,2021-04-22,176632,158784,17848,74,176558,0,0
5453,27,2021-04-23,179593,160575,19018,74,179519,0,0
5454,27,2021-04-24,181793,161889,19904,74,181719,0,0
5455,27,2021-04-25,182376,162241,20135,74,182302,0,0
5456,27,2021-04-26,185241,163596,21645,74,185167,0,0
5457,27,2021-04-27,187897,164814,23083,74,187823,0,0
5458,27,2021-04-28,190808,166115,24693,74,190734,0,0
5459,27,2021-04-29,193958,167707,26251,74,193884,0,0
5460,27,2021-04-30,197864,169488,28376,74,197790,0,0
5461,27,2021-05-01,199568,170421,29147,74,199494,0,0
5462,27,2021-05-02,200100,170746,29354,74,200026,0,0
5463,27,2021-05-03,202793,171878,30915,74,202719,0,0
5464,27,2021-05-04,204860,172686,32174,74,204786,0,0
5465,27,2021-05-05,207774,173767,34007,74,207700,0,0
5466,27,2021-05-06,210910,174826,36084,74,210836,0,0
5467,27,2021-05-07,214047,175852,38195,74,213973,0,0
5468,27,2021-05-08,216758,176721,40037,74,216684,0,0
5469,27,2021-05-09,217269,176917,40352,74,217195,0,0
5470,27,2021-05-10,220887,178079,42808,74,220813,0,0
5471,27,2021-05-11,223390,178838,44552,74,223316,0,0
5472,27,2021-05-12,225487,179489,45998,74,225413,0,0
5473,27,2021-05-13,228252,180489,47763,74,228178,0,0
5474,27,2021-05-14,230849,181667,49182,74,230775,0,0
5475,27,2021-05-15,233493,183038,50455,74,233419,0,0
5476,27,2021-05-16,234107,183604,50503,74,234033,0,0
5477,27,2021-05-17,235311,184667,50644,74,235237,0,0
5478,27,2021-05-18,236280,185565,50715,74,236206,0,0
5479,27,2021-05-19,237296,186539,50757,74,237222,0,0
5480,27,2021-05-20,239946,189131,50815,74,239872,0,0
5481,27,2021-05-21,242269,191439,50830,74,242195,0,0
5482,27,2021-05-22,244618,193758,50860,74,244544,0,0
5483,27,2021-05-23,246119,195225,50894,74,246045,0,0
5484,27,2021-05-24,248922,197993,50929,74,248848,0,0
5485,27,2021-05-25,251483,200518,50965,74,251409,0,0
5486,27,2021-05-26,254227,203231,50996,74,254153,0,0
5487,27,2021-05-27,257055,206019,51036,74,256981,0,0
5488,27,2021-05-28,260310,209222,51088,74,260236,0,0
5489,27,2021-05-29,263594,212447,51147,74,263520,0,0
5490,27,2021-05-30,265768,214593,51175,74,265694,0,0
5491,27,2021-05-31,269328,218077,51251,74,269254,0,0
5492,27,2021-06-01,272660,221333,51327,74,272586,0,0
5493,27,2021-06-02,276052,224650,51402,74,275978,0,0
5494,27,2021-06-03,279327,227847,51480,74,279253,0,0
5495,27,2021-06-04,282192,230627,51565,74,282118,0,0
5496,27,2021-06-05,286551,234886,51665,74,286477,0,0
5497,27,2021-06-06,289091,237400,51691,74,289017,0,0
5498,27,2021-06-07,294440,242580,51860,74,294366,0,0
5499,27,2021-06-08,300252,248250,52002,74,300178,0,0
5500,27,2021-06-09,305651,253425,52226,74,305577,0,0
5501,27,2021-06-10,311816,259372,52444,74,311742,0,0
5502,27,2021-06-11,317562,264921,52641,74,317488,0,0
5503,27,2021-06-12,324744,271888,52856,74,324670,0,0
5504,27,2021-06-13,327232,274317,52915,74,327158,0,0
5505,27,2021-06-14,334027,280850,53177,74,333953,0,0
5506,27,2021-06-15,339695,286199,53496,74,339621,0,0
5507,27,2021-06-16,353121,299122,53999,74,353047,0,0
5508,27,2021-06-17,368948,314298,54650,74,368874,0,0
5509,27,2021-06-18,385272,330113,55159,74,385198,0,0
5510,27,2021-06-19,410129,354186,55943,74,410055,0,0
5511,27,2021-06-20,418672,362503,56169,74,418598,0,0
5512,27,2021-06-21,436571,379550,57021,74,436497,0,0
5513,27,2021-06-22,445363,387363,58000,74,445289,0,0
5514,27,2021-06-23,454182,394822,59360,74,454108,0,0
5515,27,2021-06-24,462497,401988,60509,74,462423,0,0
5516,27,2021-06-25,469829,408440,61389,74,469755,0,0
5517,27,2021-06-26,479491,416622,62869,74,479417,0,0
5518,27,2021-06-27,481902,418640,63262,74,481828,0,0
5519,27,2021-06-28,492598,427897,64701,74,492524,0,0
5520,27,2021-06-29,499979,434377,65602,74,499905,0,0
5521,27,2021-06-30,507468,440363,67105,74,507394,0,0
5522,27,2021-07-01,513535,445152,68383,74,513461,0,0
5523,27,2021-07-02,518831,448960,69871,74,518757,0,0
5524,27,2021-07-03,526345,454281,72064,74,526271,0,0
5525,27,2021-07-04,529509,455749,73760,74,529435,0,0
5526,27,2021-07-05,539096,460594,78502,74,539022,0,0
5527,27,2021-07-06,548593,463933,84660,74,548519,0,0
5528,27,2021-07-07,558068,467894,90174,74,557994,0,0
5529,27,2021-07-08,566525,470882,95643,74,566451,0,0
5530,27,2021-07-09,574935,473954,100981,74,574861,0,0
5531,27,2021-07-10,586989,479916,107073,74,586915,0,0
5532,27,2021-07-11,594602,484522,110080,74,594528,0,0
5533,27,2021-07-12,610205,493582,116623,74,610131,0,0
5534,27,2021-07-13,615861,496806,119055,74,615787,0,0
5535,27,2021-07-14,628690,506999,121691,74,628616,0,0
5536,27,2021-07-15,633987,510271,123716,74,633913,0,0
5537,27,2021-07-16,639723,513820,125903,74,639649,0,0
5538,27,2021-07-17,645742,517902,127840,74,645668,0,0
5539,27,2021-07-18,647196,519005,128191,74,647122,0,0
5540,27,2021-07-19,654259,523930,130329,74,654185,0,0
5541,27,2021-07-20,660092,528009,132083,74,660018,0,0
5542,27,2021-07-21,662515,529753,132762,74,662441,0,0
5543,27,2021-07-22,667591,533073,134518,74,667517,0,0
5544,27,2021-07-23,674602,538189,136413,74,674528,0,0
5545,27,2021-07-24,684227,545647,138580,74,684153,0,0
5546,27,2021-07-25,685245,546427,138818,74,685171,0,0
5547,27,2021-07-26,690732,550512,140220,74,690658,0,0
5548,27,2021-07-27,694875,553579,141296,74,694801,0,0
5549,27,2021-07-28,698810,556500,142310,74,698736,0,0
5550,27,2021-07-29,704580,561167,143413,74,704506,0,0
5551,27,2021-07-30,710066,565700,144366,74,709992,0,0
5552,27,2021-07-31,717225,571733,145492,74,717151,0,0
5553,27,2021-08-01,720359,574646,145713,74,720285,0,0
5554,27,2021-08-02,724468,577955,146513,74,724394,0,0
5555,27,2021-08-03,728541,581231,147310,74,728467,0,0
5556,27,2021-08-04,733207,585148,148059,74,733133,0,0
5557,27,2021-08-05,737452,588671,148781,74,737378,0,0
5558,27,2021-08-06,741807,592246,149561,74,741733,0,0
5559,27,2021-08-07,746814,596334,150480,74,746740,0,0
5560,27,2021-08-08,748322,597542,150780,74,748248,0,0
5561,27,2021-08-09,753362,601591,151771,74,753288,0,0
5562,28,2021-01-16,336,336,0,0,336,0,0
5563,28,2021-01-17,338,338,0,0,338,0,0
5564,28,2021-01-18,678,678,0,0,678,0,0
5565,28,2021-01-19,1529,1529,0,0,1529,0,0
5566,28,2021-01-20,2432,2432,0,0,2432,0,0
5567,28,2021-01-21,4780,4780,0,0,4780,0,0
5568,28,2021-01-22,9676,9676,0,0,9676,0,0
5569,28,2021-01-23,16519,16519,0,0,16519,0,0
5570,28,2021-01-24,17712,17712,0,0,17712,0,0
5571,28,2021-01-25,26017,26017,0,0,26017,0,0
5572,28,2021-01-26,26213,26213,0,0,26213,0,0
5573,28,2021-01-27,33121,33121,0,0,33121,0,0
5574,28,2021-01-28,39511,39511,0,0,39511,0,0
5575,28,2021-01-29,42210,42210,0,0,42210,0,0
5576,28,2021-01-30,45648,45648,0,0,45648,0,0
5577,28,2021-01-31,45738,45738,0,0,45738,0,0
5578,28,2021-02-01,47903,47903,0,0,47903,0,0
5579,28,2021-02-02,49663,49663,0,0,49663,0,0
5580,28,2021-02-03,52241,52241,0,0,52241,0,0
5581,28,2021-02-04,56208,56208,0,0,56208,0,0
5582,28,2021-02-05,60878,60878,0,0,60878,0,0
5583,28,2021-02-06,64399,64399,0,0,64399,0,0
5584,28,2021-02-07,64401,64401,0,0,64401,0,0
5585,28,2021-02-08,70250,70250,0,12,70238,0,0
5586,28,2021-02-09,75851,75851,0,29,75822,0,0
5587,28,2021-02-10,80350,80350,0,29,80321,0,0
5588,28,2021-02-11,85911,85911,0,30,85881,0,0
5589,28,2021-02-12,90012,90012,0,31,89981,0,0
5590,28,2021-02-13,92050,91988,62,74,91914,0,0
5591,28,2021-02-14,92050,91988,62,74,91914,0,0
5592,28,2021-02-15,97181,96153,1028,76,96077,0,0
5593,28,2021-02-16,102258,100270,1988,76,100194,0,0
5594,28,2021-02-17,106279,103601,2678,80,103521,0,0
5595,28,2021-02-18,107749,102775,4974,85,102690,0,0
5596,28,2021-02-19,122526,113959,8567,87,113872,0,0
5597,28,2021-02-20,128999,116708,12291,91,116617,0,0
5598,28,2021-02-21,129510,116815,12695,91,116724,0,0
5599,28,2021-02-22,140314,121967,18347,118,121849,0,0
5600,28,2021-02-23,149544,128224,21320,122,128102,0,0
5601,28,2021-02-24,158632,134183,24449,127,134056,0,0
5602,28,2021-02-25,172597,143306,29291,132,143174,0,0
5603,28,2021-02-26,181693,149199,32494,151,149048,0,0
5604,28,2021-02-27,181693,149199,32494,151,149048,0,0
5605,28,2021-02-28,181693,149199,32494,151,149048,0,0
5606,28,2021-03-01,181693,149199,32494,151,149048,0,0
5607,28,2021-03-02,199021,163048,35973,485,162563,0,0
5608,28,2021-03-03,211462,173112,38350,1059,172053,0,0
5609,28,2021-03-04,224386,183847,40539,1843,182004,0,0
5610,28,2021-03-05,240500,197223,43277,3057,194166,0,0
5611,28,2021-03-06,254347,208515,45832,4323,204192,0,0
5612,28,2021-03-07,255858,209935,45923,4524,205411,0,0
5613,28,2021-03-08,275759,226539,49220,6194,220345,0,0
5614,28,2021-03-09,246839,193804,53035,7614,239214,0,0
5615,28,2021-03-10,263332,207008,56324,9468,253853,0,0
5616,28,2021-03-11,269729,212869,56860,10789,258929,0,0
5617,28,2021-03-12,289983,228580,61403,12641,277331,0,0
5618,28,2021-03-13,308567,243904,64663,14451,294105,0,0
5619,28,2021-03-14,311048,246290,64758,14917,296120,0,0
5620,28,2021-03-15,335644,266837,68807,17253,318380,0,0
5621,28,2021-03-16,411080,338578,72502,20515,390565,0,0
5622,28,2021-03-17,466103,390818,75285,27711,438392,0,0
5623,28,2021-03-18,496341,417939,78402,31628,464713,0,0
5624,28,2021-03-19,530257,448570,81687,36231,494026,0,0
5625,28,2021-03-20,567812,483574,84238,41177,526635,0,0
5626,28,2021-03-21,578775,494076,84699,42780,535995,0,0
5627,28,2021-03-22,613264,525293,87971,46729,566535,0,0
5628,28,2021-03-23,649345,558275,91070,51280,598065,0,0
5629,28,2021-03-24,681673,588402,93271,54469,627204,0,0
5630,28,2021-03-25,719040,623062,95978,57748,661292,0,0
5631,28,2021-03-26,755002,657164,97838,60930,694072,0,0
5632,28,2021-03-27,802200,702391,99809,63722,738478,0,0
5633,28,2021-03-28,821912,721557,100355,64477,757435,0,0
5634,28,2021-03-29,842376,741177,101199,65127,777249,0,0
5635,28,2021-03-30,892969,788634,104335,67138,825831,0,0
5636,28,2021-03-31,944534,836310,108224,68748,875786,0,0
5637,28,2021-04-01,1004421,892880,111541,70684,933737,0,0
5638,28,2021-04-02,1076831,961706,115125,72956,1003875,0,0
5639,28,2021-04-03,1152514,1033601,118913,75058,1077456,0,0
5640,28,2021-04-04,1237974,1116418,121556,76834,1161140,0,0
5641,28,2021-04-05,1310252,1184561,125691,78049,1232203,0,0
5642,28,2021-04-06,1354171,1226129,128042,78889,1275282,0,0
5643,28,2021-04-07,1469287,1334736,134551,81609,1387678,0,0
5644,28,2021-04-08,1570863,1430914,139949,83179,1487684,0,0
5645,28,2021-04-09,1672525,1526823,145702,84878,1587647,0,0
5646,28,2021-04-10,1769540,1618233,151307,86894,1682646,0,0
5647,28,2021-04-11,1844914,1690799,154115,88519,1756395,0,0
5648,28,2021-04-12,1938682,1776693,161989,90221,1848461,0,0
5649,28,2021-04-13,2002350,1835859,166491,91248,1911102,0,0
5650,28,2021-04-14,2080326,1907408,172918,92673,1987653,0,0
5651,28,2021-04-15,2165009,1981682,183327,94001,2071008,0,0
5652,28,2021-04-16,2261353,2066797,194556,95975,2165378,0,0
5653,28,2021-04-17,2352247,2145690,206557,109919,2242328,0,0
5654,28,2021-04-18,2418071,2205031,213040,139755,2278316,0,0
5655,28,2021-04-19,2507520,2279891,227629,170585,2336935,0,0
5656,28,2021-04-20,2594737,2352465,242272,200643,2394094,0,0
5657,28,2021-04-21,2657654,2403286,254368,222491,2435163,0,0
5658,28,2021-04-22,2714945,2448621,266324,247670,2467275,0,0
5659,28,2021-04-23,2811886,2526188,285698,260445,2551441,0,0
5660,28,2021-04-24,2924267,2616660,307607,269488,2654779,0,0
5661,28,2021-04-25,2995036,2676116,318920,271972,2723064,0,0
5662,28,2021-04-26,3085641,2746637,339004,276911,2808730,0,0
5663,28,2021-04-27,3131430,2779190,352240,280330,2851100,0,0
5664,28,2021-04-28,3211403,2837315,374088,283563,2927840,0,0
5665,28,2021-04-29,3292863,2896032,396831,286915,3005948,0,0
5666,28,2021-04-30,3394080,2968888,425192,290847,3103233,0,0
5667,28,2021-05-01,3465616,3022501,443115,292589,3173027,0,0
5668,28,2021-05-02,3498524,3047712,450812,293109,3205415,0,0
5669,28,2021-05-03,3535078,3073058,462020,294827,3240251,0,0
5670,28,2021-05-04,3556000,3087605,468395,297197,3258803,0,0
5671,28,2021-05-05,3636037,3137052,498985,298553,3337484,0,0
5672,28,2021-05-06,3718025,3189159,528866,300058,3417967,0,0
5673,28,2021-05-07,3790968,3234007,556961,303178,3487790,0,0
5674,28,2021-05-08,3859741,3273867,585874,307956,3551785,0,0
5675,28,2021-05-09,3900797,3298768,602029,310046,3590751,0,0
5676,28,2021-05-10,3981861,3343731,638130,313158,3668703,0,0
5677,28,2021-05-11,4065354,3392970,672384,315687,3749667,0,0
5678,28,2021-05-12,4117718,3430867,686851,318345,3799373,0,0
5679,28,2021-05-13,4157568,3460222,697346,320410,3837158,0,0
5680,28,2021-05-14,4176283,3474171,702112,323438,3852845,0,0
5681,28,2021-05-15,4195166,3488899,706267,328021,3867145,0,0
5682,28,2021-05-16,4200672,3493453,707219,330025,3870647,0,0
5683,28,2021-05-17,4209769,3500885,708884,332964,3876805,0,0
5684,28,2021-05-18,4218012,3506609,711403,336727,3881285,0,0
5685,28,2021-05-19,4239354,3526147,713207,339390,3899964,0,0
5686,28,2021-05-20,4277807,3561644,716163,344485,3933322,0,0
5687,28,2021-05-21,4315486,3594976,720510,351569,3963917,0,0
5688,28,2021-05-22,4370063,3643648,726415,360657,4009406,0,0
5689,28,2021-05-23,4395438,3664812,730626,367046,4028392,0,0
5690,28,2021-05-24,4422709,3686593,736116,375607,4047102,0,0
5691,28,2021-05-25,4449172,3704760,744412,387811,4061361,0,0
5692,28,2021-05-26,4481288,3732629,748659,394549,4086739,0,0
5693,28,2021-05-27,4505298,3752636,752662,400939,4104359,0,0
5694,28,2021-05-28,4524754,3768211,756543,408056,4116698,0,0
5695,28,2021-05-29,4568745,3807020,761725,416298,4152447,0,0
5696,28,2021-05-30,4602591,3837481,765110,422617,4179974,0,0
5697,28,2021-05-31,4639262,3868801,770461,430555,4208707,0,0
5698,28,2021-06-01,4675210,3899387,775823,440944,4234266,0,0
5699,28,2021-06-02,4712161,3932229,779932,447873,4264288,0,0
5700,28,2021-06-03,4749239,3965188,784051,455088,4294151,0,0
5701,28,2021-06-04,4809245,4020410,788835,461592,4347653,0,0
5702,28,2021-06-05,4872289,4079301,792988,467168,4405121,0,0
5703,28,2021-06-06,4911988,4117141,794847,469698,4442290,0,0
5704,28,2021-06-07,4962200,4163128,799072,474525,4487675,0,0
5705,28,2021-06-08,5010368,4207220,803148,479333,4531035,0,0
5706,28,2021-06-09,5041984,4236020,805964,484407,4557577,0,0
5707,28,2021-06-10,5070549,4261364,809185,492339,4578210,0,0
5708,28,2021-06-11,5123208,4309836,813372,497719,4625489,0,0
5709,28,2021-06-12,5187108,4370081,817027,501565,4685543,0,0
5710,28,2021-06-13,5219611,4400382,819229,504443,4715168,0,0
5711,28,2021-06-14,5246782,4424663,822119,507219,4739563,0,0
5712,28,2021-06-15,5277700,4450734,826966,511778,4765922,0,0
5713,28,2021-06-16,5299801,4468606,831195,514920,4784881,0,0
5714,28,2021-06-17,5327778,4490513,837265,518798,4808980,0,0
5715,28,2021-06-18,5356568,4513149,843419,522960,4833608,0,0
5716,28,2021-06-19,5385524,4535431,850093,527628,4857896,0,0
5717,28,2021-06-20,5422887,4565935,856952,532348,4890539,0,0
5718,28,2021-06-21,5521994,4654728,867266,543657,4978312,25,0
5719,28,2021-06-22,5647031,4764482,882549,559784,5087087,160,0
5720,28,2021-06-23,5736250,4839891,896359,573956,5162089,205,0
5721,28,2021-06-24,5844271,4929959,914312,586937,5257129,205,0
5722,28,2021-06-25,5972116,5036271,935845,605642,5366112,362,0
5723,28,2021-06-26,6114078,5146916,967162,625978,5487549,551,0
5724,28,2021-06-27,6182574,5204384,978190,652286,5529737,551,0
5725,28,2021-06-28,6230597,5242562,988035,671687,5558149,761,0
5726,28,2021-06-29,6265875,5269832,996043,689902,5574983,990,0
5727,28,2021-06-30,6292478,5289807,1002671,705149,5586174,1155,0
5728,28,2021-07-01,6314228,5307013,1007215,719137,5593767,1324,0
5729,28,2021-07-02,6346355,5327984,1018371,731489,5613353,1513,0
5730,28,2021-07-03,6894264,5710932,1183332,754339,6138212,1713,0
5731,28,2021-07-04,7017721,5800293,1217428,772345,6243663,1713,0
5732,28,2021-07-05,7070442,5835504,1234938,786825,6281904,1713,0
5733,28,2021-07-06,7095644,5853013,1242631,798339,6295572,1733,0
5734,28,2021-07-07,7290636,5977846,1312790,806804,6482099,1733,0
5735,28,2021-07-08,7317865,5994518,1323347,811972,6504160,1733,0
5736,28,2021-07-09,7331991,6002896,1329095,817693,6512478,1820,0
5737,28,2021-07-10,7387130,6045372,1341758,859811,6525324,1995,0
5738,28,2021-07-11,7415803,6070212,1345591,885883,6527768,2152,0
5739,28,2021-07-12,7618925,6190246,1428679,901183,6715419,2323,0
5740,28,2021-07-13,7664312,6217365,1446947,913778,6748052,2482,0
5741,28,2021-07-14,7797266,6339924,1457342,953285,6841155,2826,0
5742,28,2021-07-15,7822491,6358671,1463820,971396,6848080,3015,0
5743,28,2021-07-16,8002865,6465498,1537367,983285,7016313,3267,0
5744,28,2021-07-17,8035894,6485454,1550440,993370,7038857,3667,0
5745,28,2021-07-18,8041864,6488932,1552932,995722,7042318,3824,0
5746,28,2021-07-19,8055801,6497157,1558644,1002789,7048984,4028,0
5747,28,2021-07-20,8066359,6503408,1562951,1008770,7053362,4227,0
5748,28,2021-07-21,8261290,6615594,1645696,1010931,7245918,4441,0
5749,28,2021-07-22,8322119,6647300,1674819,1014474,7303091,4554,0
5750,28,2021-07-23,8345882,6659008,1686874,1019011,7322194,4677,0
5751,28,2021-07-24,8469949,6719588,1750361,1021514,7443555,4880,0
5752,28,2021-07-25,8494820,6731924,1762896,1024911,7464783,5126,0
5753,28,2021-07-26,8523555,6747639,1775916,1039394,7478895,5266,0
5754,28,2021-07-27,8542425,6757301,1785124,1048726,7488224,5475,0
5755,28,2021-07-28,8637626,6806417,1831209,1051644,7580317,5665,0
5756,28,2021-07-29,8751968,6868957,1883011,1065693,7680445,5830,0
5757,28,2021-07-30,8893061,6948236,1944825,1084240,7802848,5973,0
5758,28,2021-07-31,9155481,7192206,1963275,1107646,8041673,6162,0
5759,28,2021-08-01,9614710,7596875,2017835,1211575,8396890,6245,0
5760,28,2021-08-02,9691969,7641792,2050177,1251772,8433865,6332,0
5761,28,2021-08-03,9758467,7683148,2075319,1296769,8455270,6428,0
5762,28,2021-08-04,9794976,7705110,2089866,1318387,8470040,6549,0
5763,28,2021-08-05,9827360,7726279,2101081,1341387,8479309,6664,0
5764,28,2021-08-06,9854254,7743609,2110645,1365239,8482215,6800,0
5765,28,2021-08-07,10064017,7861095,2202922,1382692,8674335,6990,0
5766,28,2021-08-08,10140971,7908348,2232623,1391547,8742233,7191,0
5767,28,2021-08-09,10291265,8005636,2285629,1400787,8883204,7274,0
5768,29,2021-01-16,3285,3285,0,117,3168,0,0
5769,29,2021-01-17,3455,3455,0,118,3337,0,0
5770,29,2021-01-18,4037,4037,0,232,3805,0,0
5771,29,2021-01-19,13022,13022,0,681,12341,0,0
5772,29,2021-01-20,13146,13146,0,681,12465,0,0
5773,29,2021-01-21,13605,13605,0,681,12924,0,0
5774,29,2021-01-22,24545,24545,0,951,23594,0,0
5775,29,2021-01-23,47915,47915,0,1180,46735,0,0
5776,29,2021-01-24,74727,74727,0,1651,73076,0,0
5777,29,2021-01-25,141245,141245,0,2365,138880,0,0
5778,29,2021-01-26,141527,141527,0,2365,139162,0,0
5779,29,2021-01-27,218831,218831,0,4864,213967,0,0
5780,29,2021-01-28,239877,239877,0,7030,232847,0,0
5781,29,2021-01-29,302265,302265,0,7775,294490,0,0
5782,29,2021-01-30,307923,307923,0,7775,300148,0,0
5783,29,2021-01-31,309565,309565,0,7775,301790,0,0
5784,29,2021-02-01,313321,313321,0,7775,305546,0,0
5785,29,2021-02-02,319352,319352,0,7846,311506,0,0
5786,29,2021-02-03,343265,343265,0,8230,335035,0,0
5787,29,2021-02-04,364452,364452,0,8486,355966,0,0
5788,29,2021-02-05,392138,392138,0,14621,377517,0,0
5789,29,2021-02-06,434782,434782,0,41376,393406,0,0
5790,29,2021-02-07,436384,436384,0,41376,395008,0,0
5791,29,2021-02-08,462139,462139,0,60860,401279,0,0
5792,29,2021-02-09,467360,467360,0,63847,403513,0,0
5793,29,2021-02-10,534459,534459,0,104265,430194,0,0
5794,29,2021-02-11,566165,566165,0,112490,453675,0,0
5795,29,2021-02-12,582386,582386,0,122064,460322,0,0
5796,29,2021-02-13,585570,585570,0,123301,462269,0,0
5797,29,2021-02-14,586110,586110,0,123790,462320,0,0
5798,29,2021-02-15,611493,603314,8179,127608,475706,0,0
5799,29,2021-02-16,626481,612615,13866,128885,483730,0,0
5800,29,2021-02-17,747482,732921,14561,157772,575149,0,0
5801,29,2021-02-18,732405,717526,14879,158765,558761,0,0
5802,29,2021-02-19,790236,772221,18015,165082,607139,0,0
5803,29,2021-02-20,810063,773238,36825,165255,607983,0,0
5804,29,2021-02-21,810077,773239,36838,165255,607984,0,0
5805,29,2021-02-22,836494,773521,62973,165282,608239,0,0
5806,29,2021-02-23,866185,774043,92142,165455,608588,0,0
5807,29,2021-02-24,919887,774498,145389,165474,609024,0,0
5808,29,2021-02-25,939812,788094,151718,167268,620826,0,0
5809,29,2021-02-26,1010420,789478,220942,167373,622105,0,0
5810,29,2021-02-27,1010420,789478,220942,167373,622105,0,0
5811,29,2021-02-28,1010422,789480,220942,167374,622106,0,0
5812,29,2021-03-01,1010422,789480,220942,167374,622106,0,0
5813,29,2021-03-02,1213860,963857,250003,168009,795848,0,0
5814,29,2021-03-03,1423769,1160351,263418,168392,991959,0,0
5815,29,2021-03-04,1532359,1256310,276049,168611,1087699,0,0
5816,29,2021-03-05,1783489,1486399,297090,169388,1317011,0,0
5817,29,2021-03-06,2024053,1704633,319420,171194,1533439,0,0
5818,29,2021-03-07,2037152,1716982,320170,171308,1545674,0,0
5819,29,2021-03-08,2225610,1888485,337125,173356,1715129,0,0
5820,29,2021-03-09,1960495,1603603,356892,190132,1770304,0,0
5821,29,2021-03-10,2085412,1685982,399430,219703,1865650,0,0
5822,29,2021-03-11,2089766,1689250,400516,220883,1868824,0,0
5823,29,2021-03-12,2263958,1834674,429284,235130,2028769,0,0
5824,29,2021-03-13,2446510,2002259,444251,242092,2204359,0,0
5825,29,2021-03-14,2456156,2011583,444573,242408,2213689,0,0
5826,29,2021-03-15,2649046,2190626,458420,248718,2400269,0,0
5827,29,2021-03-16,3222996,2751567,471429,283600,2939396,0,0
5828,29,2021-03-17,3624763,3045459,579304,312125,3312638,0,0
5829,29,2021-03-18,3686399,3093912,592487,319641,3366758,0,0
5830,29,2021-03-19,3936959,3315225,621734,327954,3609005,0,0
5831,29,2021-03-20,4180576,3546499,634077,331638,3848938,0,0
5832,29,2021-03-21,4219462,3584419,635043,332116,3887346,0,0
5833,29,2021-03-22,4395920,3755021,640899,334418,4061502,0,0
5834,29,2021-03-23,4641690,3995543,646147,337497,4304193,0,0
5835,29,2021-03-24,4864027,4213791,650236,339380,4524647,0,0
5836,29,2021-03-25,4936175,4282590,653585,341110,4595065,0,0
5837,29,2021-03-26,5145466,4487127,658339,343376,4802090,0,0
5838,29,2021-03-27,5333240,4671741,661499,344893,4988347,0,0
5839,29,2021-03-28,5341604,4680019,661585,344911,4996693,0,0
5840,29,2021-03-29,5341595,4680010,661585,344910,4996685,0,0
5841,29,2021-03-30,5434584,4756460,678124,345708,5088876,0,0
5842,29,2021-03-31,5570248,4866824,703424,347210,5223038,0,0
5843,29,2021-04-01,5740300,5013880,726420,348954,5391346,0,0
5844,29,2021-04-02,6080050,5313549,766501,352408,5727642,0,0
5845,29,2021-04-03,6369889,5568003,801886,355537,6014352,0,0
5846,29,2021-04-04,6802269,5958784,843485,360390,6441879,0,0
5847,29,2021-04-05,7140844,6257503,883341,364815,6776029,0,0
5848,29,2021-04-06,7456232,6542132,914100,367699,7088533,0,0
5849,29,2021-04-07,8149121,7175412,973709,375787,7773334,0,0
5850,29,2021-04-08,8802577,7767712,1034865,384033,8418544,0,0
5851,29,2021-04-09,9242464,8164413,1078051,392807,8849657,0,0
5852,29,2021-04-10,9563597,8448722,1114875,406725,9156872,0,0
5853,29,2021-04-11,9715559,8581755,1133804,419409,9296150,0,0
5854,29,2021-04-12,9924376,8758751,1165625,435841,9488535,0,0
5855,29,2021-04-13,10080259,8885930,1194329,443043,9637216,0,0
5856,29,2021-04-14,10223602,8996238,1227364,449571,9774031,0,0
5857,29,2021-04-15,10357687,9093355,1264332,459984,9897703,0,0
5858,29,2021-04-16,10522686,9206593,1316093,472184,10050502,0,0
5859,29,2021-04-17,10696255,9330653,1365602,482336,10213919,0,0
5860,29,2021-04-18,10883172,9457932,1425240,490276,10392896,0,0
5861,29,2021-04-19,11190106,9659550,1530556,507024,10683082,0,0
5862,29,2021-04-20,11450316,9828071,1622245,521341,10928975,0,0
5863,29,2021-04-21,11649150,9952126,1697024,530945,11118205,0,0
5864,29,2021-04-22,11834881,10068970,1765911,547308,11287573,0,0
5865,29,2021-04-23,12009834,10178146,1831688,564359,11445475,0,0
5866,29,2021-04-24,12207116,10298265,1908851,577931,11629185,0,0
5867,29,2021-04-25,12347726,10388394,1959332,586354,11761372,0,0
5868,29,2021-04-26,12541830,10507761,2034069,595246,11946584,0,0
5869,29,2021-04-27,12659945,10578840,2081105,603228,12056717,0,0
5870,29,2021-04-28,12811445,10669656,2141789,615176,12196269,0,0
5871,29,2021-04-29,12936289,10745384,2190905,626969,12309320,0,0
5872,29,2021-04-30,13021948,10797155,2224793,640765,12381183,0,0
5873,29,2021-05-01,13084309,10835900,2248409,654958,12429351,0,0
5874,29,2021-05-02,13173409,10894243,2279166,663156,12510253,0,0
5875,29,2021-05-03,13351069,11008158,2342911,676497,12674572,0,0
5876,29,2021-05-04,13497182,11108037,2389145,690074,12807108,0,0
5877,29,2021-05-05,13626322,11195379,2430943,703252,12923070,0,0
5878,29,2021-05-06,13736919,11266670,2470249,715559,13021360,0,0
5879,29,2021-05-07,13891493,11346992,2544501,727581,13163912,0,0
5880,29,2021-05-08,14086593,11435174,2651419,742510,13344083,0,0
5881,29,2021-05-09,14177991,11498654,2679337,750745,13427246,0,0
5882,29,2021-05-10,14374162,11636945,2737217,769632,13604530,0,0
5883,29,2021-05-11,14626660,11777805,2848855,783988,13842672,0,0
5884,29,2021-05-12,14811519,11907840,2903679,799889,14011630,0,0
5885,29,2021-05-13,14934512,11987039,2947473,810885,14123627,0,0
5886,29,2021-05-14,14991949,12027499,2964450,818326,14173623,0,0
5887,29,2021-05-15,15135482,12151403,2984079,828697,14306785,0,0
5888,29,2021-05-16,15249948,12264148,2985800,832498,14417450,0,0
5889,29,2021-05-17,15414928,12424705,2990223,840830,14574098,0,0
5890,29,2021-05-18,15544817,12550082,2994735,848193,14696624,0,0
5891,29,2021-05-19,15625438,12624961,3000477,856353,14769085,0,0
5892,29,2021-05-20,15709931,12703604,3006327,866754,14843177,0,0
5893,29,2021-05-21,15819042,12802925,3016117,882926,14936116,0,0
5894,29,2021-05-22,15944503,12918449,3026054,898359,15046144,0,0
5895,29,2021-05-23,16036018,13005679,3030339,905846,15130172,0,0
5896,29,2021-05-24,16186100,13146014,3040086,920851,15265249,0,0
5897,29,2021-05-25,16287494,13236338,3051156,936032,15351462,0,0
5898,29,2021-05-26,16367035,13307746,3059289,946830,15420205,0,0
5899,29,2021-05-27,16429431,13364120,3065311,956652,15472779,0,0
5900,29,2021-05-28,16554847,13476246,3078601,1024764,15530083,0,0
5901,29,2021-05-29,16759793,13668689,3091104,1156837,15602956,0,0
5902,29,2021-05-30,16865658,13767364,3098294,1218555,15647103,0,0
5903,29,2021-05-31,17016331,13900165,3116166,1272840,15743491,0,0
5904,29,2021-06-01,17124031,13990636,3133395,1306014,15818017,0,0
5905,29,2021-06-02,17240714,14090093,3150621,1329533,15911181,0,0
5906,29,2021-06-03,17334159,14169376,3164783,1348134,15986025,0,0
5907,29,2021-06-04,17488910,14298417,3190493,1374031,16114879,0,0
5908,29,2021-06-05,17662091,14444962,3217129,1394632,16267459,0,0
5909,29,2021-06-06,17743175,14513474,3229701,1406072,16337103,0,0
5910,29,2021-06-07,17872011,14615154,3256857,1427733,16444278,0,0
5911,29,2021-06-08,18040679,14759272,3281407,1450499,16590180,0,0
5912,29,2021-06-09,18484841,15186893,3297948,1561206,16923635,0,0
5913,29,2021-06-10,18832537,15524081,3308456,1666240,17166297,0,0
5914,29,2021-06-11,19292726,15970989,3321737,1785188,17507538,0,0
5915,29,2021-06-12,19606991,16273082,3333909,1863104,17743887,0,0
5916,29,2021-06-13,19721553,16383144,3338409,1885595,17835958,0,0
5917,29,2021-06-14,19895554,16548285,3347269,1926980,17968574,0,0
5918,29,2021-06-15,19990335,16636379,3353956,1941379,18048956,0,0
5919,29,2021-06-16,20042703,16682442,3360261,1951443,18091260,0,0
5920,29,2021-06-17,20286459,16920784,3365675,2007601,18278858,0,0
5921,29,2021-06-18,20630839,17259146,3371693,2089189,18541650,0,0
5922,29,2021-06-19,20869269,17479778,3389491,2150065,18719204,0,0
5923,29,2021-06-20,21238176,17808082,3430094,2194302,19043874,0,0
5924,29,2021-06-21,21713044,18233535,3479509,2227529,19485515,0,0
5925,29,2021-06-22,22139075,18591445,3547630,2240845,19898230,0,0
5926,29,2021-06-23,22498043,18905925,3592118,2255581,20242462,0,0
5927,29,2021-06-24,22714675,19090259,3624416,2307249,20407396,30,0
5928,29,2021-06-25,23669169,19929199,3739970,2588668,21080245,256,0
5929,29,2021-06-26,23987142,20190615,3796527,2676051,21310446,645,0
5930,29,2021-06-27,24251293,20412715,3838578,2704563,21545895,835,0
5931,29,2021-06-28,24438759,20555847,3882912,2733500,21704194,1065,0
5932,29,2021-06-29,24548916,20634921,3913995,2742785,21804798,1333,0
5933,29,2021-06-30,24731046,20750495,3980551,2787116,21942543,1387,0
5934,29,2021-07-01,24802226,20795259,4006967,2829269,21971470,1487,0
5935,29,2021-07-02,24887697,20857470,4030227,2877122,22008887,1688,0
5936,29,2021-07-03,25666108,21329040,4337068,2921921,22742319,1868,0
5937,29,2021-07-04,25769650,21401946,4367704,2930232,22837550,1868,0
5938,29,2021-07-05,25821446,21436551,4384895,2944530,22874872,2044,0
5939,29,2021-07-06,25848234,21454435,4393799,2953595,22892419,2220,0
5940,29,2021-07-07,25937520,21492586,4444934,2971080,22964125,2315,0
5941,29,2021-07-08,26122903,21575079,4547824,3007774,23112718,2411,0
5942,29,2021-07-09,26199280,21609462,4589818,3017046,23179617,2617,0
5943,29,2021-07-10,26331376,21664006,4667370,3021501,23307120,2755,0
5944,29,2021-07-11,26410483,21723913,4686570,3022573,23385155,2755,0
5945,29,2021-07-12,26449059,21746599,4702460,3026206,23419979,2874,0
5946,29,2021-07-13,26864455,21932046,4932409,3028546,23832596,3313,0
5947,29,2021-07-14,27443343,22338369,5104974,3031922,24408022,3399,0
5948,29,2021-07-15,27500600,22373497,5127103,3034528,24462542,3530,0
5949,29,2021-07-16,27641745,22426875,5214870,3068376,24569404,3965,0
5950,29,2021-07-17,28339982,22825332,5514650,3115807,25219696,4479,0
5951,29,2021-07-18,28728054,23104088,5623966,3119975,25603535,4544,0
5952,29,2021-07-19,29004440,23295064,5709376,3124640,25874960,4840,0
5953,29,2021-07-20,29112114,23366886,5745228,3127624,25979168,5322,0
5954,29,2021-07-21,29445345,23537218,5908127,3152980,26286826,5539,0
5955,29,2021-07-22,29921633,23791131,6130502,3199253,26716534,5846,0
5956,29,2021-07-23,30117597,23882904,6234693,3221424,26889921,6252,0
5957,29,2021-07-24,30199259,23920844,6278415,3229647,26962964,6648,0
5958,29,2021-07-25,30375699,23957890,6417809,3299211,27069773,6715,0
5959,29,2021-07-26,30600816,24030759,6570057,3366214,27227537,7065,0
5960,29,2021-07-27,30844855,24135690,6709165,3376784,27460677,7394,0
5961,29,2021-07-28,31308628,24360155,6948473,3445176,27855743,7709,0
5962,29,2021-07-29,31750352,24540264,7210088,3581604,28160762,7986,0
5963,29,2021-07-30,32039895,24701914,7337981,3625060,28406542,8293,0
5964,29,2021-07-31,32468620,24972030,7496590,3718217,28741806,8597,0
5965,29,2021-08-01,32814367,25283749,7530618,3746942,29058772,8653,0
5966,29,2021-08-02,33297593,25550176,7747417,3912852,29375905,8836,0
5967,29,2021-08-03,33624206,25761454,7862752,4023013,29592011,9182,0
5968,29,2021-08-04,33959663,26005913,7953750,4270254,29680026,9383,0
5969,29,2021-08-05,34198362,26169393,8028969,4330705,29858207,9450,0
5970,29,2021-08-06,34620302,26474406,8145896,4383265,30227319,9718,0
5971,29,2021-08-07,34954868,26710747,8244121,4408650,30536435,9783,0
5972,29,2021-08-08,35082922,26797208,8285714,4413932,30659080,9910,0
5973,29,2021-08-09,35383662,27008606,8375056,4419700,30953894,10068,0
5974,30,2021-01-16,7,7,0,0,7,0,0
5975,30,2021-01-17,7,7,0,0,7,0,0
5976,30,2021-01-18,7,7,0,0,7,0,0
5977,30,2021-01-19,38,38,0,0,38,0,0
5978,30,2021-01-20,62,62,0,0,62,0,0
5979,30,2021-01-21,186,186,0,0,186,0,0
5980,30,2021-01-22,296,296,0,0,296,0,0
5981,30,2021-01-23,299,299,0,0,299,0,0
5982,30,2021-01-24,309,309,0,0,309,0,0
5983,30,2021-01-25,477,477,0,0,477,0,0
5984,30,2021-01-26,490,490,0,0,490,0,0
5985,30,2021-01-27,964,964,0,0,964,0,0
5986,30,2021-01-28,1431,1431,0,0,1431,0,0
5987,30,2021-01-29,1707,1707,0,0,1707,0,0
5988,30,2021-01-30,1707,1707,0,0,1707,0,0
5989,30,2021-01-31,1709,1709,0,0,1709,0,0
5990,30,2021-02-01,1855,1855,0,0,1855,0,0
5991,30,2021-02-02,2336,2336,0,0,2336,0,0
5992,30,2021-02-03,3084,3084,0,0,3084,0,0
5993,30,2021-02-04,3923,3923,0,0,3923,0,0
5994,30,2021-02-05,4857,4857,0,0,4857,0,0
5995,30,2021-02-06,5089,5089,0,0,5089,0,0
5996,30,2021-02-07,5090,5090,0,0,5090,0,0
5997,30,2021-02-08,5726,5726,0,1,5725,0,0
5998,30,2021-02-09,6653,6653,0,6,6647,0,0
5999,30,2021-02-10,7478,7478,0,6,7472,0,0
6000,30,2021-02-11,8022,8022,0,6,8016,0,0
6001,30,2021-02-12,8041,8041,0,6,8035,0,0
6002,30,2021-02-13,8042,8042,0,6,8036,0,0
6003,30,2021-02-14,8042,8042,0,6,8036,0,0
6004,30,2021-02-15,8252,8252,0,6,8246,0,0
6005,30,2021-02-16,9006,8849,157,6,8843,0,0
6006,30,2021-02-17,9714,9463,251,6,9457,0,0
6007,30,2021-02-18,10339,9981,358,109,9872,0,0
6008,30,2021-02-19,11993,11296,697,124,11172,0,0
6009,30,2021-02-20,12921,12222,699,128,12094,0,0
6010,30,2021-02-21,12921,12222,699,128,12094,0,0
6011,30,2021-02-22,14550,13766,784,154,13612,0,0
6012,30,2021-02-23,16146,15194,952,156,15038,0,0
6013,30,2021-02-24,17456,16382,1074,158,16224,0,0
6014,30,2021-02-25,18535,17286,1249,163,17123,0,0
6015,30,2021-02-26,19112,17647,1465,170,17477,0,0
6016,30,2021-02-27,19112,17647,1465,170,17477,0,0
6017,30,2021-02-28,19112,17647,1465,170,17477,0,0
6018,30,2021-03-01,19112,17647,1465,170,17477,0,0
6019,30,2021-03-02,20991,18890,2101,189,18701,0,0
6020,30,2021-03-03,22602,20235,2367,190,20045,0,0
6021,30,2021-03-04,24622,21853,2769,194,21659,0,0
6022,30,2021-03-05,27446,23624,3822,201,23423,0,0
6023,30,2021-03-06,29477,25221,4256,201,25020,0,0
6024,30,2021-03-07,29477,25221,4256,201,25020,0,0
6025,30,2021-03-08,33038,27834,5204,208,27626,0,0
6026,30,2021-03-09,30915,24975,5940,0,30915,0,0
6027,30,2021-03-10,34629,28118,6511,0,34629,0,0
6028,30,2021-03-11,38361,31053,7308,0,38360,0,0
6029,30,2021-03-12,41096,33511,7585,0,41095,0,0
6030,30,2021-03-13,41351,33766,7585,0,41350,0,0
6031,30,2021-03-14,41351,33766,7585,0,41350,0,0
6032,30,2021-03-15,44207,36344,7863,0,44206,0,0
6033,30,2021-03-16,50954,42816,8138,0,50954,0,0
6034,30,2021-03-17,54631,46124,8507,0,54631,0,0
6035,30,2021-03-18,57312,48290,9022,0,57312,0,0
6036,30,2021-03-19,59889,50370,9519,0,59889,0,0
6037,30,2021-03-20,61649,51788,9861,0,61649,0,0
6038,30,2021-03-21,61716,51854,9862,0,61716,0,0
6039,30,2021-03-22,64495,53523,10972,0,64495,0,0
6040,30,2021-03-23,67281,55534,11747,0,67281,0,0
6041,30,2021-03-24,69288,57257,12031,0,69288,0,0
6042,30,2021-03-25,71024,58846,12178,0,71024,0,0
6043,30,2021-03-26,72788,60509,12279,0,72788,0,0
6044,30,2021-03-27,72814,60535,12279,0,72814,0,0
6045,30,2021-03-28,72815,60536,12279,0,72815,0,0
6046,30,2021-03-29,72815,60536,12279,0,72815,0,0
6047,30,2021-03-30,73752,61317,12435,0,73752,0,0
6048,30,2021-03-31,74191,61697,12494,0,74191,0,0
6049,30,2021-04-01,77314,64678,12636,0,77314,0,0
6050,30,2021-04-02,78293,65631,12662,0,78293,0,0
6051,30,2021-04-03,78880,66218,12662,0,78880,0,0
6052,30,2021-04-04,79192,66530,12662,0,79192,0,0
6053,30,2021-04-05,82059,69217,12842,0,82059,0,0
6054,30,2021-04-06,85747,72723,13024,0,85747,0,0
6055,30,2021-04-07,94426,80892,13534,0,94426,0,0
6056,30,2021-04-08,104473,90081,14392,0,104473,0,0
6057,30,2021-04-09,112414,97386,15028,0,112414,0,0
6058,30,2021-04-10,115201,99963,15238,0,115201,0,0
6059,30,2021-04-11,117171,101795,15376,0,117171,0,0
6060,30,2021-04-12,125831,109886,15945,0,125831,0,0
6061,30,2021-04-13,135455,118962,16493,0,135455,0,0
6062,30,2021-04-14,141777,124532,17245,0,141777,0,0
6063,30,2021-04-15,148555,130118,18437,0,148555,0,0
6064,30,2021-04-16,155241,135490,19751,0,155241,0,0
6065,30,2021-04-17,160123,139394,20729,0,160123,0,0
6066,30,2021-04-18,161058,140119,20939,0,161058,0,0
6067,30,2021-04-19,166609,143952,22657,0,166609,0,0
6068,30,2021-04-20,171123,146868,24255,0,171123,0,0
6069,30,2021-04-21,172465,147787,24678,0,172465,0,0
6070,30,2021-04-22,177162,149886,27276,0,177162,0,0
6071,30,2021-04-23,182621,152278,30343,0,182621,0,0
6072,30,2021-04-24,185449,153579,31870,0,185449,0,0
6073,30,2021-04-25,185895,153939,31956,0,185895,0,0
6074,30,2021-04-26,189953,155696,34257,0,189953,0,0
6075,30,2021-04-27,193834,157168,36666,0,193834,0,0
6076,30,2021-04-28,196919,158440,38479,0,196919,0,0
6077,30,2021-04-29,200586,159827,40759,0,200586,0,0
6078,30,2021-04-30,203966,161083,42883,0,203966,0,0
6079,30,2021-05-01,204960,161364,43596,0,204960,0,0
6080,30,2021-05-02,204990,161376,43614,0,204990,0,0
6081,30,2021-05-03,207754,162016,45738,0,207754,0,0
6082,30,2021-05-04,210281,162666,47615,0,210281,0,0
6083,30,2021-05-05,212688,163194,49494,0,212688,0,0
6084,30,2021-05-06,215456,164073,51383,0,215456,0,0
6085,30,2021-05-07,218368,164598,53770,0,218368,0,0
6086,30,2021-05-08,219141,164772,54369,0,219141,0,0
6087,30,2021-05-09,219312,164805,54507,0,219312,0,0
6088,30,2021-05-10,221248,165201,56047,0,221248,0,0
6089,30,2021-05-11,222448,165440,57008,0,222448,0,0
6090,30,2021-05-12,223154,165669,57485,0,223154,0,0
6091,30,2021-05-13,224984,165948,59036,0,224984,0,0
6092,30,2021-05-14,225702,166119,59583,0,225702,0,0
6093,30,2021-05-15,225794,166200,59594,0,225794,0,0
6094,30,2021-05-16,226156,166562,59594,0,226156,0,0
6095,30,2021-05-17,226891,167276,59615,0,226891,0,0
6096,30,2021-05-18,227622,168003,59619,0,227622,0,0
6097,30,2021-05-19,229107,169488,59619,0,229107,0,0
6098,30,2021-05-20,230980,171357,59623,0,230980,0,0
6099,30,2021-05-21,232718,173083,59635,0,232718,0,0
6100,30,2021-05-22,234303,174666,59637,0,234303,0,0
6101,30,2021-05-23,234303,174666,59637,0,234303,0,0
6102,30,2021-05-24,235593,175956,59637,0,235593,0,0
6103,30,2021-05-25,236874,177233,59641,0,236874,0,0
6104,30,2021-05-26,237959,178318,59641,0,237959,0,0
6105,30,2021-05-27,238715,179072,59643,0,238715,0,0
6106,30,2021-05-28,238828,179180,59648,0,238828,0,0
6107,30,2021-05-29,238891,179238,59653,0,238891,0,0
6108,30,2021-05-30,238891,179238,59653,0,238891,0,0
6109,30,2021-05-31,238983,179322,59661,0,238983,0,0
6110,30,2021-06-01,239043,179370,59673,0,239043,0,0
6111,30,2021-06-02,239174,179483,59691,0,239174,0,0
6112,30,2021-06-03,239355,179658,59697,0,239355,0,0
6113,30,2021-06-04,239548,179835,59713,0,239548,0,0
6114,30,2021-06-05,239628,179914,59714,0,239628,0,0
6115,30,2021-06-06,239779,180065,59714,0,239779,0,0
6116,30,2021-06-07,240036,180310,59726,0,240036,0,0
6117,30,2021-06-08,240711,180973,59738,0,240711,0,0
6118,30,2021-06-09,244354,184590,59764,0,244354,0,0
6119,30,2021-06-10,252346,192568,59778,0,252346,0,0
6120,30,2021-06-11,264968,205177,59791,0,264968,0,0
6121,30,2021-06-12,273389,213590,59799,0,273389,0,0
6122,30,2021-06-13,273567,213768,59799,0,273567,0,0
6123,30,2021-06-14,286462,226626,59836,0,286462,0,0
6124,30,2021-06-15,302373,242535,59838,0,302373,0,0
6125,30,2021-06-16,317335,257485,59850,0,317335,0,0
6126,30,2021-06-17,331827,271946,59881,0,331827,0,0
6127,30,2021-06-18,347391,287492,59899,0,347391,0,0
6128,30,2021-06-19,358633,298722,59911,0,358633,0,0
6129,30,2021-06-20,359435,299524,59911,0,359435,0,0
6130,30,2021-06-21,371403,311460,59943,0,371403,0,0
6131,30,2021-06-22,385331,325348,59983,0,385331,0,0
6132,30,2021-06-23,397182,337151,60031,0,397182,0,0
6133,30,2021-06-24,409995,349190,60805,0,409995,0,0
6134,30,2021-06-25,423563,362037,61526,0,423563,0,0
6135,30,2021-06-26,433131,371534,61597,0,433131,0,0
6136,30,2021-06-27,433136,371539,61597,0,433136,0,0
6137,30,2021-06-28,448770,384196,64574,0,448770,0,0
6138,30,2021-06-29,462454,394505,67949,0,462454,0,0
6139,30,2021-06-30,473810,401506,72304,0,473810,0,0
6140,30,2021-07-01,483470,407286,76184,0,483470,0,0
6141,30,2021-07-02,493534,411724,81810,0,493534,0,0
6142,30,2021-07-03,501578,416397,85181,0,501578,0,0
6143,30,2021-07-04,501580,416397,85183,0,501580,0,0
6144,30,2021-07-05,515248,423054,92194,0,515248,0,0
6145,30,2021-07-06,527470,428512,98958,0,527470,0,0
6146,30,2021-07-07,537467,432987,104480,0,537467,0,0
6147,30,2021-07-08,546775,436734,110041,0,546775,0,0
6148,30,2021-07-09,556100,440417,115683,0,556100,0,0
6149,30,2021-07-10,560587,442125,118462,0,560587,0,0
6150,30,2021-07-11,560587,442125,118462,0,560587,0,0
6151,30,2021-07-12,570245,445999,124246,0,570245,0,0
6152,30,2021-07-13,572209,447174,125035,0,572209,0,0
6153,30,2021-07-14,576624,451037,125587,0,576624,0,0
6154,30,2021-07-15,586083,455475,130608,0,586083,0,0
6155,30,2021-07-16,595976,461643,134333,0,595976,0,0
6156,30,2021-07-17,600482,464383,136099,0,600482,0,0
6157,30,2021-07-18,600616,464508,136108,0,600616,0,0
6158,30,2021-07-19,602701,465924,136777,0,602701,0,0
6159,30,2021-07-20,610184,471162,139022,0,610184,0,0
6160,30,2021-07-21,615158,474356,140802,0,615158,0,0
6161,30,2021-07-22,619709,477661,142048,0,619709,0,0
6162,30,2021-07-23,624999,481112,143887,0,624999,0,0
6163,30,2021-07-24,626545,482041,144504,0,626545,0,0
6164,30,2021-07-25,626545,482041,144504,0,626545,0,0
6165,30,2021-07-26,630016,484753,145263,0,630016,0,0
6166,30,2021-07-27,632688,486553,146135,0,632688,0,0
6167,30,2021-07-28,633927,487514,146413,0,633927,0,0
6168,30,2021-07-29,635789,488841,146948,0,635789,0,0
6169,30,2021-07-30,637950,490105,147845,0,637950,0,0
6170,30,2021-07-31,638736,490631,148105,0,638736,0,0
6171,30,2021-08-01,639327,491205,148122,0,639327,0,0
6172,30,2021-08-02,642176,493353,148823,0,642176,0,0
6173,30,2021-08-03,643576,494089,149487,0,643576,0,0
6174,30,2021-08-04,644762,494904,149858,0,644762,0,0
6175,30,2021-08-05,646220,495935,150285,0,646220,0,0
6176,30,2021-08-06,647540,496921,150619,0,647540,0,0
6177,30,2021-08-07,647897,497154,150743,0,647897,0,0
6178,30,2021-08-08,647897,497154,150743,0,647897,0,0
6179,30,2021-08-09,649389,497851,151538,0,649389,0,0
6180,31,2021-01-16,1167,1167,0,6,1161,0,0
6181,31,2021-01-17,1745,1745,0,29,1716,0,0
6182,31,2021-01-18,2861,2861,0,42,2819,0,0
6183,31,2021-01-19,6154,6154,0,111,6043,0,0
6184,31,2021-01-20,9060,9060,0,144,8916,0,0
6185,31,2021-01-21,15654,15654,0,227,15427,0,0
6186,31,2021-01-22,23659,23659,0,355,23304,0,0
6187,31,2021-01-23,31127,31127,0,510,30617,0,0
6188,31,2021-01-24,35144,35144,0,591,34553,0,0
6189,31,2021-01-25,41396,41396,0,740,40656,0,0
6190,31,2021-01-26,46310,46310,0,896,45414,0,0
6191,31,2021-01-27,54195,54195,0,1085,53110,0,0
6192,31,2021-01-28,61290,61290,0,1247,60043,0,0
6193,31,2021-01-29,66918,66918,0,1331,65587,0,0
6194,31,2021-01-30,76934,76934,0,1495,75439,0,0
6195,31,2021-01-31,77809,77809,0,1505,76304,0,0
6196,31,2021-02-01,85002,85002,0,1606,83396,0,0
6197,31,2021-02-02,91094,91094,0,1698,89396,0,0
6198,31,2021-02-03,98750,98750,0,1849,96901,0,0
6199,31,2021-02-04,107904,107904,0,1966,105938,0,0
6200,31,2021-02-05,116857,116857,0,2076,114781,0,0
6201,31,2021-02-06,126381,126381,0,2311,124070,0,0
6202,31,2021-02-07,127289,127289,0,2311,124978,0,0
6203,31,2021-02-08,139024,139024,0,2815,136209,0,0
6204,31,2021-02-09,150915,150915,0,2913,148002,0,0
6205,31,2021-02-10,162412,162412,0,3016,159396,0,0
6206,31,2021-02-11,173368,173368,0,3098,170270,0,0
6207,31,2021-02-12,184565,184565,0,3178,181387,0,0
6208,31,2021-02-13,195870,195203,667,3379,191824,0,0
6209,31,2021-02-14,196467,195796,671,3379,192417,0,0
6210,31,2021-02-15,205097,203921,1176,3566,200355,0,0
6211,31,2021-02-16,215964,213823,2141,3673,210150,0,0
6212,31,2021-02-17,227737,224158,3579,3812,220346,0,0
6213,31,2021-02-18,234412,228388,6024,3805,224583,0,0
6214,31,2021-02-19,256388,246203,10185,4198,242005,0,0
6215,31,2021-02-20,269873,255918,13955,4417,251501,0,0
6216,31,2021-02-21,270487,256365,14122,4421,251944,0,0
6217,31,2021-02-22,280847,262213,18634,4579,257634,0,0
6218,31,2021-02-23,291582,268486,23096,4696,263790,0,0
6219,31,2021-02-24,300604,273618,26986,4813,268805,0,0
6220,31,2021-02-25,308895,278432,30463,4975,273457,0,0
6221,31,2021-02-26,319966,284640,35326,5222,279418,0,0
6222,31,2021-02-27,319966,284640,35326,5222,279418,0,0
6223,31,2021-02-28,319966,284640,35326,5222,279418,0,0
6224,31,2021-03-01,319966,284640,35326,5222,279418,0,0
6225,31,2021-03-02,357600,315543,42057,5886,309657,0,0
6226,31,2021-03-03,400506,353429,47077,6745,346684,0,0
6227,31,2021-03-04,455609,404222,51387,7946,396276,0,0
6228,31,2021-03-05,532154,474441,57713,9590,464851,0,0
6229,31,2021-03-06,619615,554443,65172,11737,542706,0,0
6230,31,2021-03-07,646341,579008,67333,12594,566414,0,0
6231,31,2021-03-08,732192,658443,73749,14584,643859,0,0
6232,31,2021-03-09,733464,651487,81977,16381,717029,0,0
6233,31,2021-03-10,820208,729539,90669,18645,801509,0,0
6234,31,2021-03-11,905294,805176,100118,21190,884041,0,0
6235,31,2021-03-12,996547,887006,109541,23812,972671,0,0
6236,31,2021-03-13,1086617,967045,119572,27158,1059395,0,0
6237,31,2021-03-14,1108284,987144,121140,28210,1080010,0,0
6238,31,2021-03-15,1205503,1075960,129543,32244,1173195,0,0
6239,31,2021-03-16,1423843,1282816,141027,40810,1383033,0,0
6240,31,2021-03-17,1581558,1429800,151758,53377,1528181,0,0
6241,31,2021-03-18,1695339,1533516,161823,68471,1626868,0,0
6242,31,2021-03-19,1814949,1642080,172869,89414,1725535,0,0
6243,31,2021-03-20,1941168,1757406,183762,119795,1821373,0,0
6244,31,2021-03-21,1988556,1801246,187310,138934,1849622,0,0
6245,31,2021-03-22,2085366,1889774,195592,168271,1917095,0,0
6246,31,2021-03-23,2217917,2011826,206091,217158,2000759,0,0
6247,31,2021-03-24,2317475,2105533,211942,258964,2058511,0,0
6248,31,2021-03-25,2422220,2204055,218165,295526,2126694,0,0
6249,31,2021-03-26,2527792,2302650,225142,322886,2204906,0,0
6250,31,2021-03-27,2632190,2401267,230923,345673,2286517,0,0
6251,31,2021-03-28,2653179,2421436,231743,350269,2302910,0,0
6252,31,2021-03-29,2748044,2509568,238476,366211,2381833,0,0
6253,31,2021-03-30,2829551,2583284,246267,378779,2450772,0,0
6254,31,2021-03-31,2905435,2650411,255024,390439,2514996,0,0
6255,31,2021-04-01,2965312,2703180,262132,398362,2566950,0,0
6256,31,2021-04-02,3046904,2774534,272370,410098,2636806,0,0
6257,31,2021-04-03,3101889,2821427,280462,417195,2684694,0,0
6258,31,2021-04-04,3141884,2855222,286662,423427,2718457,0,0
6259,31,2021-04-05,3187087,2892174,294913,429313,2757774,0,0
6260,31,2021-04-06,3219359,2918808,300551,434314,2785045,0,0
6261,31,2021-04-07,3280537,2967647,312890,443519,2837018,0,0
6262,31,2021-04-08,3400924,3061151,339773,459339,2941585,0,0
6263,31,2021-04-09,3532446,3166812,365634,475882,3056564,0,0
6264,31,2021-04-10,3665295,3274164,391131,492256,3173039,0,0
6265,31,2021-04-11,3714682,3316055,398627,500185,3214497,0,0
6266,31,2021-04-12,3880228,3449290,430938,517200,3363028,0,0
6267,31,2021-04-13,4019326,3565954,453372,532413,3486913,0,0
6268,31,2021-04-14,4110125,3641043,469082,542671,3567454,0,0
6269,31,2021-04-15,4315785,3801731,514054,563954,3751831,0,0
6270,31,2021-04-16,4528836,3966587,562249,590463,3938373,0,0
6271,31,2021-04-17,4669044,4063643,605401,613357,4055687,0,0
6272,31,2021-04-18,4710862,4090953,619909,624338,4086524,0,0
6273,31,2021-04-19,4813376,4147072,666304,654271,4159105,0,0
6274,31,2021-04-20,4892064,4187565,704499,682404,4209660,0,0
6275,31,2021-04-21,4965564,4223251,742313,708301,4257263,0,0
6276,31,2021-04-22,5075681,4268889,806792,728203,4347478,0,0
6277,31,2021-04-23,5205556,4323326,882230,745060,4460496,0,0
6278,31,2021-04-24,5327915,4376661,951254,757930,4569985,0,0
6279,31,2021-04-25,5351073,4388384,962689,761022,4590051,0,0
6280,31,2021-04-26,5483332,4440291,1043041,783406,4699926,0,0
6281,31,2021-04-27,5624732,4495630,1129102,814748,4809984,0,0
6282,31,2021-04-28,5740648,4544279,1196369,839740,4900908,0,0
6283,31,2021-04-29,5845197,4589747,1255450,868619,4976578,0,0
6284,31,2021-04-30,5947056,4635084,1311972,896561,5050495,0,0
6285,31,2021-05-01,6030884,4671707,1359177,910724,5120160,0,0
6286,31,2021-05-02,6046415,4679335,1367080,913563,5132852,0,0
6287,31,2021-05-03,6135244,4716835,1418409,923475,5211769,0,0
6288,31,2021-05-04,6210666,4750360,1460306,932547,5278119,0,0
6289,31,2021-05-05,6279062,4781479,1497583,941481,5337581,0,0
6290,31,2021-05-06,6379188,4823176,1556012,963716,5415472,0,0
6291,31,2021-05-07,6478830,4866561,1612269,985661,5493169,0,0
6292,31,2021-05-08,6546261,4895451,1650810,1000822,5545439,0,0
6293,31,2021-05-09,6569914,4906062,1663852,1005549,5564365,0,0
6294,31,2021-05-10,6676837,4951333,1725504,1016620,5660217,0,0
6295,31,2021-05-11,6762623,4991388,1771235,1026445,5736178,0,0
6296,31,2021-05-12,6851406,5037596,1813810,1035957,5815449,0,0
6297,31,2021-05-13,6951309,5092140,1859169,1045897,5905412,0,0
6298,31,2021-05-14,7009930,5126070,1883860,1052108,5957822,0,0
6299,31,2021-05-15,7074066,5162834,1911232,1065723,6008343,0,0
6300,31,2021-05-16,7088176,5172965,1915211,1069858,6018318,0,0
6301,31,2021-05-17,7145700,5216811,1928889,1087164,6058536,0,0
6302,31,2021-05-18,7194563,5255610,1938953,1100365,6094198,0,0
6303,31,2021-05-19,7238986,5292027,1946959,1111414,6127572,0,0
6304,31,2021-05-20,7281385,5328713,1952672,1120399,6160986,0,0
6305,31,2021-05-21,7324570,5366882,1957688,1127840,6196730,0,0
6306,31,2021-05-22,7376365,5414503,1961862,1134499,6241866,0,0
6307,31,2021-05-23,7391550,5428452,1963098,1135878,6255672,0,0
6308,31,2021-05-24,7474446,5507417,1967029,1143767,6330679,0,0
6309,31,2021-05-25,7661541,5690306,1971235,1159495,6502046,0,0
6310,31,2021-05-26,7911981,5937633,1974348,1175779,6736202,0,0
6311,31,2021-05-27,8207573,6228593,1978980,1198182,7009391,0,0
6312,31,2021-05-28,8515660,6520208,1995452,1252763,7262897,0,0
6313,31,2021-05-29,8794771,6781739,2013032,1323927,7470844,0,0
6314,31,2021-05-30,8893998,6875084,2018914,1347360,7546638,0,0
6315,31,2021-05-31,9095854,7063107,2032747,1398688,7697166,0,0
6316,31,2021-06-01,9240004,7190142,2049862,1448667,7791337,0,0
6317,31,2021-06-02,9349171,7286844,2062327,1486152,7863019,0,0
6318,31,2021-06-03,9620641,7545710,2074931,1525249,8095392,0,0
6319,31,2021-06-04,9876220,7790199,2086021,1579310,8296910,0,0
6320,31,2021-06-05,10018873,7924700,2094173,1633138,8385735,0,0
6321,31,2021-06-06,10069493,7972482,2097011,1661068,8408425,0,0
6322,31,2021-06-07,10135731,8031685,2104046,1695583,8440148,0,0
6323,31,2021-06-08,10185541,8076791,2108750,1712385,8473156,0,0
6324,31,2021-06-09,10228792,8116108,2112684,1723335,8505457,0,0
6325,31,2021-06-10,10272414,8156189,2116225,1731945,8540444,25,0
6326,31,2021-06-11,10340158,8215741,2124417,1770029,8569989,140,0
6327,31,2021-06-12,10648430,8503345,2145085,1805831,8842307,292,0
6328,31,2021-06-13,10866186,8711904,2154282,1832529,9033365,292,0
6329,31,2021-06-14,11147886,8976866,2171020,1891333,9256218,335,0
6330,31,2021-06-15,11285738,9104491,2181247,1936105,9349288,345,0
6331,31,2021-06-16,11643851,9441618,2202233,1986276,9657220,355,0
6332,31,2021-06-17,11935112,9713059,2222053,2043906,9890841,365,0
6333,31,2021-06-18,12148674,9911018,2237656,2097552,10050732,390,0
6334,31,2021-06-19,12498914,10238404,2260510,2133139,10365370,405,0
6335,31,2021-06-20,12701415,10429212,2272203,2144571,10556439,405,0
6336,31,2021-06-21,13106666,10807056,2299610,2159078,10947148,440,0
6337,31,2021-06-22,13414792,11092832,2321960,2172525,11241792,475,0
6338,31,2021-06-23,13636788,11289696,2347092,2263719,11372533,536,0
6339,31,2021-06-24,14048419,11658908,2389511,2366442,11681370,607,0
6340,31,2021-06-25,14478557,12056330,2422227,2449270,12028617,670,0
6341,31,2021-06-26,14890041,12420061,2469980,2505217,12384000,824,0
6342,31,2021-06-27,15021946,12535263,2486683,2531246,12489871,829,0
6343,31,2021-06-28,15231397,12716906,2514491,2569981,12660446,970,0
6344,31,2021-06-29,15510424,12963745,2546679,2596643,12912612,1169,0
6345,31,2021-06-30,15642085,13072807,2569278,2619254,13021219,1612,0
6346,31,2021-07-01,15859592,13260693,2598899,2633986,13223775,1831,0
6347,31,2021-07-02,16171046,13523115,2647931,2659078,13509903,2065,0
6348,31,2021-07-03,16636165,13922204,2713961,2685792,13947931,2442,0
6349,31,2021-07-04,16747198,14014851,2732347,2694411,14050198,2589,0
6350,31,2021-07-05,16920558,14153278,2767280,2707950,14209753,2855,0
6351,31,2021-07-06,17017222,14224524,2792698,2720133,14293847,3242,0
6352,31,2021-07-07,17093526,14279592,2813934,2732468,14357391,3667,0
6353,31,2021-07-08,17242667,14363188,2879479,2771499,14467104,4064,0
6354,31,2021-07-09,17335483,14417332,2918151,2795543,14535181,4759,0
6355,31,2021-07-10,17404688,14464514,2940174,2809019,14589343,6326,0
6356,31,2021-07-11,17489838,14521299,2968539,2812616,14669893,7329,0
6357,31,2021-07-12,17843953,14777773,3066180,2822198,15012716,9039,0
6358,31,2021-07-13,18181398,15039119,3142279,2830367,15340136,10895,0
6359,31,2021-07-14,18548239,15322521,3225718,2892615,15642842,12782,0
6360,31,2021-07-15,18730668,15443587,3287081,2934868,15781334,14466,0
6361,31,2021-07-16,19028978,15655125,3373853,2985186,16027896,15896,0
6362,31,2021-07-17,19382285,15924709,3457576,3024034,16340889,17362,0
6363,31,2021-07-18,19496996,16014013,3482983,3032796,16446521,17679,0
6364,31,2021-07-19,19749085,16212301,3536784,3048710,16681507,18868,0
6365,31,2021-07-20,19919524,16351116,3568408,3059606,16839945,19973,0
6366,31,2021-07-21,20093881,16489572,3604309,3068674,17004217,20990,0
6367,31,2021-07-22,20398939,16739547,3659392,3077626,17299450,21863,0
6368,31,2021-07-23,20724967,17001787,3723180,3104050,17598068,22849,0
6369,31,2021-07-24,21027753,17244484,3783269,3134776,17869211,23766,0
6370,31,2021-07-25,21134839,17331126,3803713,3143344,17966861,24634,0
6371,31,2021-07-26,21430837,17578231,3852606,3158431,18247134,25272,0
6372,31,2021-07-27,21727255,17830930,3896325,3172492,18529003,25760,0
6373,31,2021-07-28,21985876,18046934,3938942,3182830,18776585,26461,0
6374,31,2021-07-29,22323375,18307571,4015804,3235213,19060967,27195,0
6375,31,2021-07-30,22660132,18555545,4104587,3300741,19331412,27979,0
6376,31,2021-07-31,23036192,18835602,4200590,3381898,19625188,29106,0
6377,31,2021-08-01,23303574,19063195,4240379,3432365,19841668,29541,0
6378,31,2021-08-02,23622736,19321702,4301034,3469051,20122835,30850,0
6379,31,2021-08-03,23903639,19547901,4355738,3516249,20355388,32002,0
6380,31,2021-08-04,24199269,19760942,4438327,3600344,20565543,33382,0
6381,31,2021-08-05,24495564,19998737,4496827,3653551,20807159,34854,0
6382,31,2021-08-06,24818414,20255133,4563281,3732832,21049554,36028,0
6383,31,2021-08-07,25126156,20507625,4618531,3774871,21313782,37503,0
6384,31,2021-08-08,25277500,20635755,4641745,3793500,21446352,37648,0
6385,31,2021-08-09,25522708,20836674,4686034,3851723,21632554,38431,0
6386,32,2021-01-16,317,317,0,0,317,0,0
6387,32,2021-01-17,437,437,0,0,437,0,0
6388,32,2021-01-18,2463,2463,0,0,2463,0,0
6389,32,2021-01-19,11169,11169,0,0,11169,0,0
6390,32,2021-01-20,11291,11291,0,0,11291,0,0
6391,32,2021-01-21,17837,17837,0,0,17837,0,0
6392,32,2021-01-22,24830,24830,0,0,24830,0,0
6393,32,2021-01-23,26183,26183,0,0,26183,0,0
6394,32,2021-01-24,27829,27829,0,0,27829,0,0
6395,32,2021-01-25,50646,50646,0,0,50646,0,0
6396,32,2021-01-26,51194,51194,0,0,51194,0,0
6397,32,2021-01-27,58306,58306,0,0,58306,0,0
6398,32,2021-01-28,78713,78713,0,0,78713,0,0
6399,32,2021-01-29,92418,92418,0,0,92418,0,0
6400,32,2021-01-30,95000,95000,0,0,95000,0,0
6401,32,2021-01-31,95057,95057,0,0,95057,0,0
6402,32,2021-02-01,95234,95234,0,0,95234,0,0
6403,32,2021-02-02,96413,96413,0,1,96412,0,0
6404,32,2021-02-03,103183,103183,0,1,103182,0,0
6405,32,2021-02-04,114647,114647,0,1,114646,0,0
6406,32,2021-02-05,121588,121588,0,1,121587,0,0
6407,32,2021-02-06,135977,135977,0,1,135976,0,0
6408,32,2021-02-07,136225,136225,0,1,136224,0,0
6409,32,2021-02-08,156285,156285,0,604,155681,0,0
6410,32,2021-02-09,171308,171308,0,7469,163839,0,0
6411,32,2021-02-10,186195,186195,0,18190,168005,0,0
6412,32,2021-02-11,198677,198677,0,27865,170812,0,0
6413,32,2021-02-12,206864,206864,0,34949,171915,0,0
6414,32,2021-02-13,211719,209790,1929,35849,173941,0,0
6415,32,2021-02-14,212538,210201,2337,35849,174352,0,0
6416,32,2021-02-15,231322,219843,11479,36119,183724,0,0
6417,32,2021-02-16,290997,250141,40856,36507,213634,0,0
6418,32,2021-02-17,291913,250649,41264,36593,214056,0,0
6419,32,2021-02-18,325420,260486,64934,36703,223783,0,0
6420,32,2021-02-19,355287,276506,78781,36962,239544,0,0
6421,32,2021-02-20,357179,277517,79662,37473,240044,0,0
6422,32,2021-02-21,357467,277539,79928,37473,240066,0,0
6423,32,2021-02-22,376262,278786,97476,37595,241191,0,0
6424,32,2021-02-23,377711,279390,98321,38104,241286,0,0
6425,32,2021-02-24,379363,281009,98354,39717,241292,0,0
6426,32,2021-02-25,400394,283924,116470,41174,242750,0,0
6427,32,2021-02-26,419089,291425,127664,44096,247329,0,0
6428,32,2021-02-27,419089,291425,127664,44096,247329,0,0
6429,32,2021-02-28,419089,291425,127664,44096,247329,0,0
6430,32,2021-03-01,419089,291425,127664,44096,247329,0,0
6431,32,2021-03-02,426555,297234,129321,44097,253137,0,0
6432,32,2021-03-03,438614,306322,132292,44102,262220,0,0
6433,32,2021-03-04,462808,322444,140364,44138,278306,0,0
6434,32,2021-03-05,488204,341073,147131,44154,296919,0,0
6435,32,2021-03-06,520798,362082,158716,44800,317282,0,0
6436,32,2021-03-07,522369,363597,158772,44819,318778,0,0
6437,32,2021-03-08,561227,389985,171242,45900,344085,0,0
6438,32,2021-03-09,424673,241595,183078,56954,367648,0,0
6439,32,2021-03-10,447836,256024,191812,64577,383188,0,0
6440,32,2021-03-11,451366,259321,192045,65115,386178,0,0
6441,32,2021-03-12,480210,275371,204839,76148,403989,0,0
6442,32,2021-03-13,496264,288451,207813,79951,416240,0,0
6443,32,2021-03-14,498020,290186,207834,80078,417869,0,0
6444,32,2021-03-15,528117,315832,212285,86306,441738,0,0
6445,32,2021-03-16,722573,507868,214705,96697,625876,0,0
6446,32,2021-03-17,845902,630011,215891,111405,734497,0,0
6447,32,2021-03-18,878581,661459,217122,117598,760983,0,0
6448,32,2021-03-19,906927,688667,218260,123264,783663,0,0
6449,32,2021-03-20,939941,720396,219545,131175,808766,0,0
6450,32,2021-03-21,943919,724262,219657,132510,811409,0,0
6451,32,2021-03-22,979723,758722,221001,138480,841243,0,0
6452,32,2021-03-23,1016879,793939,222940,145967,870912,0,0
6453,32,2021-03-24,1051931,828174,223757,154960,896971,0,0
6454,32,2021-03-25,1093196,867030,226166,163997,929199,0,0
6455,32,2021-03-26,1134829,905529,229300,173631,961198,0,0
6456,32,2021-03-27,1171066,940796,230270,181227,989839,0,0
6457,32,2021-03-28,1173165,942868,230297,181541,991624,0,0
6458,32,2021-03-29,1186001,955419,230582,184164,1001837,0,0
6459,32,2021-03-30,1231006,997601,233405,188577,1042429,0,0
6460,32,2021-03-31,1267237,1030664,236573,191982,1075255,0,0
6461,32,2021-04-01,1317924,1077830,240094,195556,1122368,0,0
6462,32,2021-04-02,1384865,1140121,244744,199274,1185591,0,0
6463,32,2021-04-03,1434779,1185843,248936,201697,1233082,0,0
6464,32,2021-04-04,1478863,1227030,251833,205151,1273712,0,0
6465,32,2021-04-05,1534833,1278480,256353,208067,1326766,0,0
6466,32,2021-04-06,1573611,1313584,260027,210995,1362616,0,0
6467,32,2021-04-07,1676020,1405944,270076,220900,1455120,0,0
6468,32,2021-04-08,1783117,1504570,278547,232662,1550455,0,0
6469,32,2021-04-09,1898182,1611380,286802,243555,1654627,0,0
6470,32,2021-04-10,2059925,1763427,296498,248890,1811035,0,0
6471,32,2021-04-11,2161186,1861282,299904,251212,1909974,0,0
6472,32,2021-04-12,2292040,1982573,309467,257338,2034702,0,0
6473,32,2021-04-13,2318151,2006982,311169,258492,2059659,0,0
6474,32,2021-04-14,2452611,2129490,323121,267499,2185112,0,0
6475,32,2021-04-15,2621835,2283343,338492,301224,2320611,0,0
6476,32,2021-04-16,2802063,2447626,354437,405112,2396951,0,0
6477,32,2021-04-17,2952245,2584964,367281,499940,2452305,0,0
6478,32,2021-04-18,2960202,2591096,369106,504773,2455429,0,0
6479,32,2021-04-19,3132540,2742005,390535,518477,2614063,0,0
6480,32,2021-04-20,3272099,2861258,410841,539310,2732789,0,0
6481,32,2021-04-21,3394643,2965467,429176,551525,2843118,0,0
6482,32,2021-04-22,3604586,3148315,456271,561611,3042975,0,0
6483,32,2021-04-23,3811861,3332501,479360,571385,3240476,0,0
6484,32,2021-04-24,4003828,3500047,503781,580553,3423275,0,0
6485,32,2021-04-25,4071469,3559142,512327,582589,3488880,0,0
6486,32,2021-04-26,4286975,3744656,542319,589584,3697391,0,0
6487,32,2021-04-27,4400003,3837190,562813,598594,3801409,0,0
6488,32,2021-04-28,4542064,3955399,586665,605152,3936912,0,0
6489,32,2021-04-29,4612780,4010610,602170,612321,4000459,0,0
6490,32,2021-04-30,4780184,4151762,628422,617745,4162439,0,0
6491,32,2021-05-01,4787544,4157933,629611,618505,4169039,0,0
6492,32,2021-05-02,4787811,4158090,629721,618541,4169270,0,0
6493,32,2021-05-03,4815920,4178677,637243,618758,4197162,0,0
6494,32,2021-05-04,4881513,4227755,653758,619907,4261606,0,0
6495,32,2021-05-05,4960587,4275187,685400,622789,4337798,0,0
6496,32,2021-05-06,5042065,4325903,716162,625096,4416969,0,0
6497,32,2021-05-07,5122572,4376415,746157,626360,4496212,0,0
6498,32,2021-05-08,5202960,4388638,814322,635641,4567319,0,0
6499,32,2021-05-09,5205226,4389592,815634,636355,4568871,0,0
6500,32,2021-05-10,5313900,4406542,907358,657177,4656723,0,0
6501,32,2021-05-11,5406513,4422419,984094,670078,4736435,0,0
6502,32,2021-05-12,5440783,4432324,1008459,679547,4761236,0,0
6503,32,2021-05-13,5479812,4442464,1037348,692132,4787680,0,0
6504,32,2021-05-14,5513553,4450029,1063524,709293,4804250,0,0
6505,32,2021-05-15,5513738,4450028,1063710,709492,4804236,0,0
6506,32,2021-05-16,5513723,4450013,1063710,709478,4804235,0,0
6507,32,2021-05-17,5514512,4450594,1063918,710204,4804239,0,0
6508,32,2021-05-18,5516590,4451311,1065279,712202,4804241,0,0
6509,32,2021-05-19,5519773,4451824,1067949,715327,4804244,0,0
6510,32,2021-05-20,5523167,4452572,1070595,718655,4804266,0,0
6511,32,2021-05-21,5523980,4453033,1070947,719437,4804297,246,0
6512,32,2021-05-22,5526806,4453425,1073381,722244,4804302,260,0
6513,32,2021-05-23,5527533,4453837,1073696,722926,4804309,298,0
6514,32,2021-05-24,5530377,4454485,1075892,725749,4804311,317,0
6515,32,2021-05-25,5589800,4462811,1126989,784357,4805088,355,0
6516,32,2021-05-26,5653872,4477983,1175889,845213,4807581,1078,0
6517,32,2021-05-27,5704158,4495506,1208652,891419,4810218,2521,0
6518,32,2021-05-28,5807342,4577957,1229385,924870,4878751,3721,0
6519,32,2021-05-29,5918092,4672773,1245319,952510,4959370,6212,0
6520,32,2021-05-30,5985460,4737360,1248100,959463,5018076,7921,0
6521,32,2021-05-31,6064809,4802730,1262079,987525,5066616,10668,0
6522,32,2021-06-01,6151360,4878994,1272366,1014992,5123602,12766,0
6523,32,2021-06-02,6226923,4947737,1279186,1039209,5173837,13877,0
6524,32,2021-06-03,6320774,5033655,1287119,1066332,5239874,14568,0
6525,32,2021-06-04,6428387,5133125,1295262,1095401,5318347,14639,0
6526,32,2021-06-05,6577056,5274798,1302258,1125557,5436733,14766,0
6527,32,2021-06-06,6695588,5391957,1303631,1143102,5537720,14766,0
6528,32,2021-06-07,6865466,5554284,1311182,1175670,5674944,14852,0
6529,32,2021-06-08,7046084,5728537,1317547,1208645,5822501,14938,0
6530,32,2021-06-09,7224148,5900344,1323804,1238788,5970284,15076,0
6531,32,2021-06-10,7404779,6074863,1329916,1266941,6122634,15204,0
6532,32,2021-06-11,7616140,6279779,1336361,1295923,6304896,15321,0
6533,32,2021-06-12,7830864,6488020,1342844,1318999,6496069,15796,0
6534,32,2021-06-13,7981120,6636883,1344237,1330893,6633949,16278,0
6535,32,2021-06-14,8167470,6817886,1349584,1387496,6763242,16732,0
6536,32,2021-06-15,8333524,6979076,1354448,1455575,6860869,17080,0
6537,32,2021-06-16,8511947,7151956,1359991,1544319,6949766,17862,0
6538,32,2021-06-17,8694842,7327371,1367471,1641327,7033877,19638,0
6539,32,2021-06-18,8874911,7499623,1375288,1705146,7147893,21872,0
6540,32,2021-06-19,9069710,7684311,1385399,1759428,7285471,24811,0
6541,32,2021-06-20,9173921,7785158,1388763,1770763,7376481,26677,0
6542,32,2021-06-21,9327568,7928931,1398637,1783499,7514259,29810,0
6543,32,2021-06-22,9486520,8076582,1409938,1795818,7657901,32801,0
6544,32,2021-06-23,9654533,8233390,1421143,1837928,7781640,34965,0
6545,32,2021-06-24,9865603,8430040,1435563,1863743,7965489,36371,0
6546,32,2021-06-25,10082372,8632930,1449442,1886233,8158456,37683,0
6547,32,2021-06-26,10326965,8850210,1476755,1904231,8382528,40206,0
6548,32,2021-06-27,10431095,8945567,1485528,1910238,8480087,40770,0
6549,32,2021-06-28,10654325,9139505,1514820,1927219,8685130,41976,0
6550,32,2021-06-29,10874672,9329183,1545489,1939623,8892072,42977,0
6551,32,2021-06-30,11071415,9493724,1577691,1999363,9026550,45502,0
6552,32,2021-07-01,11240416,9636141,1604275,2034883,9159256,46277,0
6553,32,2021-07-02,11423209,9783478,1639731,2082632,9293548,47029,0
6554,32,2021-07-03,11631502,9939364,1692138,2158670,9424271,48561,0
6555,32,2021-07-04,11648353,9945428,1702925,2167646,9431025,49682,0
6556,32,2021-07-05,11830169,10077461,1752708,2242382,9536730,51057,0
6557,32,2021-07-06,11966330,10173744,1792586,2312599,9601481,52250,0
6558,32,2021-07-07,11992695,10182849,1809846,2328801,9610707,53187,0
6559,32,2021-07-08,12106184,10249542,1856642,2395223,9657051,53910,0
6560,32,2021-07-09,12272850,10353167,1919683,2420542,9797470,54838,0
6561,32,2021-07-10,12395170,10417596,1977574,2457001,9881693,56476,0
6562,32,2021-07-11,12409905,10422316,1987589,2467044,9885545,57316,0
6563,32,2021-07-12,12589998,10533342,2056656,2485403,10046310,58285,0
6564,32,2021-07-13,12746415,10626050,2120365,2502928,10184263,59224,0
6565,32,2021-07-14,12840921,10707196,2133725,2527935,10252614,60372,0
6566,32,2021-07-15,12962575,10762037,2200538,2564332,10336726,61517,0
6567,32,2021-07-16,13148507,10833368,2315139,2625109,10460387,63011,0
6568,32,2021-07-17,13267645,10868291,2399354,2680176,10521176,66293,0
6569,32,2021-07-18,13280389,10872534,2407855,2687670,10525408,67311,0
6570,32,2021-07-19,13453988,10941162,2512826,2714164,10671144,68680,0
6571,32,2021-07-20,13502037,10956059,2545978,2730325,10701724,69988,0
6572,32,2021-07-21,13517322,10961026,2556296,2738000,10707912,71410,0
6573,32,2021-07-22,13699633,11025806,2673827,2747462,10879249,72922,0
6574,32,2021-07-23,13843213,11038921,2804292,2761122,11007781,74310,0
6575,32,2021-07-24,14010811,11070089,2940722,2804889,11129191,76731,0
6576,32,2021-07-25,14020071,11074061,2946010,2809393,11132760,77918,0
6577,32,2021-07-26,14167136,11107971,3059165,2830263,11257567,79306,0
6578,32,2021-07-27,14274446,11133570,3140876,2847514,11346100,80832,0
6579,32,2021-07-28,14291866,11140017,3151849,2855586,11353846,82434,0
6580,32,2021-07-29,14456726,11176326,3280400,2897252,11476002,83472,0
6581,32,2021-07-30,14585763,11205561,3380202,2926144,11575020,84599,0
6582,32,2021-07-31,14733008,11249396,3483612,2971645,11674754,86609,0
6583,32,2021-08-01,14841727,11349272,3492455,2998793,11755308,87626,0
6584,32,2021-08-02,14960104,11391372,3568732,3014811,11856522,88771,0
6585,32,2021-08-03,15079216,11437002,3642214,3030790,11958649,89777,0
6586,32,2021-08-04,15095872,11446097,3649775,3036811,11968128,90933,0
6587,32,2021-08-05,15237716,11485426,3752290,3080763,12065014,91939,0
6588,32,2021-08-06,15376994,11548283,3828711,3114675,12169139,93180,0
6589,32,2021-08-07,15483265,11589487,3893778,3144127,12243804,95334,0
6590,32,2021-08-08,15494344,11597334,3897010,3146878,12251192,96274,0
6591,32,2021-08-09,15614892,11649268,3965624,3178414,12339089,97389,0
6592,33,2021-01-16,107,107,0,0,107,0,0
6593,33,2021-01-17,107,107,0,0,107,0,0
6594,33,2021-01-18,230,230,0,0,230,0,0
6595,33,2021-01-19,681,681,0,0,681,0,0
6596,33,2021-01-20,687,687,0,0,687,0,0
6597,33,2021-01-21,1812,1812,0,0,1812,0,0
6598,33,2021-01-22,3321,3321,0,0,3321,0,0
6599,33,2021-01-23,3349,3349,0,0,3349,0,0
6600,33,2021-01-24,3774,3774,0,0,3774,0,0
6601,33,2021-01-25,9693,9693,0,0,9693,0,0
6602,33,2021-01-26,9946,9946,0,0,9946,0,0
6603,33,2021-01-27,12366,12366,0,0,12366,0,0
6604,33,2021-01-28,16668,16668,0,0,16668,0,0
6605,33,2021-01-29,19513,19513,0,0,19513,0,0
6606,33,2021-01-30,21342,21342,0,0,21342,0,0
6607,33,2021-01-31,21367,21367,0,0,21367,0,0
6608,33,2021-02-01,22996,22996,0,0,22996,0,0
6609,33,2021-02-02,24202,24202,0,0,24202,0,0
6610,33,2021-02-03,24413,24413,0,0,24413,0,0
6611,33,2021-02-04,27081,27081,0,0,27081,0,0
6612,33,2021-02-05,29402,29402,0,0,29402,0,0
6613,33,2021-02-06,32235,32235,0,0,32235,0,0
6614,33,2021-02-07,32289,32289,0,0,32289,0,0
6615,33,2021-02-08,37310,37310,0,0,37310,0,0
6616,33,2021-02-09,42999,42999,0,0,42999,0,0
6617,33,2021-02-10,45158,45158,0,0,45158,0,0
6618,33,2021-02-11,51453,51453,0,0,51453,0,0
6619,33,2021-02-12,57389,57389,0,4,57385,0,0
6620,33,2021-02-13,61844,61510,334,6,61504,0,0
6621,33,2021-02-14,61859,61525,334,6,61519,0,0
6622,33,2021-02-15,68497,66987,1510,10,66977,0,0
6623,33,2021-02-16,68681,67171,1510,17,67154,0,0
6624,33,2021-02-17,72074,69698,2376,20,69678,0,0
6625,33,2021-02-18,79660,72899,6761,28,72871,0,0
6626,33,2021-02-19,90564,79570,10994,30,79540,0,0
6627,33,2021-02-20,92289,80875,11414,30,80845,0,0
6628,33,2021-02-21,92291,80877,11414,30,80847,0,0
6629,33,2021-02-22,97257,82561,14696,32,82529,0,0
6630,33,2021-02-23,100084,84098,15986,32,84066,0,0
6631,33,2021-02-24,100676,84636,16040,32,84604,0,0
6632,33,2021-02-25,105468,86553,18915,43,86510,0,0
6633,33,2021-02-26,109091,88089,21002,46,88043,0,0
6634,33,2021-02-27,109091,88089,21002,46,88043,0,0
6635,33,2021-02-28,109091,88089,21002,46,88043,0,0
6636,33,2021-03-01,109091,88089,21002,46,88043,0,0
6637,33,2021-03-02,116435,92853,23582,52,92801,0,0
6638,33,2021-03-03,119114,94340,24774,52,94288,0,0
6639,33,2021-03-04,125744,99422,26322,52,99370,0,0
6640,33,2021-03-05,132807,104553,28254,53,104500,0,0
6641,33,2021-03-06,135652,106718,28934,55,106663,0,0
6642,33,2021-03-07,135657,106720,28937,55,106665,0,0
6643,33,2021-03-08,146407,113725,32682,65,113660,0,0
6644,33,2021-03-09,124161,87282,36879,0,124155,0,0
6645,33,2021-03-10,125961,88029,37932,0,125955,0,0
6646,33,2021-03-11,127690,88696,38994,0,127684,0,0
6647,33,2021-03-12,139399,94396,45003,0,139393,0,0
6648,33,2021-03-13,143379,96147,47232,0,143373,0,0
6649,33,2021-03-14,143677,96435,47242,0,143671,0,0
6650,33,2021-03-15,162711,108793,53918,0,162705,0,0
6651,33,2021-03-16,219327,162040,57287,0,219327,0,0
6652,33,2021-03-17,228934,170793,58141,0,228934,0,0
6653,33,2021-03-18,256216,194882,61334,0,256216,0,0
6654,33,2021-03-19,287711,223573,64138,0,287711,0,0
6655,33,2021-03-20,313388,247875,65513,0,313388,0,0
6656,33,2021-03-21,323586,257944,65642,0,323586,0,0
6657,33,2021-03-22,355556,287869,67687,0,355556,0,0
6658,33,2021-03-23,407572,337930,69642,0,407572,0,0
6659,33,2021-03-24,467382,396634,70748,0,467382,0,0
6660,33,2021-03-25,531721,459726,71995,0,531721,0,0
6661,33,2021-03-26,599228,526236,72992,0,599228,0,0
6662,33,2021-03-27,624648,551306,73342,0,624648,0,0
6663,33,2021-03-28,632439,559037,73402,0,632439,0,0
6664,33,2021-03-29,633966,560561,73405,0,633966,0,0
6665,33,2021-03-30,660734,585980,74754,0,660734,0,0
6666,33,2021-03-31,673612,597956,75656,0,673612,0,0
6667,33,2021-04-01,689959,613140,76819,0,689959,0,0
6668,33,2021-04-02,702866,625172,77694,0,702866,0,0
6669,33,2021-04-03,714805,635930,78875,0,714805,0,0
6670,33,2021-04-04,725171,645348,79823,0,725171,0,0
6671,33,2021-04-05,739873,657921,81952,0,739873,0,0
6672,33,2021-04-06,751713,668678,83035,0,751713,0,0
6673,33,2021-04-07,764951,680375,84576,0,764951,0,0
6674,33,2021-04-08,785418,698009,87409,0,785418,0,0
6675,33,2021-04-09,802740,712932,89808,0,802740,0,0
6676,33,2021-04-10,812195,720930,91265,0,812195,0,0
6677,33,2021-04-11,819047,727172,91875,0,819047,0,0
6678,33,2021-04-12,832810,737653,95157,0,832810,0,0
6679,33,2021-04-13,842326,744903,97423,0,842326,0,0
6680,33,2021-04-14,845145,746994,98151,0,845145,0,0
6681,33,2021-04-15,845297,747073,98224,0,845297,0,0
6682,33,2021-04-16,862461,756408,106053,0,862461,0,0
6683,33,2021-04-17,880184,766208,113976,0,880184,0,0
6684,33,2021-04-18,886066,769465,116601,0,886066,0,0
6685,33,2021-04-19,910220,780166,130054,0,910220,0,0
6686,33,2021-04-20,933793,790891,142902,0,933793,0,0
6687,33,2021-04-21,941554,794856,146698,0,941554,0,0
6688,33,2021-04-22,953497,799703,153794,0,953497,0,0
6689,33,2021-04-23,984781,811199,173582,0,984781,0,0
6690,33,2021-04-24,1011821,820575,191246,0,1011821,0,0
6691,33,2021-04-25,1020894,824638,196256,0,1020894,0,0
6692,33,2021-04-26,1066507,840232,226275,0,1066507,0,0
6693,33,2021-04-27,1113260,856586,256674,0,1113260,0,0
6694,33,2021-04-28,1139662,866008,273654,0,1139662,0,0
6695,33,2021-04-29,1189803,882252,307551,0,1189803,0,0
6696,33,2021-04-30,1236761,898611,338150,0,1236761,0,0
6697,33,2021-05-01,1261570,907499,354071,0,1261570,0,0
6698,33,2021-05-02,1267044,909670,357374,0,1267044,0,0
6699,33,2021-05-03,1284939,915489,369450,0,1284939,0,0
6700,33,2021-05-04,1307268,921704,385564,0,1307268,0,0
6701,33,2021-05-05,1328697,927468,401229,76,1328621,0,0
6702,33,2021-05-06,1362400,936213,426187,76,1362324,0,0
6703,33,2021-05-07,1396362,946489,449873,82,1396280,0,0
6704,33,2021-05-08,1418622,952947,465675,86,1418536,0,0
6705,33,2021-05-09,1421511,953744,467767,86,1421425,0,0
6706,33,2021-05-10,1446246,960991,485255,86,1446160,0,0
6707,33,2021-05-11,1465368,966997,498371,86,1465282,0,0
6708,33,2021-05-12,1469744,968790,500954,86,1469658,0,0
6709,33,2021-05-13,1479866,974828,505038,1348,1478518,0,0
6710,33,2021-05-14,1486004,980319,505685,5912,1480092,0,0
6711,33,2021-05-15,1492191,985530,506661,9235,1482956,0,0
6712,33,2021-05-16,1492618,985851,506767,9235,1483383,0,0
6713,33,2021-05-17,1501848,995017,506831,10568,1491280,0,0
6714,33,2021-05-18,1512008,1005122,506886,11924,1500084,0,0
6715,33,2021-05-19,1520712,1013813,506899,13120,1507592,0,0
6716,33,2021-05-20,1527785,1020857,506928,13707,1514078,0,0
6717,33,2021-05-21,1535201,1028248,506953,14193,1521008,0,0
6718,33,2021-05-22,1551547,1044552,506995,14835,1536712,0,0
6719,33,2021-05-23,1554305,1047296,507009,15034,1539271,0,0
6720,33,2021-05-24,1560657,1053532,507125,15078,1545579,0,0
6721,33,2021-05-25,1566075,1058833,507242,15088,1550987,0,0
6722,33,2021-05-26,1568298,1060986,507312,15088,1553210,0,0
6723,33,2021-05-27,1571247,1063835,507412,15095,1556152,0,0
6724,33,2021-05-28,1574603,1067114,507489,15099,1559504,0,0
6725,33,2021-05-29,1588209,1080636,507573,15099,1573110,0,0
6726,33,2021-05-30,1602077,1094499,507578,15099,1586978,0,0
6727,33,2021-05-31,1610784,1103113,507671,15121,1595663,0,0
6728,33,2021-06-01,1615053,1107337,507716,15121,1599932,0,0
6729,33,2021-06-02,1618490,1110714,507776,15121,1603369,0,0
6730,33,2021-06-03,1624620,1116768,507852,15121,1609499,0,0
6731,33,2021-06-04,1631384,1123405,507979,15121,1616263,0,0
6732,33,2021-06-05,1635643,1127599,508044,15121,1620522,0,0
6733,33,2021-06-06,1636673,1128612,508061,15121,1621552,0,0
6734,33,2021-06-07,1640638,1132397,508241,15121,1625517,0,0
6735,33,2021-06-08,1644382,1135952,508430,15145,1629237,0,0
6736,33,2021-06-09,1646329,1137795,508534,15145,1631184,0,0
6737,33,2021-06-10,1649999,1141134,508865,15143,1634856,0,0
6738,33,2021-06-11,1652388,1143222,509166,15139,1637249,0,0
6739,33,2021-06-12,1659919,1147382,512537,17837,1642082,0,0
6740,33,2021-06-13,1661096,1148442,512654,17833,1643263,0,0
6741,33,2021-06-14,1681689,1164688,517001,20538,1661151,0,0
6742,33,2021-06-15,1706142,1185855,520287,21506,1684636,0,0
6743,33,2021-06-16,1736324,1213866,522458,22218,1714106,0,0
6744,33,2021-06-17,1791260,1264502,526758,23275,1767985,0,0
6745,33,2021-06-18,1860877,1328982,531895,23886,1836991,0,0
6746,33,2021-06-19,1920866,1383797,537069,24443,1896423,0,0
6747,33,2021-06-20,1942706,1403613,539093,24443,1918263,0,0
6748,33,2021-06-21,2093251,1549142,544109,25065,2068186,0,0
6749,33,2021-06-22,2285345,1733843,551502,25841,2259504,0,0
6750,33,2021-06-23,2344975,1788351,556624,30419,2314556,0,0
6751,33,2021-06-24,2396775,1834177,562598,31927,2364848,0,0
6752,33,2021-06-25,2428555,1861984,566571,33289,2395266,0,0
6753,33,2021-06-26,2467674,1894007,573667,34679,2432995,0,0
6754,33,2021-06-27,2474475,1899573,574902,34899,2439576,0,0
6755,33,2021-06-28,2510943,1926146,584797,35973,2474970,0,0
6756,33,2021-06-29,2536995,1946066,590929,37025,2499970,0,0
6757,33,2021-06-30,2550343,1955929,594414,39582,2510761,0,0
6758,33,2021-07-01,2568901,1969442,599459,41751,2527150,0,0
6759,33,2021-07-02,2595949,1987663,608286,42032,2553917,0,0
6760,33,2021-07-03,2613487,1998901,614586,42442,2571045,0,0
6761,33,2021-07-04,2615391,2000280,615111,42442,2572949,0,0
6762,33,2021-07-05,2630048,2009213,620835,43065,2586983,0,0
6763,33,2021-07-06,2642602,2017943,624659,43387,2599215,0,0
6764,33,2021-07-07,2648571,2022188,626383,43724,2604847,0,0
6765,33,2021-07-08,2662612,2031459,631153,44019,2618593,0,0
6766,33,2021-07-09,2681121,2043269,637852,44072,2637049,0,0
6767,33,2021-07-10,2705451,2058009,647442,44190,2661261,0,0
6768,33,2021-07-11,2708867,2060295,648572,44190,2664677,0,0
6769,33,2021-07-12,2733684,2074654,659030,44263,2689421,0,0
6770,33,2021-07-13,2755529,2088117,667412,44273,2711256,0,0
6771,33,2021-07-14,2782404,2109378,673026,44400,2738004,0,0
6772,33,2021-07-15,2808453,2126035,682418,44449,2764004,0,0
6773,33,2021-07-16,2827700,2137737,689963,44502,2783198,0,0
6774,33,2021-07-17,2832538,2140335,692203,44532,2788006,0,0
6775,33,2021-07-18,2833900,2141163,692737,44532,2789368,0,0
6776,33,2021-07-19,2855785,2153655,702130,44563,2811222,0,0
6777,33,2021-07-20,2874151,2163480,710671,44633,2829518,0,0
6778,33,2021-07-21,2878597,2165745,712852,44687,2833910,0,0
6779,33,2021-07-22,2899319,2177099,722220,44802,2854517,0,0
6780,33,2021-07-23,2921426,2190299,731127,45387,2876039,0,0
6781,33,2021-07-24,2951600,2209808,741792,46089,2905511,0,0
6782,33,2021-07-25,2972645,2226413,746232,47082,2925563,0,0
6783,33,2021-07-26,2999864,2245548,754316,48877,2950987,0,0
6784,33,2021-07-27,3035040,2272429,762611,50826,2984214,0,0
6785,33,2021-07-28,3076716,2305601,771115,53383,3023333,0,0
6786,33,2021-07-29,3102351,2325845,776506,55194,3047157,0,0
6787,33,2021-07-30,3124359,2343012,781347,57891,3066468,0,0
6788,33,2021-07-31,3145201,2360019,785182,60476,3084725,0,0
6789,33,2021-08-01,3164140,2378296,785844,60637,3103503,0,0
6790,33,2021-08-02,3172471,2383624,788847,61394,3111077,0,0
6791,33,2021-08-03,3180752,2389080,791672,62170,3118582,0,0
6792,33,2021-08-04,3186637,2393062,793575,62763,3123874,0,0
6793,33,2021-08-05,3192345,2396498,795847,63169,3129176,0,0
6794,33,2021-08-06,3200135,2402094,798041,63567,3136568,0,0
6795,33,2021-08-07,3205399,2405290,800109,63950,3141449,0,0
6796,33,2021-08-08,3206922,2406606,800316,64024,3142898,0,0
6797,33,2021-08-09,3215294,2411195,804099,64492,3150802,0,0
6798,34,2021-01-16,2212,2212,0,55,2157,0,0
6799,34,2021-01-17,2224,2224,0,55,2169,0,0
6800,34,2021-01-18,1532,1532,0,42,1490,0,0
6801,34,2021-01-19,1568,1568,0,43,1525,0,0
6802,34,2021-01-20,1568,1568,0,43,1525,0,0
6803,34,2021-01-21,1578,1578,0,43,1535,0,0
6804,34,2021-01-22,21325,21325,0,327,20998,0,0
6805,34,2021-01-23,30644,30644,0,446,30198,0,0
6806,34,2021-01-24,43669,43669,0,617,43052,0,0
6807,34,2021-01-25,59780,59780,0,915,58865,0,0
6808,34,2021-01-26,62477,62477,0,940,61537,0,0
6809,34,2021-01-27,95724,95724,0,1498,94226,0,0
6810,34,2021-01-28,268081,268081,0,3516,264565,0,0
6811,34,2021-01-29,429946,429946,0,5466,424480,0,0
6812,34,2021-01-30,433040,433040,0,5468,427572,0,0
6813,34,2021-01-31,434185,434185,0,5469,428716,0,0
6814,34,2021-02-01,434549,434549,0,5469,429080,0,0
6815,34,2021-02-02,435502,435502,0,5469,430033,0,0
6816,34,2021-02-03,435645,435645,0,5469,430176,0,0
6817,34,2021-02-04,555622,555622,0,6369,549253,0,0
6818,34,2021-02-05,636917,636917,0,9096,627821,0,0
6819,34,2021-02-06,638107,638107,0,9099,629008,0,0
6820,34,2021-02-07,638805,638805,0,9099,629706,0,0
6821,34,2021-02-08,640144,640144,0,9108,631036,0,0
6822,34,2021-02-09,640845,640845,0,9126,631719,0,0
6823,34,2021-02-10,643010,643010,0,9365,633645,0,0
6824,34,2021-02-11,746208,746208,0,69526,676682,0,0
6825,34,2021-02-12,863157,863157,0,138967,724190,0,0
6826,34,2021-02-13,864381,864379,2,139539,724840,0,0
6827,34,2021-02-14,864489,864487,2,139539,724948,0,0
6828,34,2021-02-15,975211,955423,19788,143448,811975,0,0
6829,34,2021-02-16,975907,956093,19814,143529,812564,0,0
6830,34,2021-02-17,976088,956274,19814,143589,812685,0,0
6831,34,2021-02-18,1054867,1034940,19927,182368,852572,0,0
6832,34,2021-02-19,1234270,1135502,98768,185602,949900,0,0
6833,34,2021-02-20,1236861,1136590,100271,185655,950935,0,0
6834,34,2021-02-21,1237359,1136650,100709,185656,950994,0,0
6835,34,2021-02-22,1339406,1237517,101889,200220,1037297,0,0
6836,34,2021-02-23,1342030,1239758,102272,200739,1039019,0,0
6837,34,2021-02-24,1342318,1240045,102273,200748,1039297,0,0
6838,34,2021-02-25,1521544,1274807,246737,205862,1068945,0,0
6839,34,2021-02-26,1668629,1281076,387553,206000,1075076,0,0
6840,34,2021-02-27,1668629,1281076,387553,206000,1075076,0,0
6841,34,2021-02-28,1668631,1281078,387553,206000,1075078,0,0
6842,34,2021-03-01,1668631,1281078,387553,206000,1075078,0,0
6843,34,2021-03-02,1681659,1294029,387630,207913,1086116,0,0
6844,34,2021-03-03,1682667,1295029,387638,208073,1086956,0,0
6845,34,2021-03-04,1824296,1365655,458641,209637,1156018,0,0
6846,34,2021-03-05,1988090,1465524,522566,212206,1253318,0,0
6847,34,2021-03-06,2014991,1485787,529204,213741,1272046,0,0
6848,34,2021-03-07,2019181,1488836,530345,213834,1275002,0,0
6849,34,2021-03-08,2216711,1679720,536991,215962,1463758,0,0
6850,34,2021-03-09,1709561,1171217,538344,216927,1492500,0,0
6851,34,2021-03-10,1735799,1196503,539296,218255,1517410,0,0
6852,34,2021-03-11,1741357,1201688,539669,218528,1522694,0,0
6853,34,2021-03-12,2038409,1426304,612105,265793,1772481,0,0
6854,34,2021-03-13,2079271,1458839,620432,270938,1808198,0,0
6855,34,2021-03-14,2095485,1474743,620742,271430,1823920,0,0
6856,34,2021-03-15,2398452,1731354,667098,281622,2116695,0,0
6857,34,2021-03-16,3188522,2456849,731673,362797,2825725,0,0
6858,34,2021-03-17,3464388,2723448,740940,376630,3087758,0,0
6859,34,2021-03-18,3881080,3034854,846226,418999,3462081,0,0
6860,34,2021-03-19,4231527,3348666,882861,441139,3790388,0,0
6861,34,2021-03-20,4390444,3497298,893146,452418,3938026,0,0
6862,34,2021-03-21,4416844,3522238,894606,454527,3962317,0,0
6863,34,2021-03-22,4749723,3797621,952102,483124,4266599,0,0
6864,34,2021-03-23,4960199,3982323,977876,502614,4457585,0,0
6865,34,2021-03-24,5070493,4087684,982809,514209,4556284,0,0
6866,34,2021-03-25,5344537,4337751,1006786,538954,4805583,0,0
6867,34,2021-03-26,5563645,4549205,1014440,558041,5005604,0,0
6868,34,2021-03-27,5644759,4627476,1017283,567886,5076873,0,0
6869,34,2021-03-28,5648595,4631003,1017592,568460,5080135,0,0
6870,34,2021-03-29,5648658,4631064,1017594,568460,5080198,0,0
6871,34,2021-03-30,5677982,4659569,1018413,572872,5105110,0,0
6872,34,2021-03-31,5747886,4726820,1021066,583666,5164220,0,0
6873,34,2021-04-01,5963390,4929565,1033825,616118,5347272,0,0
6874,34,2021-04-02,6335715,5281547,1054168,676291,5659424,0,0
6875,34,2021-04-03,6577701,5511428,1066273,710725,5866976,0,0
6876,34,2021-04-04,6737463,5663490,1073973,729257,6008206,0,0
6877,34,2021-04-05,7024060,5917539,1106521,753963,6270097,0,0
6878,34,2021-04-06,7340259,6199023,1141236,780410,6559849,0,0
6879,34,2021-04-07,7791657,6619721,1171936,817628,6974029,0,0
6880,34,2021-04-08,8143966,6950868,1193098,846469,7297497,0,0
6881,34,2021-04-09,8396201,7169348,1226853,870313,7525888,0,0
6882,34,2021-04-10,8493841,7255753,1238088,883832,7610009,0,0
6883,34,2021-04-11,8824093,7558409,1265684,894285,7929808,0,0
6884,34,2021-04-12,9356612,8013755,1342857,907334,8449278,0,0
6885,34,2021-04-13,9718148,8329706,1388442,916001,8802147,0,0
6886,34,2021-04-14,10027627,8605823,1421804,924425,9103202,0,0
6887,34,2021-04-15,10272414,8790085,1482329,933198,9339216,0,0
6888,34,2021-04-16,10538062,8978071,1559991,953649,9584413,0,0
6889,34,2021-04-17,10712197,9102301,1609896,974094,9738103,0,0
6890,34,2021-04-18,10718349,9106335,1612014,975462,9742887,0,0
6891,34,2021-04-19,10909053,9224739,1684314,996628,9912425,0,0
6892,34,2021-04-20,11120514,9356225,1764289,1018393,10102121,0,0
6893,34,2021-04-21,11259040,9449601,1809439,1032111,10226929,0,0
6894,34,2021-04-22,11440742,9563554,1877188,1065189,10375553,0,0
6895,34,2021-04-23,11623304,9679629,1943675,1095389,10527915,0,0
6896,34,2021-04-24,11776922,9779700,1997222,1114240,10662682,0,0
6897,34,2021-04-25,11783929,9783480,2000449,1114989,10668940,0,0
6898,34,2021-04-26,11947377,9883742,2063635,1134086,10813291,0,0
6899,34,2021-04-27,12061238,9953817,2107421,1153996,10907242,0,0
6900,34,2021-04-28,12169041,10018842,2150199,1174101,10994940,0,0
6901,34,2021-04-29,12353995,10125866,2228129,1196960,11157035,0,0
6902,34,2021-04-30,12557806,10240750,2317056,1230635,11327171,0,0
6903,34,2021-05-01,12700692,10331285,2369407,1271629,11429063,0,0
6904,34,2021-05-02,12705437,10334346,2371091,1272354,11433083,0,0
6905,34,2021-05-03,12884995,10439785,2445210,1316011,11568984,0,0
6906,34,2021-05-04,13062635,10544891,2517744,1357973,11704662,0,0
6907,34,2021-05-05,13228006,10642247,2585759,1398479,11829527,0,0
6908,34,2021-05-06,13402535,10742503,2660032,1441050,11961485,0,0
6909,34,2021-05-07,13559957,10833025,2726932,1479703,12080254,0,0
6910,34,2021-05-08,13694748,10914754,2779994,1515553,12179195,0,0
6911,34,2021-05-09,13697577,10916895,2780682,1516757,12180820,0,0
6912,34,2021-05-10,13881053,11025900,2855153,1546417,12334636,0,0
6913,34,2021-05-11,14073046,11141255,2931791,1571848,12501198,0,0
6914,34,2021-05-12,14300912,11291626,3009286,1601801,12699111,0,0
6915,34,2021-05-13,14581474,11465614,3115860,1643608,12937866,0,0
6916,34,2021-05-14,14771189,11590929,3180260,1678012,13093177,0,0
6917,34,2021-05-15,14983606,11723371,3260235,1711653,13271953,0,0
6918,34,2021-05-16,14984918,11724458,3260460,1711947,13272971,0,0
6919,34,2021-05-17,15222236,11943385,3278851,1752442,13469794,0,0
6920,34,2021-05-18,15436461,12144409,3292052,1783566,13652895,0,0
6921,34,2021-05-19,15621166,12319537,3301629,1809189,13811977,0,0
6922,34,2021-05-20,15815757,12501172,3314585,1838566,13977191,0,0
6923,34,2021-05-21,16034048,12704166,3329882,1873025,14161023,0,0
6924,34,2021-05-22,16250118,12905372,3344746,1906300,14343818,0,0
6925,34,2021-05-23,16257569,12912199,3345370,1907425,14350144,0,0
6926,34,2021-05-24,16545766,13182141,3363625,1934361,14611405,0,0
6927,34,2021-05-25,16819746,13439732,3380014,1957341,14862405,0,0
6928,34,2021-05-26,17077311,13683971,3393340,1977487,15099824,0,0
6929,34,2021-05-27,17358612,13951426,3407186,1997997,15360615,0,0
6930,34,2021-05-28,17668206,14243858,3424348,2021584,15646622,0,0
6931,34,2021-05-29,17994300,14544503,3449797,2054347,15939953,0,0
6932,34,2021-05-30,18010911,14560582,3450329,2055533,15955378,0,0
6933,34,2021-05-31,18335009,14854570,3480439,2094524,16240485,0,0
6934,34,2021-06-01,18685319,15179836,3505483,2131224,16554095,0,0
6935,34,2021-06-02,19045624,15512608,3533016,2175806,16869818,0,0
6936,34,2021-06-03,19436908,15875135,3561773,2225958,17210950,0,0
6937,34,2021-06-04,19850174,16254617,3595557,2277630,17572544,0,0
6938,34,2021-06-05,20252136,16624925,3627211,2328265,17923871,0,0
6939,34,2021-06-06,20272802,16643702,3629100,2330233,17942569,0,0
6940,34,2021-06-07,20735794,17079924,3655870,2403994,18331800,0,0
6941,34,2021-06-08,21181060,17502314,3678746,2482109,18698951,0,0
6942,34,2021-06-09,21584490,17883157,3701333,2557097,19027393,0,0
6943,34,2021-06-10,22025903,18297125,3728778,2631087,19394816,0,0
6944,34,2021-06-11,22504047,18741039,3763008,2711461,19792586,0,0
6945,34,2021-06-12,22979323,19184501,3794822,2788863,20190460,0,0
6946,34,2021-06-13,23001682,19205507,3796175,2790299,20211383,0,0
6947,34,2021-06-14,23445493,19608395,3837098,2868862,20576631,0,0
6948,34,2021-06-15,23871523,19995723,3875800,2949887,20921636,0,0
6949,34,2021-06-16,24254164,20343637,3910527,3022768,21231396,0,0
6950,34,2021-06-17,24673597,20725526,3948071,3090462,21583135,0,0
6951,34,2021-06-18,25149677,21162728,3986949,3142293,22007384,0,0
6952,34,2021-06-19,25610808,21587631,4023177,3193148,22417660,0,0
6953,34,2021-06-20,25627085,21602698,4024387,3194980,22432105,0,0
6954,34,2021-06-21,26359410,22296504,4062906,3230749,23128661,0,0
6955,34,2021-06-22,27232439,23129586,4102853,3268447,23963992,0,0
6956,34,2021-06-23,28060510,23918186,4142324,3320308,24740202,0,0
6957,34,2021-06-24,28976470,24782239,4194231,3381149,25595321,0,0
6958,34,2021-06-25,29857504,25598956,4258548,3446953,26410551,0,0
6959,34,2021-06-26,30451330,26129782,4321548,3516854,26934217,259,0
6960,34,2021-06-27,30479424,26154179,4325245,3520255,26958910,259,0
6961,34,2021-06-28,31002019,26591964,4410055,3568749,27433011,259,0
6962,34,2021-06-29,31209641,26740850,4468791,3616526,27592598,517,0
6963,34,2021-06-30,31281400,26792784,4488616,3647048,27633835,517,0
6964,34,2021-07-01,31633572,27047411,4586161,3715894,27917078,600,0
6965,34,2021-07-02,32067268,27363633,4703635,3775278,28291390,600,0
6966,34,2021-07-03,32596520,27776672,4819848,3851510,28744003,1007,0
6967,34,2021-07-04,32629055,27802518,4826537,3855170,28772593,1292,0
6968,34,2021-07-05,33483868,28472822,5011046,3971463,29510957,1448,0
6969,34,2021-07-06,34513734,29305008,5208726,4066926,30445181,1627,0
6970,34,2021-07-07,35267463,29892445,5375018,4161268,31104240,1955,0
6971,34,2021-07-08,36067913,30535594,5532319,4231917,31833697,2299,0
6972,34,2021-07-09,36814185,31124499,5689686,4304676,32506875,2634,0
6973,34,2021-07-10,37165499,31368297,5797202,4372527,32789436,3536,0
6974,34,2021-07-11,37182190,31380936,5801254,4375583,32802475,4132,0
6975,34,2021-07-12,37697118,31757700,5939418,4431453,33260994,4671,0
6976,34,2021-07-13,38345389,32262219,6083170,4495938,33844219,5232,0
6977,34,2021-07-14,38837428,32665993,6171435,4567547,34263939,5942,0
6978,34,2021-07-15,39516462,33208981,6307481,4622002,34887825,6635,0
6979,34,2021-07-16,39934673,33522527,6412146,4710758,35216630,7285,0
6980,34,2021-07-17,40351449,33830125,6521324,4771228,35572163,8058,0
6981,34,2021-07-18,40368178,33842280,6525898,4774727,35585299,8152,0
6982,34,2021-07-19,41047998,34390799,6657199,4843711,36195766,8521,0
6983,34,2021-07-20,41559223,34794693,6764530,4922270,36627835,9118,0
6984,34,2021-07-21,42034554,35196571,6837983,4960161,37064870,9523,0
6985,34,2021-07-22,42792380,35830969,6961411,5014750,37767674,9956,0
6986,34,2021-07-23,43807386,36704592,7102794,5097440,38699268,10678,0
6987,34,2021-07-24,44388727,37179632,7209095,5192481,39184917,11329,0
6988,34,2021-07-25,44412722,37199136,7213586,5197156,39204108,11458,0
6989,34,2021-07-26,45228929,37893326,7335603,5272241,39944918,11770,0
6990,34,2021-07-27,45716508,38286687,7429821,5353800,40350557,12151,0
6991,34,2021-07-28,46335570,38818090,7517480,5400406,40922437,12727,0
6992,34,2021-07-29,46779743,39184333,7595410,5451140,41315372,13231,0
6993,34,2021-07-30,47597459,39901008,7696451,5506535,42077220,13704,0
6994,34,2021-07-31,48276029,40485878,7790151,5573583,42687816,14630,0
6995,34,2021-08-01,48442455,40646488,7795967,5587002,42840356,15097,0
6996,34,2021-08-02,48820310,40954861,7865449,5642725,43162130,15455,0
6997,34,2021-08-03,51489309,43425457,8063852,5718467,45755000,15842,0
6998,34,2021-08-04,52140923,43999474,8141449,5765536,46359093,16294,0
6999,34,2021-08-05,52838552,44597018,8241534,5845086,46976536,16930,0
7000,34,2021-08-06,53294582,44973804,8320778,5937634,47339539,17409,0
7001,34,2021-08-07,53589814,45198365,8391449,6022346,47549370,18098,0
7002,34,2021-08-08,53608615,45211718,8396897,6026896,47563400,18319,0
7003,34,2021-08-09,54447724,45932488,8515236,6171089,48258007,18628,0
7004,35,2021-01-16,511,511,0,0,511,0,0
7005,35,2021-01-17,556,556,0,0,556,0,0
7006,35,2021-01-18,517,517,0,0,517,0,0
7007,35,2021-01-19,1141,1141,0,0,1141,0,0
7008,35,2021-01-20,1141,1141,0,0,1141,0,0
7009,35,2021-01-21,1874,1874,0,0,1874,0,0
7010,35,2021-01-22,3163,3163,0,0,3163,0,0
7011,35,2021-01-23,3238,3238,0,0,3238,0,0
7012,35,2021-01-24,3592,3592,0,0,3592,0,0
7013,35,2021-01-25,7969,7969,0,0,7969,0,0
7014,35,2021-01-26,8052,8052,0,0,8052,0,0
7015,35,2021-01-27,9374,9374,0,0,9374,0,0
7016,35,2021-01-28,14440,14440,0,0,14440,0,0
7017,35,2021-01-29,20864,20864,0,0,20864,0,0
7018,35,2021-01-30,23922,23922,0,0,23922,0,0
7019,35,2021-01-31,26517,26517,0,0,26517,0,0
7020,35,2021-02-01,32705,32705,0,0,32705,0,0
7021,35,2021-02-02,39523,39523,0,0,39523,0,0
7022,35,2021-02-03,50614,50614,0,0,50614,0,0
7023,35,2021-02-04,59962,59962,0,0,59962,0,0
7024,35,2021-02-05,66129,66129,0,0,66129,0,0
7025,35,2021-02-06,70338,70338,0,0,70338,0,0
7026,35,2021-02-07,71384,71384,0,0,71384,0,0
7027,35,2021-02-08,76758,76758,0,8,76750,0,0
7028,35,2021-02-09,83729,83729,0,39,83690,0,0
7029,35,2021-02-10,89655,89655,0,40,89615,0,0
7030,35,2021-02-11,97287,97287,0,40,97247,0,0
7031,35,2021-02-12,104337,104337,0,40,104297,0,0
7032,35,2021-02-13,110369,109966,403,42,109924,0,0
7033,35,2021-02-14,111986,111576,410,42,111534,0,0
7034,35,2021-02-15,119761,118110,1651,43,118067,0,0
7035,35,2021-02-16,126204,123162,3042,43,123119,0,0
7036,35,2021-02-17,131225,127874,3351,43,127831,0,0
7037,35,2021-02-18,135708,130669,5039,60,130609,0,0
7038,35,2021-02-19,143945,136557,7388,61,136496,0,0
7039,35,2021-02-20,146541,138252,8289,69,138183,0,0
7040,35,2021-02-21,146976,138670,8306,69,138601,0,0
7041,35,2021-02-22,151842,140932,10910,84,140848,0,0
7042,35,2021-02-23,155814,143357,12457,86,143271,0,0
7043,35,2021-02-24,157621,144911,12710,88,144823,0,0
7044,35,2021-02-25,161766,146325,15441,108,146217,0,0
7045,35,2021-02-26,168602,148098,20504,108,147990,0,0
7046,35,2021-02-27,168602,148098,20504,108,147990,0,0
7047,35,2021-02-28,168604,148100,20504,108,147992,0,0
7048,35,2021-03-01,168604,148100,20504,108,147992,0,0
7049,35,2021-03-02,183073,156016,27057,112,155904,0,0
7050,35,2021-03-03,194732,161695,33037,121,161574,0,0
7051,35,2021-03-04,214010,170995,43015,146,170849,0,0
7052,35,2021-03-05,231192,180506,50686,151,180355,0,0
7053,35,2021-03-06,246725,190962,55763,153,190809,0,0
7054,35,2021-03-07,247447,191538,55909,153,191385,0,0
7055,35,2021-03-08,265744,204252,61492,160,204092,0,0
7056,35,2021-03-09,228383,161046,67337,0,228358,0,0
7057,35,2021-03-10,240790,169248,71542,0,240765,0,0
7058,35,2021-03-11,242965,170797,72168,0,242940,0,0
7059,35,2021-03-12,268380,188021,80359,0,268355,0,0
7060,35,2021-03-13,284179,198622,85557,0,284154,0,0
7061,35,2021-03-14,286192,199855,86337,0,286167,0,0
7062,35,2021-03-15,312088,219454,92634,0,312063,0,0
7063,35,2021-03-16,398546,300292,98254,0,398546,0,0
7064,35,2021-03-17,459272,357365,101907,0,459272,0,0
7065,35,2021-03-18,491749,385031,106718,0,491749,0,0
7066,35,2021-03-19,523715,413175,110540,0,523715,0,0
7067,35,2021-03-20,542470,429295,113175,0,542470,0,0
7068,35,2021-03-21,545854,432481,113373,0,545854,0,0
7069,35,2021-03-22,575163,458968,116195,0,575163,0,0
7070,35,2021-03-23,604131,485452,118679,0,604131,0,0
7071,35,2021-03-24,623127,502979,120148,0,623127,0,0
7072,35,2021-03-25,651083,529381,121702,0,651083,0,0
7073,35,2021-03-26,677407,554351,123056,0,677407,0,0
7074,35,2021-03-27,691740,567912,123828,355,691385,0,0
7075,35,2021-03-28,692153,568301,123852,355,691798,0,0
7076,35,2021-03-29,692153,568301,123852,355,691798,0,0
7077,35,2021-03-30,709629,583674,125955,355,709274,0,0
7078,35,2021-03-31,729248,600464,128784,355,728893,0,0
7079,35,2021-04-01,766976,635483,131493,407,766569,0,0
7080,35,2021-04-02,819787,684342,135445,407,819380,0,0
7081,35,2021-04-03,864109,724528,139581,407,863702,0,0
7082,35,2021-04-04,911431,768440,142991,407,911024,0,0
7083,35,2021-04-05,963846,816359,147487,407,963439,0,0
7084,35,2021-04-06,1010592,859144,151448,407,1010185,0,0
7085,35,2021-04-07,1103202,943113,160089,407,1102795,0,0
7086,35,2021-04-08,1183048,1015354,167694,407,1182641,0,0
7087,35,2021-04-09,1243903,1070092,173811,407,1243496,0,0
7088,35,2021-04-10,1284053,1105047,179006,434,1283619,0,0
7089,35,2021-04-11,1309345,1127677,181668,434,1308911,0,0
7090,35,2021-04-12,1362476,1171473,191003,434,1362042,0,0
7091,35,2021-04-13,1403514,1205463,198051,434,1403080,0,0
7092,35,2021-04-14,1432533,1228701,203832,434,1432099,0,0
7093,35,2021-04-15,1467119,1254070,213049,434,1466685,0,0
7094,35,2021-04-16,1519229,1291512,227717,463,1518766,0,0
7095,35,2021-04-17,1565895,1324893,241002,463,1565432,0,0
7096,35,2021-04-18,1568659,1326852,241807,463,1568196,0,0
7097,35,2021-04-19,1628596,1367015,261581,463,1628133,0,0
7098,35,2021-04-20,1679001,1400819,278182,463,1678538,0,0
7099,35,2021-04-21,1716299,1426757,289542,463,1715836,0,0
7100,35,2021-04-22,1767643,1461317,306326,463,1767180,0,0
7101,35,2021-04-23,1810870,1491294,319576,516,1810354,0,0
7102,35,2021-04-24,1851547,1519001,332546,711,1850836,0,0
7103,35,2021-04-25,1868785,1531495,337290,833,1867952,0,0
7104,35,2021-04-26,1919534,1564510,355024,1219,1918315,0,0
7105,35,2021-04-27,1953190,1587147,366043,1639,1951551,0,0
7106,35,2021-04-28,1992077,1612469,379608,2003,1990074,0,0
7107,35,2021-04-29,2036059,1639998,396061,2444,2033615,0,0
7108,35,2021-04-30,2079214,1665065,414149,3102,2076112,0,0
7109,35,2021-05-01,2099055,1674974,424081,3527,2095528,0,0
7110,35,2021-05-02,2105869,1677900,427969,3951,2101918,0,0
7111,35,2021-05-03,2117345,1683130,434215,5133,2112212,0,0
7112,35,2021-05-04,2149462,1695482,453980,6110,2143352,0,0
7113,35,2021-05-05,2197687,1712874,484813,6747,2190940,0,0
7114,35,2021-05-06,2256480,1734466,522014,7324,2249156,0,0
7115,35,2021-05-07,2307663,1753256,554407,7944,2299719,0,0
7116,35,2021-05-08,2349729,1768741,580988,8487,2341242,0,0
7117,35,2021-05-09,2373371,1777937,595434,8879,2364492,0,0
7118,35,2021-05-10,2445484,1813356,632128,9669,2435815,0,0
7119,35,2021-05-11,2511832,1850845,660987,10417,2501415,0,0
7120,35,2021-05-12,2546600,1880013,666587,11296,2535304,0,0
7121,35,2021-05-13,2578678,1907366,671312,13800,2564878,0,0
7122,35,2021-05-14,2613490,1937336,676154,21675,2591815,0,0
7123,35,2021-05-15,2645339,1964930,680409,30551,2614788,0,0
7124,35,2021-05-16,2663086,1982530,680556,37474,2625612,0,0
7125,35,2021-05-17,2691931,2011224,680707,44935,2646996,0,0
7126,35,2021-05-18,2715141,2034375,680766,50188,2664953,0,0
7127,35,2021-05-19,2727448,2046650,680798,52181,2675267,0,0
7128,35,2021-05-20,2744103,2063198,680905,54272,2689831,0,0
7129,35,2021-05-21,2759084,2078139,680945,55506,2703578,0,0
7130,35,2021-05-22,2772880,2091853,681027,56585,2716295,0,0
7131,35,2021-05-23,2783836,2102721,681115,57124,2726712,0,0
7132,35,2021-05-24,2807770,2126366,681404,58138,2749632,0,0
7133,35,2021-05-25,2829587,2147806,681781,59529,2770058,0,0
7134,35,2021-05-26,2838290,2156373,681917,60259,2778031,0,0
7135,35,2021-05-27,2857400,2175239,682161,61450,2795950,0,0
7136,35,2021-05-28,2875266,2192644,682622,64031,2811235,0,0
7137,35,2021-05-29,2891355,2208274,683081,68081,2823274,0,0
7138,35,2021-05-30,2901614,2218328,683286,72443,2829171,0,0
7139,35,2021-05-31,2919103,2235181,683922,78122,2840981,0,0
7140,35,2021-06-01,2932620,2248175,684445,83441,2849179,0,0
7141,35,2021-06-02,2944942,2259962,684980,87973,2856969,0,0
7142,35,2021-06-03,2962710,2277114,685596,94546,2868164,0,0
7143,35,2021-06-04,2988289,2301935,686354,100401,2887888,0,0
7144,35,2021-06-05,3025671,2338708,686963,106545,2919126,0,0
7145,35,2021-06-06,3050222,2362816,687406,110541,2939681,0,0
7146,35,2021-06-07,3084855,2396288,688567,117801,2967054,0,0
7147,35,2021-06-08,3118649,2429187,689462,125431,2993218,0,0
7148,35,2021-06-09,3156637,2466183,690454,132588,3024049,0,0
7149,35,2021-06-10,3207393,2515957,691436,142111,3065282,0,0
7150,35,2021-06-11,3250658,2558034,692624,150438,3100220,0,0
7151,35,2021-06-12,3285612,2590812,694800,155964,3129648,0,0
7152,35,2021-06-13,3320539,2622029,698510,159776,3160763,0,0
7153,35,2021-06-14,3377012,2671224,705788,166784,3210228,0,0
7154,35,2021-06-15,3419105,2705277,713828,175439,3243666,0,0
7155,35,2021-06-16,3444654,2725505,719149,181875,3262779,0,0
7156,35,2021-06-17,3477183,2752271,724912,186337,3290846,0,0
7157,35,2021-06-18,3515649,2786799,728850,189344,3326305,0,0
7158,35,2021-06-19,3541936,2809750,732186,192539,3349397,0,0
7159,35,2021-06-20,3556154,2821983,734171,194170,3361984,0,0
7160,35,2021-06-21,3676500,2938547,737953,196058,3480442,0,0
7161,35,2021-06-22,3799085,3056963,742122,197750,3601335,0,0
7162,35,2021-06-23,3922340,3176320,746020,199599,3722741,0,0
7163,35,2021-06-24,4026451,3274993,751458,200809,3825642,0,0
7164,35,2021-06-25,4124177,3365897,758280,202104,3922073,0,0
7165,35,2021-06-26,4193872,3425878,767994,204157,3989715,0,0
7166,35,2021-06-27,4214564,3443111,771453,206539,4008025,0,0
7167,35,2021-06-28,4262996,3478499,784497,209537,4053459,0,0
7168,35,2021-06-29,4339656,3536398,803258,218034,4121622,0,0
7169,35,2021-06-30,4401789,3579832,821957,224605,4177184,0,0
7170,35,2021-07-01,4446547,3609832,836715,231811,4214736,0,0
7171,35,2021-07-02,4479447,3631790,847657,241475,4237972,0,0
7172,35,2021-07-03,4527294,3664283,863011,253945,4273349,0,0
7173,35,2021-07-04,4588910,3710330,878580,269819,4319091,0,0
7174,35,2021-07-05,4687985,3774218,913767,288117,4399868,0,0
7175,35,2021-07-06,4762569,3821058,941511,304319,4458250,0,0
7176,35,2021-07-07,4801508,3843884,957624,313394,4488114,0,0
7177,35,2021-07-08,4836289,3865405,970884,321896,4514393,0,0
7178,35,2021-07-09,4864248,3882032,982216,330103,4534145,0,0
7179,35,2021-07-10,4889320,3899297,990023,340885,4548435,0,0
7180,35,2021-07-11,4907160,3913957,993203,354819,4552341,0,0
7181,35,2021-07-12,4931083,3930208,1000875,369798,4561285,0,0
7182,35,2021-07-13,4960171,3938366,1021805,376207,4583964,0,0
7183,35,2021-07-14,5024419,3968209,1056210,384542,4639877,0,0
7184,35,2021-07-15,5092396,3992311,1100085,393143,4699253,0,0
7185,35,2021-07-16,5145220,4014316,1130904,399141,4746079,0,0
7186,35,2021-07-17,5201427,4035902,1165525,405293,4796134,0,0
7187,35,2021-07-18,5230315,4052712,1177603,407336,4822979,0,0
7188,35,2021-07-19,5298863,4088662,1210201,412692,4886171,0,0
7189,35,2021-07-20,5373777,4132892,1240885,417042,4956735,0,0
7190,35,2021-07-21,5405942,4150600,1255342,418647,4987295,0,0
7191,35,2021-07-22,5448544,4169098,1279446,421716,5026828,0,0
7192,35,2021-07-23,5498462,4195409,1303053,424127,5074335,0,0
7193,35,2021-07-24,5526721,4210352,1316369,427429,5099292,0,0
7194,35,2021-07-25,5537425,4213887,1323538,427797,5109628,0,0
7195,35,2021-07-26,5573723,4229473,1344250,429982,5143741,0,0
7196,35,2021-07-27,5615998,4248420,1367578,432579,5183419,0,0
7197,35,2021-07-28,5648690,4268486,1380204,434711,5213979,0,0
7198,35,2021-07-29,5742959,4346421,1396538,437740,5305219,0,0
7199,35,2021-07-30,5831817,4413409,1418408,442345,5389472,0,0
7200,35,2021-07-31,5906990,4470779,1436211,448301,5458689,0,0
7201,35,2021-08-01,6002377,4557653,1444724,454701,5547676,0,0
7202,35,2021-08-02,6089182,4625366,1463816,461960,5627222,0,0
7203,35,2021-08-03,6165004,4682015,1482989,467267,5697737,0,0
7204,35,2021-08-04,6272010,4768578,1503432,471743,5800267,0,0
7205,35,2021-08-05,6369471,4842044,1527427,480083,5889388,0,0
7206,35,2021-08-06,6424278,4882166,1542112,483068,5941210,0,0
7207,35,2021-08-07,6598224,5023301,1574923,493188,6105036,0,0
7208,35,2021-08-08,6625373,5041919,1583454,498443,6126930,0,0
7209,35,2021-08-09,6667116,5070544,1596572,502376,6164740,0,0
7210,36,2021-01-16,1917,1917,0,0,1917,0,0
7211,36,2021-01-17,2085,2085,0,0,2085,0,0
7212,36,2021-01-18,5060,5060,0,0,5060,0,0
7213,36,2021-01-19,12364,12364,0,0,12364,0,0
7214,36,2021-01-20,14624,14624,0,0,14624,0,0
7215,36,2021-01-21,20206,20206,0,0,20206,0,0
7216,36,2021-01-22,41970,41970,0,0,41970,0,0
7217,36,2021-01-23,43180,43180,0,0,43180,0,0
7218,36,2021-01-24,46143,46143,0,0,46143,0,0
7219,36,2021-01-25,87815,87815,0,0,87815,0,0
7220,36,2021-01-26,88627,88627,0,0,88627,0,0
7221,36,2021-01-27,130937,130937,0,0,130937,0,0
7222,36,2021-01-28,161415,161415,0,0,161415,0,0
7223,36,2021-01-29,191566,191566,0,0,191566,0,0
7224,36,2021-01-30,214018,214018,0,0,214018,0,0
7225,36,2021-01-31,214256,214256,0,0,214256,0,0
7226,36,2021-02-01,238178,238178,0,0,238178,0,0
7227,36,2021-02-02,259341,259341,0,0,259341,0,0
7228,36,2021-02-03,271828,271828,0,44,271784,0,0
7229,36,2021-02-04,290908,290908,0,115,290793,0,0
7230,36,2021-02-05,314065,314065,0,185,313880,0,0
7231,36,2021-02-06,323825,323825,0,238,323587,0,0
7232,36,2021-02-07,323859,323859,0,238,323621,0,0
7233,36,2021-02-08,346113,346113,0,688,345425,0,0
7234,36,2021-02-09,372621,372621,0,1935,370686,0,0
7235,36,2021-02-10,396442,396442,0,3278,393164,0,0
7236,36,2021-02-11,421678,421678,0,4771,416907,0,0
7237,36,2021-02-12,451987,451987,0,7600,444387,0,0
7238,36,2021-02-13,481827,480743,1084,10798,469945,0,0
7239,36,2021-02-14,485365,484229,1136,11774,472455,0,0
7240,36,2021-02-15,525918,519678,6240,15762,503916,0,0
7241,36,2021-02-16,528075,521537,6538,16238,505299,0,0
7242,36,2021-02-17,551037,538752,12285,19050,519702,0,0
7243,36,2021-02-18,563290,544667,18623,23610,521057,0,0
7244,36,2021-02-19,632088,596408,35680,28205,568203,0,0
7245,36,2021-02-20,664855,620329,44526,33376,586953,0,0
7246,36,2021-02-21,669761,625050,44711,35367,589683,0,0
7247,36,2021-02-22,726880,662851,64029,44461,618390,0,0
7248,36,2021-02-23,788276,712116,76160,57820,654296,0,0
7249,36,2021-02-24,873017,778861,94156,72499,706362,0,0
7250,36,2021-02-25,978851,864083,114768,90503,773580,0,0
7251,36,2021-02-26,1092729,953882,138847,109727,844155,0,0
7252,36,2021-02-27,1092729,953882,138847,109727,844155,0,0
7253,36,2021-02-28,1092729,953882,138847,109727,844155,0,0
7254,36,2021-03-01,1092729,953882,138847,109727,844155,0,0
7255,36,2021-03-02,1170037,1012276,157761,120556,891720,0,0
7256,36,2021-03-03,1261351,1081891,179460,129822,952069,0,0
7257,36,2021-03-04,1352180,1151159,201021,138714,1012445,0,0
7258,36,2021-03-05,1448516,1226222,222294,147504,1078718,0,0
7259,36,2021-03-06,1537566,1299938,237628,156379,1143559,0,0
7260,36,2021-03-07,1547453,1308982,238471,157046,1151936,0,0
7261,36,2021-03-08,1684182,1424182,260000,167152,1257030,0,0
7262,36,2021-03-09,1596681,1312737,283944,179346,1417240,0,0
7263,36,2021-03-10,1730915,1426418,304497,187763,1543057,0,0
7264,36,2021-03-11,1801974,1486241,315733,191682,1610193,0,0
7265,36,2021-03-12,1983003,1641083,341920,201849,1781055,0,0
7266,36,2021-03-13,2104249,1742140,362109,208534,1895615,0,0
7267,36,2021-03-14,2117985,1753914,364071,209422,1908463,0,0
7268,36,2021-03-15,2353011,1958513,394498,221521,2131390,0,0
7269,36,2021-03-16,2818171,2400215,417956,234263,2583908,0,0
7270,36,2021-03-17,3121794,2688119,433675,254897,2866897,0,0
7271,36,2021-03-18,3260568,2808898,451670,264813,2995755,0,0
7272,36,2021-03-19,3561127,3086159,474968,281268,3279859,0,0
7273,36,2021-03-20,3758013,3263416,494597,301990,3456023,0,0
7274,36,2021-03-21,3791481,3294084,497397,307460,3484021,0,0
7275,36,2021-03-22,4029095,3505433,523662,333598,3695497,0,0
7276,36,2021-03-23,4284851,3727569,557282,371779,3913072,0,0
7277,36,2021-03-24,4428925,3850626,578299,396831,4032094,0,0
7278,36,2021-03-25,4577280,3976580,600700,418638,4158642,0,0
7279,36,2021-03-26,4883468,4261110,622358,446642,4436826,0,0
7280,36,2021-03-27,5082386,4448531,633855,463250,4619136,0,0
7281,36,2021-03-28,5087735,4453685,634050,463391,4624344,0,0
7282,36,2021-03-29,5110946,4475456,635490,467291,4643655,0,0
7283,36,2021-03-30,5323718,4671332,652386,486308,4837410,0,0
7284,36,2021-03-31,5467439,4798424,669015,502999,4964440,0,0
7285,36,2021-04-01,5614451,4932709,681742,515820,5098631,0,0
7286,36,2021-04-02,5796984,5103078,693906,530967,5266017,0,0
7287,36,2021-04-03,5967900,5260046,707854,543432,5424468,0,0
7288,36,2021-04-04,6148158,5427490,720668,556008,5592150,0,0
7289,36,2021-04-05,6396475,5657151,739324,572148,5824327,0,0
7290,36,2021-04-06,6639763,5881580,758183,589806,6049957,0,0
7291,36,2021-04-07,7020613,6222811,797802,626747,6393866,0,0
7292,36,2021-04-08,7311686,6465014,846672,663838,6647848,0,0
7293,36,2021-04-09,7673269,6783892,889377,710993,6962276,0,0
7294,36,2021-04-10,7891168,6972586,918582,753017,7138151,0,0
7295,36,2021-04-11,7982276,7051017,931259,776483,7205793,0,0
7296,36,2021-04-12,8224788,7241680,983108,835631,7389157,0,0
7297,36,2021-04-13,8345059,7328009,1017050,872814,7472245,0,0
7298,36,2021-04-14,8442892,7398413,1044479,896362,7546530,0,0
7299,36,2021-04-15,8468805,7415379,1053426,903609,7565196,0,0
7300,36,2021-04-16,8608782,7499090,1109692,930115,7678667,0,0
7301,36,2021-04-17,8739716,7577053,1162663,953764,7785952,0,0
7302,36,2021-04-18,8764150,7593056,1171094,960216,7803934,0,0
7303,36,2021-04-19,8976141,7701111,1275030,986681,7989460,0,0
7304,36,2021-04-20,9209694,7830594,1379100,1007847,8201847,0,0
7305,36,2021-04-21,9396068,7934464,1461604,1026194,8369874,0,0
7306,36,2021-04-22,9558233,8024582,1533651,1041310,8516923,0,0
7307,36,2021-04-23,9780255,8139244,1641011,1060048,8720207,0,0
7308,36,2021-04-24,9938423,8227116,1711307,1075009,8863414,0,0
7309,36,2021-04-25,9969252,8243729,1725523,1078588,8890664,0,0
7310,36,2021-04-26,10228994,8363314,1865680,1096741,9132253,0,0
7311,36,2021-04-27,10437665,8467133,1970532,1119849,9317816,0,0
7312,36,2021-04-28,10630769,8539976,2090793,1136359,9494410,0,0
7313,36,2021-04-29,10781641,8596240,2185401,1150817,9630824,0,0
7314,36,2021-04-30,10971948,8662227,2309721,1171721,9800227,0,0
7315,36,2021-05-01,11058053,8689947,2368106,1177124,9880929,0,0
7316,36,2021-05-02,11066324,8692844,2373480,1177581,9888743,0,0
7317,36,2021-05-03,11256097,8725020,2531077,1191584,10064513,0,0
7318,36,2021-05-04,11409897,8750404,2659493,1204436,10205461,0,0
7319,36,2021-05-05,11506727,8764695,2742032,1214446,10292281,0,0
7320,36,2021-05-06,11594723,8777268,2817455,1226791,10367932,0,0
7321,36,2021-05-07,11839680,8808010,3031670,1246103,10593577,0,0
7322,36,2021-05-08,11952404,8823763,3128641,1260663,10691741,0,0
7323,36,2021-05-09,11963861,8825922,3137939,1262952,10700909,0,0
7324,36,2021-05-10,12108661,8844778,3263883,1293385,10815276,0,0
7325,36,2021-05-11,12226878,8862487,3364391,1325190,10901688,0,0
7326,36,2021-05-12,12408070,8890679,3517391,1350173,11057897,0,0
7327,36,2021-05-13,12562690,8916777,3645913,1372847,11189843,0,0
7328,36,2021-05-14,12609247,8929070,3680177,1381997,11227250,0,0
7329,36,2021-05-15,12673069,8955081,3717988,1395568,11277501,0,0
7330,36,2021-05-16,12678649,8958736,3719913,1396978,11281671,0,0
7331,36,2021-05-17,12741310,9001376,3739934,1421802,11319508,0,0
7332,36,2021-05-18,12805341,9046876,3758465,1445968,11359373,0,0
7333,36,2021-05-19,12869283,9095356,3773927,1466740,11402543,0,0
7334,36,2021-05-20,12933777,9145955,3787822,1484996,11448781,0,0
7335,36,2021-05-21,13005623,9202262,3803361,1503944,11501679,0,0
7336,36,2021-05-22,13088982,9274004,3814978,1521690,11567292,0,0
7337,36,2021-05-23,13144472,9329018,3815454,1524873,11619599,0,0
7338,36,2021-05-24,13334185,9506802,3827383,1547037,11787148,0,0
7339,36,2021-05-25,13492633,9656735,3835898,1562731,11929902,0,0
7340,36,2021-05-26,13555378,9718236,3837142,1565037,11990341,0,0
7341,36,2021-05-27,13729739,9887152,3842587,1576360,12153379,0,0
7342,36,2021-05-28,13993297,10141006,3852291,1596844,12396453,0,0
7343,36,2021-05-29,14271067,10407006,3864061,1619084,12651983,0,0
7344,36,2021-05-30,14412969,10547015,3865954,1625834,12787135,0,0
7345,36,2021-05-31,14718135,10838457,3879678,1650999,13067136,0,0
7346,36,2021-06-01,14969157,11075394,3893763,1677903,13291254,0,0
7347,36,2021-06-02,15186412,11283299,3903113,1693274,13493138,0,0
7348,36,2021-06-03,15430414,11514760,3915654,1712330,13718084,0,0
7349,36,2021-06-04,15726490,11795260,3931230,1749972,13976518,0,0
7350,36,2021-06-05,16031152,12090072,3941080,1806377,14224775,0,0
7351,36,2021-06-06,16149949,12206706,3943243,1825771,14324178,0,0
7352,36,2021-06-07,16453879,12492937,3960942,1878776,14575103,0,0
7353,36,2021-06-08,16717047,12742698,3974349,1931666,14785235,146,0
7354,36,2021-06-09,16940919,12954543,3986376,1985988,14954421,510,0
7355,36,2021-06-10,17139018,13143096,3995922,2038350,15099782,886,0
7356,36,2021-06-11,17382133,13364800,4017333,2098522,15282450,1161,0
7357,36,2021-06-12,17600439,13561818,4038621,2140344,15458867,1228,0
7358,36,2021-06-13,17657700,13615740,4041960,2149099,15507373,1228,0
7359,36,2021-06-14,17867444,13798076,4069368,2193516,15672624,1304,0
7360,36,2021-06-15,18123718,14013951,4109767,2238508,15883827,1383,0
7361,36,2021-06-16,18249050,14127403,4121647,2261779,15985720,1551,0
7362,36,2021-06-17,18431037,14282047,4148990,2295128,16134246,1663,0
7363,36,2021-06-18,18645621,14455315,4190306,2331892,16311944,1785,0
7364,36,2021-06-19,18937419,14677149,4260270,2362542,16572939,1938,0
7365,36,2021-06-20,19010947,14736671,4274276,2364785,16644224,1938,0
7366,36,2021-06-21,19349842,14997560,4352282,2390176,16957510,2156,0
7367,36,2021-06-22,19667535,15251854,4415681,2411607,17253543,2385,0
7368,36,2021-06-23,20022881,15536230,4486651,2430079,17590248,2554,0
7369,36,2021-06-24,20352923,15798841,4554082,2453856,17896337,2730,0
7370,36,2021-06-25,20739972,16098954,4641018,2480444,18256536,2992,0
7371,36,2021-06-26,21043842,16320306,4723536,2505880,18534735,3227,0
7372,36,2021-06-27,21128717,16382560,4746157,2518472,18607018,3227,0
7373,36,2021-06-28,21427071,16563389,4863682,2559818,18863698,3555,0
7374,36,2021-06-29,21711965,16729378,4982587,2621541,19086502,3922,0
7375,36,2021-06-30,21889622,16833029,5056593,2664980,19220094,4548,0
7376,36,2021-07-01,22009840,16900071,5109769,2692776,19311955,5109,0
7377,36,2021-07-02,22319689,17019095,5300594,2738013,19576144,5532,0
7378,36,2021-07-03,22591117,17135494,5455623,2784951,19800258,5908,0
7379,36,2021-07-04,22660276,17165989,5494287,2795670,19858613,5993,0
7380,36,2021-07-05,22960000,17285927,5674073,2852363,20101114,6523,0
7381,36,2021-07-06,23205213,17382673,5822540,2904258,20293503,7452,0
7382,36,2021-07-07,23366652,17454711,5911941,2947253,20411092,8307,0
7383,36,2021-07-08,23612813,17550438,6062375,2995004,20608393,9416,0
7384,36,2021-07-09,23853229,17633240,6219989,3042142,20800282,10805,0
7385,36,2021-07-10,24068021,17705150,6362871,3084231,20971389,12401,0
7386,36,2021-07-11,24157577,17733441,6424136,3095017,21049349,13211,0
7387,36,2021-07-12,24356550,17798311,6558239,3119797,21222456,14297,0
7388,36,2021-07-13,24586285,17895909,6690376,3153184,21417407,15694,0
7389,36,2021-07-14,25034355,18136147,6898208,3190736,21826444,17175,0
7390,36,2021-07-15,25273258,18247452,7025806,3220075,22034806,18377,0
7391,36,2021-07-16,25609415,18379397,7230018,3263712,22325946,19757,0
7392,36,2021-07-17,26000121,18540516,7459605,3304518,22674337,21266,0
7393,36,2021-07-18,26098053,18590094,7507959,3313982,22761934,22137,0
7394,36,2021-07-19,26425090,18750894,7674196,3342560,23059050,23480,0
7395,36,2021-07-20,26685478,18892232,7793246,3363309,23297522,24647,0
7396,36,2021-07-21,26778393,18951477,7826916,3370318,23382356,25719,0
7397,36,2021-07-22,26997115,19069566,7927549,3392459,23578112,26544,0
7398,36,2021-07-23,27340804,19261651,8079153,3412775,23900660,27369,0
7399,36,2021-07-24,27681733,19487241,8194492,3430404,24223096,28233,0
7400,36,2021-07-25,27759330,19549132,8210198,3434955,24295831,28544,0
7401,36,2021-07-26,28065385,19762581,8302804,3448598,24587210,29577,0
7402,36,2021-07-27,28332814,19956751,8376063,3472111,24829896,30807,0
7403,36,2021-07-28,28597528,20136326,8461202,3517726,25048058,31744,0
7404,36,2021-07-29,28826431,20302042,8524389,3554570,25239091,32770,0
7405,36,2021-07-30,29150043,20538959,8611084,3593435,25523065,33543,0
7406,36,2021-07-31,29518698,20837318,8681380,3629962,25854094,34642,0
7407,36,2021-08-01,29805755,21101118,8704637,3661129,26108766,35860,0
7408,36,2021-08-02,30244279,21455703,8788576,3701650,26505974,36655,0
7409,36,2021-08-03,30676340,21816275,8860065,3743756,26894981,37603,0
7410,36,2021-08-04,30970620,22061792,8908828,3782029,27150133,38458,0
7411,36,2021-08-05,31371174,22401043,8970131,3868710,27463266,39198,0
7412,36,2021-08-06,31774086,22745949,9028137,3990579,27743329,40178,0
7413,36,2021-08-07,32029325,22959053,9070272,4077069,27910835,41421,0
7414,36,2021-08-08,32098768,23017864,9080904,4091163,27965147,42458,0
7415,36,2021-08-09,32390378,23257417,9132961,4168230,28178632,43516,0
